Destination_ID,Destination_Name,State,City,Category,Description,Best_Season,Avoid_Season,Ideal_Duration_Days,Budget_Category,Budget_Per_Person_INR,Hotel_Cost_Per_Night_INR,Food_Cost_Per_Day_INR,Local_Transport_Cost_INR,Family_Friendly,Couple_Friendly,Solo_Friendly,Friends_Friendly,Kids_Friendly,Senior_Citizen_Friendly,Adventure_Level,Nature_Score,Historical_Score,Religious_Score,Shopping_Score,Nightlife_Score,Safety_Score,Cleanliness_Score,Accessibility,Average_Temperature_C,Rainfall_Level,Altitude_Meters,UNESCO_Heritage,Nearest_Airport,Nearest_Railway,Latitude,Longitude,Rating,Number_of_Reviews,Popular_Activities,Nearby_Attractions,Recommended_Months,Languages_Spoken,Famous_For,Suitable_For,Parking_Available,Pet_Friendly,Wheelchair_Accessible,Eco_Tourism,Image_URL
1,Ooty,Tamil Nadu,Ooty,National Park,Popular tourist destination,Winter,Summer,5,Luxury,250,3000,500.0,616,no,yes,Y,YES,NO,NO,3,7,10,9,4.0,,1,1,NA,7,Medium,2008,N,Airport,Railway Station,11.392258,88.95292,3.6,47621,"Sightseeing, Photography",Local Market,Jan-Mar,"Hindi, English",Tourism,Other,yes,yes,Yes,NO,https://example.com/image.jpg
2,Varanasi Ghats,Uttar Pradesh,Varanasi,Waterfall,Popular tourist destination,Winter,Summer,5,Unknown,5000,3000,500.0,385,No,No,Yes,no,no,YES,2,6,8,5,4.0,,1,7,Difficult,10,High,560,yes,,Railway Station,10.607699,91.274077,4.0,7138,"Sightseeing, Photography",Local Market,"Nov, Dec","Hindi, English",Tourism,Luxury Travelers,Y,Y,Yes,NO,https://example.com/image.jpg
3,Ooty,Tamil Nadu,Ooty,Waterfall,Popular tourist destination,Winter,Summer,5 Days,Luxury,5000,30000,1000.0,1063,yes,yes,yes,N,Yes,No,6,10,6,2,4.0,2.0,6,7,Easy,15,Medium,1939,NO,Airport,Railway Station,29.85905,89.82186,3.9,11065,"Sightseeing, Photography",Local Market,January to March,"Hindi, English",Tourism,Senior Citizens,No,Y,N,No,https://example.com/image.jpg
4,Manali,Himachal Pradesh,Manali,Fort,Popular tourist destination,Winter,Summer,Five Days,Unknown,5000,3000,,1153,Y,Yes,YES,Y,N,Yes,1,3,3,2,5.0,,8,5,NA,14,Medium,379,YES,Airport,Railway Station,26.307404,75.243198,4.1,15730,"Sightseeing, Photography",Local Market,Apr-Jun,"Hindi, English",Tourism,Friends,yes,No,YES,YES,https://example.com/image.jpg
5,Varanasi Ghats,Uttar Pradesh,Varanasi,Palace,Popular tourist destination,Winter,Summer,5,High,999999,3000,500.0,475,no,Y,Y,YES,no,No,6,5,9,3,,,1,3,Moderate,32,Medium,2079,YES,,Railway Station,26.771093,75.549207,2.7,25838,"Sightseeing, Photography",Local Market,"Nov, Dec","Hindi, English",Tourism,Family,No,Yes,No,N,https://example.com/image.jpg
6,Munnar,Kerala,Munnar,Religious,Popular tourist destination,Winter,Summer,5,Low,5000,1500,200.0,520,Yes,NO,Y,YES,NO,Y,2,9,8,7,,10.0,7,6,NA,11,High,566,yes,Airport,Railway Station,9.430634,86.300327,3.7,48511,"Sightseeing, Photography",Local Market,"Nov, Dec","Hindi, English",Tourism,Senior Citizens,Yes,Yes,N,Yes,https://example.com/image.jpg
7,Manali,Himachal Pradesh,Manali,Pilgrimage,Popular tourist destination,Winter,Summer,5 Days,Low,250,30000,1000.0,1887,YES,no,yes,yes,NO,yes,2,6,8,10,8.0,,6,6,Easy,5,Medium,1264,YES,Airport,Railway Station,,79.033532,3.3,37552,"Sightseeing, Photography",Local Market,,"Hindi, English",Tourism,Solo,Yes,N,NO,no,https://example.com/image.jpg
8,Amritsar,Punjab,Amritsar,Wildlife,Popular tourist destination,Winter,Summer,Five Days,Low,12000,30000,,1450,No,NO,No,no,NO,no,6,7,2,5,1.0,,8,10,Difficult,19,Medium,1723,Yes,Airport,Railway Station,29.841085,69.040573,3.1,47524,"Sightseeing, Photography",Local Market,Apr-Jun,"Hindi, English",Tourism,Couple,yes,N,NO,N,https://example.com/image.jpg
9,Amritsar,Punjab,Amritsar,Nature,Popular tourist destination,Winter,Summer,5,Unknown,250,30000,500.0,1148,No,YES,NO,Y,Y,No,6,5,8,10,10.0,7.0,1,4,NA,12,Medium,1596,N,Airport,Railway Station,27.212991,89.131791,3.1,41033,"Sightseeing, Photography",Local Market,Apr-Jun,"Hindi, English",Tourism,Couple,yes,N,No,Yes,https://example.com/image.jpg
10,Munnar,Kerala,Munnar,Historical,Popular tourist destination,Winter,Summer,05 Days,Luxury,999999,100,200.0,748,NO,Yes,no,Yes,yes,N,1,6,10,1,8.0,,2,5,NA,15,Low,1598,Yes,Airport,Railway Station,24.552892,80.266788,4.0,19603,"Sightseeing, Photography",Local Market,Apr-Jun,"Hindi, English",Tourism,Senior Citizens,NO,Y,N,yes,https://example.com/image.jpg
11,Munnar,Kerala,Munnar,Hill Station,Popular tourist destination,Winter,Summer,5 Days,Unknown,12000,1500,1000.0,359,YES,No,yes,No,No,Y,0,10,10,4,7.0,,4,8,Moderate,33,Medium,2853,yes,Airport,Railway Station,,,3.1,21370,"Sightseeing, Photography",Local Market,"Nov, Dec","Hindi, English",Tourism,Friends,N,no,no,yes,https://example.com/image.jpg
12,Varanasi Ghats,Uttar Pradesh,Varanasi,Lake,Popular tourist destination,Winter,Summer,05 Days,Low,12000,30000,500.0,199,N,no,YES,NO,N,Yes,5,1,2,4,2.0,10.0,9,6,Moderate,32,High,2338,NO,Airport,Railway Station,30.507424,79.989092,4.9,16821,"Sightseeing, Photography",Local Market,"Nov, Dec","Hindi, English",Tourism,Backpackers,yes,yes,N,no,https://example.com/image.jpg
13,Mysuru Palace,Karnataka,Mysuru,Waterfall,Popular tourist destination,Winter,Summer,Five Days,Luxury,5000,3000,500.0,908,yes,NO,yes,Yes,Y,Y,5,6,9,1,,,6,5,Easy,20,Medium,1976,no,Airport,Railway Station,31.97602,85.815656,,36025,"Sightseeing, Photography",Local Market,Winter,"Hindi, English",Tourism,Family,yes,NO,YES,yes,https://example.com/image.jpg
14,Amritsar,Punjab,Amritsar,Island,Popular tourist destination,Winter,Summer,5,Low,12000,1500,,1536,no,NO,no,No,N,YES,7,1,4,7,,2.0,3,5,Moderate,26,Medium,2869,Y,,Railway Station,,93.573672,2.8,16975,"Sightseeing, Photography",Local Market,Jan-Mar,"Hindi, English",Tourism,Solo,N,NO,yes,NO,https://example.com/image.jpg
15,Varanasi Ghats,Uttar Pradesh,Varanasi,Fort,Popular tourist destination,Winter,Summer,5,Luxury,250,100,1000.0,505,YES,Y,Y,NO,N,N,4,3,2,9,7.0,3.0,5,5,Difficult,33,High,571,YES,Airport,Railway Station,14.107558,79.687064,4.0,4554,"Sightseeing, Photography",Local Market,Winter,"Hindi, English",Tourism,Family,Y,NO,Y,NO,https://example.com/image.jpg
16,Jaipur,rajasthan,Jaipur,Adventure,Popular tourist destination,Winter,Summer,5 Days,Medium,12000,100,1000.0,454,N,NO,Yes,Yes,Y,NO,7,3,1,4,,,6,6,NA,33,Low,3166,Yes,Airport,Railway Station,27.938198,79.034296,4.9,644,"Sightseeing, Photography",Local Market,Winter,"Hindi, English",Tourism,Couple,YES,YES,Y,N,https://example.com/image.jpg
17,Amritsar,Punjab,Amritsar,Pilgrimage,Popular tourist destination,Winter,Summer,5 Days,Luxury,999999,1500,200.0,898,yes,Y,Y,NO,N,yes,0,2,1,5,7.0,,3,5,Difficult,17,High,568,YES,Airport,Railway Station,8.613491,70.646944,4.9,37128,"Sightseeing, Photography",Local Market,,"Hindi, English",Tourism,Family,NO,N,No,no,https://example.com/image.jpg
18,Varanasi Ghats,Uttar Pradesh,Varanasi,Desert,Popular tourist destination,Winter,Summer,05 Days,Low,999999,3000,,565,No,N,N,Yes,N,no,0,6,2,6,9.0,4.0,10,9,Easy,18,High,450,No,Airport,Railway Station,26.131975,95.905583,2.9,2303,"Sightseeing, Photography",Local Market,Jan-Mar,"Hindi, English",Tourism,Couple,YES,No,NO,Yes,https://example.com/image.jpg
19,Munnar,Kerala,Munnar,National Park,Popular tourist destination,Winter,Summer,Five Days,Luxury,5000,1500,200.0,607,N,Yes,Y,NO,YES,No,6,1,9,1,,,6,9,Moderate,6,High,2977,NO,,Railway Station,32.340217,90.56168,3.4,1318,"Sightseeing, Photography",Local Market,Jan-Mar,"Hindi, English",Tourism,Family,N,Yes,NO,NO,https://example.com/image.jpg
20,Goa Beaches,Goa,Panaji,Historical,Popular tourist destination,Winter,Summer,Five Days,High,5000,30000,500.0,1259,YES,Y,N,Y,Yes,No,6,3,4,9,,,9,8,Difficult,31,High,1161,no,Airport,Railway Station,14.372652,80.452108,2.5,49904,"Sightseeing, Photography",Local Market,,"Hindi, English",Tourism,Other,Y,N,no,N,https://example.com/image.jpg
21,Varanasi Ghats,Uttar Pradesh,Varanasi,Wildlife,Popular tourist destination,Winter,Summer,05 Days,Medium,12000,1500,1000.0,1182,YES,N,Y,NO,NO,N,6,9,10,1,7.0,,7,2,Moderate,8,High,2107,NO,Airport,Railway Station,14.050469,94.119622,3.7,5139,"Sightseeing, Photography",Local Market,Winter,"Hindi, English",Tourism,Other,yes,yes,N,Yes,https://example.com/image.jpg
22,Manali,Himachal Pradesh,Manali,National Park,Popular tourist destination,Winter,Summer,05 Days,Luxury,250,30000,,948,NO,no,yes,No,NO,NO,5,6,8,10,9.0,,7,9,NA,29,High,1973,yes,Airport,Railway Station,8.602772,88.766826,,45520,"Sightseeing, Photography",Local Market,"Nov, Dec","Hindi, English",Tourism,Solo,N,Y,no,yes,https://example.com/image.jpg
23,Ooty,Tamil Nadu,Ooty,Palace,,Winter,Summer,05 Days,Unknown,5000,3000,1000.0,451,Y,Yes,N,No,No,NO,0,4,10,9,7.0,,6,2,Easy,18,Low,2319,NO,Airport,Railway Station,13.610863,96.117091,4.5,17507,"Sightseeing, Photography",Local Market,Jan-Mar,"Hindi, English",Tourism,Backpackers,NO,YES,N,NO,https://example.com/image.jpg
24,Manali,Himachal Pradesh,Manali,Adventure,Popular tourist destination,Winter,Summer,5,High,5000,3000,200.0,1709,no,no,yes,no,N,Y,3,1,5,6,,10.0,4,7,Moderate,6,High,3475,no,Airport,Railway Station,34.539516,78.953685,3.4,40463,"Sightseeing, Photography",Local Market,Winter,"Hindi, English",Tourism,Couple,N,Yes,yes,Yes,https://example.com/image.jpg
25,Goa Beaches,Goa,Panaji,Nature,Popular tourist destination,Winter,Summer,Five Days,Luxury,999999,30000,,1201,N,N,YES,YES,NO,No,7,9,8,9,9.0,1.0,5,6,Moderate,25,Medium,846,no,Airport,Railway Station,32.45931,78.662205,3.3,16383,"Sightseeing, Photography",Local Market,January to March,"Hindi, English",Tourism,Solo,NO,N,YES,NO,https://example.com/image.jpg
26,Goa Beaches,Goa,Panaji,Hill Station,Popular tourist destination,Winter,Summer,Five Days,High,999999,1500,500.0,761,yes,Yes,Yes,Yes,Yes,Yes,6,3,5,10,5.0,,5,10,NA,5,Low,1457,NO,Airport,Railway Station,33.960837,78.652579,4.0,23490,"Sightseeing, Photography",Local Market,Jan-Mar,"Hindi, English",Tourism,Luxury Travelers,Y,N,no,YES,https://example.com/image.jpg
27,Mysuru Palace,Karnataka,Mysuru,Nature,Popular tourist destination,Winter,Summer,5,Luxury,12000,30000,,1858,No,no,NO,NO,Y,Y,1,4,7,3,,,7,4,NA,6,Low,3443,Y,Airport,Railway Station,10.862204,75.313097,3.1,12114,"Sightseeing, Photography",Local Market,,"Hindi, English",Tourism,Luxury Travelers,YES,Y,no,No,https://example.com/image.jpg
28,Ooty,Tamil Nadu,Ooty,National Park,Popular tourist destination,Winter,Summer,05 Days,Luxury,999999,100,,1484,yes,No,Yes,NO,Yes,no,0,4,9,10,9.0,,1,7,Moderate,16,High,2416,YES,Airport,Railway Station,14.351327,76.852144,3.0,40597,"Sightseeing, Photography",Local Market,,"Hindi, English",Tourism,Backpackers,Yes,yes,yes,No,https://example.com/image.jpg
29,Munnar,Kerala,Munnar,Religious,,Winter,Summer,Five Days,Luxury,250,3000,500.0,801,Yes,YES,yes,No,YES,Yes,1,10,1,1,4.0,,7,1,Moderate,24,High,1662,Yes,Airport,Railway Station,24.815027,74.249034,2.5,131,"Sightseeing, Photography",Local Market,January to March,"Hindi, English",Tourism,Family,No,No,YES,N,https://example.com/image.jpg
30,Varanasi Ghats,Uttar Pradesh,Varanasi,Forest,Popular tourist destination,Winter,Summer,05 Days,Low,999999,1500,500.0,1437,Y,Y,no,Yes,Yes,Yes,5,5,5,7,,10.0,10,2,NA,38,Medium,1358,YES,Airport,Railway Station,26.100478,83.595764,3.6,16178,"Sightseeing, Photography",Local Market,January to March,"Hindi, English",Tourism,Family,No,no,YES,N,https://example.com/image.jpg
31,Munnar,Kerala,Munnar,Nature,Popular tourist destination,Winter,Summer,5,Unknown,5000,3000,200.0,1837,NO,Yes,Y,No,NO,NO,6,4,5,3,,5.0,4,5,Moderate,19,Medium,486,NO,Airport,Railway Station,26.957956,84.360618,2.7,38079,"Sightseeing, Photography",Local Market,,"Hindi, English",Tourism,Luxury Travelers,YES,No,N,yes,https://example.com/image.jpg
32,Jaipur,Rajasthan,Jaipur,Wildlife,Popular tourist destination,Winter,Summer,Five Days,Luxury,5000,1500,500.0,928,YES,NO,No,Y,no,NO,7,9,1,9,,,2,8,Easy,17,Medium,2492,NO,Airport,Railway Station,20.416944,88.220074,2.6,41074,"Sightseeing, Photography",Local Market,Apr-Jun,"Hindi, English",Tourism,Family,Y,YES,Yes,Y,https://example.com/image.jpg
33,Munnar,Kerala,Munnar,Historical,Popular tourist destination,Winter,Summer,5,Medium,5000,30000,1000.0,659,N,NO,Yes,yes,YES,No,5,6,6,1,10.0,1.0,10,9,Difficult,33,High,503,N,Airport,Railway Station,11.494443,93.58731,4.3,47975,"Sightseeing, Photography",Local Market,"Nov, Dec","Hindi, English",Tourism,Luxury Travelers,Y,Y,yes,yes,https://example.com/image.jpg
34,Mysuru Palace,Karnataka,Mysuru,Religious,Popular tourist destination,Winter,Summer,Five Days,Low,250,30000,1000.0,928,yes,N,No,yes,No,NO,3,8,8,8,9.0,6.0,1,2,Easy,30,Low,2005,yes,Airport,Railway Station,12.292812,70.757268,4.7,5585,"Sightseeing, Photography",Local Market,Jan-Mar,"Hindi, English",Tourism,Couple,Yes,yes,no,N,https://example.com/image.jpg
35,Manali,Himachal Pradesh,Manali,Island,Popular tourist destination,Winter,Summer,5 Days,Unknown,12000,1500,,632,Yes,No,N,no,no,no,6,2,8,2,,2.0,1,5,Difficult,30,Low,280,Yes,Airport,Railway Station,11.38411,70.461279,3.7,37224,"Sightseeing, Photography",Local Market,Winter,"Hindi, English",Tourism,Luxury Travelers,N,NO,Y,no,https://example.com/image.jpg
36,Amritsar,Punjab,Amritsar,Adventure,Popular tourist destination,Winter,Summer,5,Luxury,5000,1500,1000.0,150,N,Y,yes,Yes,Yes,yes,3,2,4,9,2.0,4.0,7,10,Difficult,22,Medium,1371,No,,Railway Station,12.508751,78.896485,3.5,16844,"Sightseeing, Photography",Local Market,,"Hindi, English",Tourism,Other,yes,Y,Y,Yes,https://example.com/image.jpg
37,Manali,Himachal Pradesh,Manali,Hill Station,Popular tourist destination,Winter,Summer,Five Days,High,250,30000,500.0,433,Yes,No,YES,no,yes,NO,4,10,5,10,2.0,1.0,7,6,NA,36,High,3048,YES,,Railway Station,29.921864,82.623807,2.6,10718,"Sightseeing, Photography",Local Market,Apr-Jun,"Hindi, English",Tourism,Couple,N,No,yes,yes,https://example.com/image.jpg
38,Munnar,Kerala,Munnar,Desert,Popular tourist destination,Winter,Summer,5,Luxury,999999,100,500.0,666,yes,no,Yes,N,YES,YES,7,5,8,1,,,7,1,Moderate,12,Medium,61,No,Airport,Railway Station,17.699258,71.465381,3.1,41521,"Sightseeing, Photography",Local Market,,"Hindi, English",Tourism,Family,N,NO,YES,Y,https://example.com/image.jpg
39,Goa Beaches,Goa,Panaji,Nature,Popular tourist destination,Winter,Summer,5,Low,250,1500,500.0,251,Y,YES,Yes,N,N,NO,2,3,6,1,,1.0,9,7,Easy,31,Medium,1047,N,Airport,Railway Station,26.438148,72.064556,3.2,40771,"Sightseeing, Photography",Local Market,January to March,"Hindi, English",Tourism,Senior Citizens,YES,YES,YES,N,https://example.com/image.jpg
40,Amritsar,punjab,Amritsar,Desert,Popular tourist destination,Winter,Summer,5,Unknown,12000,30000,,680,no,NO,no,N,N,N,1,4,4,7,5.0,1.0,10,8,Difficult,34,High,2246,Yes,Airport,Railway Station,31.31967,71.482653,3.5,21886,"Sightseeing, Photography",Local Market,"Nov, Dec","Hindi, English",Tourism,Couple,no,NO,no,NO,https://example.com/image.jpg
41,Ooty,Tamil Nadu,Ooty,National Park,Popular tourist destination,Winter,Summer,Five Days,Luxury,999999,1500,,1330,YES,NO,no,YES,YES,yes,2,4,1,1,1.0,8.0,7,6,Moderate,20,Medium,1137,no,Airport,Railway Station,12.556883,82.208667,3.6,2326,"Sightseeing, Photography",Local Market,Apr-Jun,"Hindi, English",Tourism,Family,YES,NO,Yes,YES,https://example.com/image.jpg
42,Amritsar,Punjab,Amritsar,Wildlife,Popular tourist destination,Winter,Summer,5,Luxury,12000,1500,1000.0,397,Y,No,NO,YES,N,YES,5,10,6,3,,5.0,7,7,NA,36,Medium,600,Y,Airport,Railway Station,24.5694,71.269814,3.5,39750,"Sightseeing, Photography",Local Market,Jan-Mar,"Hindi, English",Tourism,Family,No,no,Y,Y,https://example.com/image.jpg
43,Manali,Himachal Pradesh,Manali,Desert,Popular tourist destination,Winter,Summer,5 Days,Medium,250,100,,1978,yes,YES,YES,Y,yes,no,6,5,1,7,,,6,6,Difficult,24,Low,2571,NO,Airport,Railway Station,33.174491,95.819506,4.4,13058,"Sightseeing, Photography",Local Market,Jan-Mar,"Hindi, English",Tourism,Backpackers,Yes,No,No,N,https://example.com/image.jpg
44,Manali,Himachal Pradesh,Manali,Palace,Popular tourist destination,Winter,Summer,5 Days,Luxury,250,30000,200.0,155,YES,NO,No,Yes,no,YES,3,5,3,2,2.0,,2,9,Easy,34,Low,3460,N,Airport,Railway Station,10.365788,68.825516,3.5,3533,"Sightseeing, Photography",Local Market,,"Hindi, English",Tourism,Backpackers,YES,N,yes,YES,https://example.com/image.jpg
45,Amritsar,Punjab,Amritsar,Adventure,Popular tourist destination,Winter,Summer,5,High,5000,100,500.0,1130,YES,yes,Y,yes,no,YES,2,1,3,1,,5.0,5,10,NA,29,High,1849,YES,Airport,Railway Station,,77.698625,3.4,34155,"Sightseeing, Photography",Local Market,"Nov, Dec","Hindi, English",Tourism,Luxury Travelers,yes,Y,Yes,Y,https://example.com/image.jpg
46,Goa Beaches,Goa,Panaji,Nature,,Winter,Summer,5,Unknown,5000,3000,,683,YES,no,NO,no,no,N,6,2,5,10,,,1,10,NA,28,Medium,165,Y,Airport,Railway Station,17.564281,87.040324,3.3,41361,"Sightseeing, Photography",Local Market,"Nov, Dec","Hindi, English",Tourism,Friends,Yes,No,N,N,https://example.com/image.jpg
47,Goa Beaches,Goa,Panaji,Beach,,Winter,Summer,5 Days,Low,250,1500,200.0,562,Yes,No,N,Yes,no,YES,5,2,9,5,3.0,,5,7,Difficult,30,High,959,No,Airport,Railway Station,18.047095,92.441007,4.7,23177,"Sightseeing, Photography",Local Market,Winter,"Hindi, English",Tourism,Solo,N,N,Y,N,https://example.com/image.jpg
48,Goa Beaches,Goa,Panaji,Beach,Popular tourist destination,Winter,Summer,5,Medium,12000,30000,200.0,637,Yes,No,Yes,N,Y,N,2,3,1,9,,,3,9,Easy,12,Medium,523,NO,Airport,Railway Station,23.020702,78.513235,4.6,36743,"Sightseeing, Photography",Local Market,,"Hindi, English",Tourism,Friends,Y,yes,YES,N,https://example.com/image.jpg
49,Ooty,Tamil Nadu,Ooty,Religious,Popular tourist destination,Winter,Summer,05 Days,Unknown,250,1500,1000.0,1413,NO,No,NO,No,Yes,NO,0,5,5,5,,3.0,2,1,NA,19,Low,2679,Y,Airport,Railway Station,16.202062,81.132077,2.9,20841,"Sightseeing, Photography",Local Market,Winter,"Hindi, English",Tourism,Other,N,no,N,No,https://example.com/image.jpg
50,Ooty,Tamil Nadu,Ooty,Pilgrimage,Popular tourist destination,Winter,Summer,5 Days,Low,250,100,,237,yes,YES,yes,Y,YES,No,7,7,7,7,,4.0,10,3,Difficult,5,High,141,Yes,Airport,Railway Station,16.869006,92.223917,3.4,28700,"Sightseeing, Photography",Local Market,January to March,"Hindi, English",Tourism,Backpackers,Y,YES,Y,No,https://example.com/image.jpg
51,Ooty,Tamil Nadu,Ooty,Pilgrimage,Popular tourist destination,Winter,Summer,Five Days,Unknown,999999,1500,200.0,693,Y,YES,YES,Y,Y,no,0,9,1,10,4.0,7.0,10,10,NA,9,Medium,2641,No,Airport,Railway Station,8.49279,83.939853,3.6,28264,"Sightseeing, Photography",Local Market,Jan-Mar,"Hindi, English",Tourism,Backpackers,NO,yes,Yes,N,https://example.com/image.jpg
52,Varanasi Ghats,Uttar Pradesh,Varanasi,Island,Popular tourist destination,Winter,Summer,05 Days,Unknown,999999,3000,200.0,668,No,YES,YES,NO,no,NO,7,7,6,8,3.0,,10,2,Difficult,13,Medium,165,No,Airport,Railway Station,12.426567,92.919491,4.2,41220,"Sightseeing, Photography",Local Market,Apr-Jun,"Hindi, English",Tourism,Family,N,yes,NO,No,https://example.com/image.jpg
53,Amritsar,Punjab,Amritsar,Beach,Popular tourist destination,Winter,Summer,05 Days,High,12000,100,,1526,NO,no,No,Yes,NO,Y,4,1,5,3,,,9,5,Moderate,21,Low,1281,NO,,Railway Station,26.943395,,2.9,35982,"Sightseeing, Photography",Local Market,,"Hindi, English",Tourism,Other,NO,YES,Yes,Y,https://example.com/image.jpg
54,Amritsar,Punjab,Amritsar,Hill Station,Popular tourist destination,Winter,Summer,05 Days,Medium,12000,30000,,198,Y,Y,NO,YES,yes,Yes,1,9,10,8,,,4,3,Difficult,28,Medium,3113,YES,Airport,Railway Station,26.823625,72.430205,4.3,37083,"Sightseeing, Photography",Local Market,"Nov, Dec","Hindi, English",Tourism,Solo,NO,Y,Y,NO,https://example.com/image.jpg
55,Amritsar,Punjab,Amritsar,Waterfall,Popular tourist destination,Winter,Summer,5,Luxury,999999,3000,,1529,no,N,yes,N,Yes,Yes,1,3,8,9,5.0,,2,10,Moderate,33,Medium,3195,NO,Airport,Railway Station,8.8869,92.416248,3.6,47794,"Sightseeing, Photography",Local Market,Winter,"Hindi, English",Tourism,Family,yes,yes,NO,no,https://example.com/image.jpg
56,Goa Beaches,Goa,Panaji,Hill Station,Popular tourist destination,Winter,Summer,5,High,999999,3000,200.0,1785,YES,No,NO,N,NO,NO,2,8,3,3,,,5,3,Easy,16,Low,3127,No,Airport,Railway Station,14.232354,72.531217,4.4,23061,"Sightseeing, Photography",Local Market,"Nov, Dec","Hindi, English",Tourism,Couple,yes,no,NO,yes,https://example.com/image.jpg
57,Ooty,Tamil Nadu,Ooty,Religious,Popular tourist destination,Winter,Summer,5 Days,High,999999,3000,500.0,570,no,NO,N,no,N,Y,6,8,6,3,,2.0,2,1,NA,33,Low,2312,yes,Airport,Railway Station,29.515876,73.322458,3.5,2075,"Sightseeing, Photography",Local Market,,"Hindi, English",Tourism,Solo,Y,Yes,Y,YES,https://example.com/image.jpg
58,Amritsar,Punjab,Amritsar,Religious,,Winter,Summer,05 Days,Medium,5000,1500,1000.0,220,yes,Y,yes,no,Y,no,1,2,7,3,5.0,,1,4,Easy,20,High,1131,NO,Airport,Railway Station,16.018498,90.924916,3.4,24645,"Sightseeing, Photography",Local Market,Jan-Mar,"Hindi, English",Tourism,Luxury Travelers,yes,no,N,YES,https://example.com/image.jpg
59,Munnar,Kerala,Munnar,Island,Popular tourist destination,Winter,Summer,Five Days,High,999999,1500,500.0,1647,Y,yes,no,yes,Yes,no,1,8,1,3,,5.0,8,5,Moderate,26,High,592,yes,Airport,Railway Station,14.537544,73.936642,3.0,6505,"Sightseeing, Photography",Local Market,Apr-Jun,"Hindi, English",Tourism,Senior Citizens,NO,no,Yes,N,https://example.com/image.jpg
60,Amritsar,Punjab,Amritsar,Nature,Popular tourist destination,Winter,Summer,5,High,5000,3000,,773,Y,N,no,N,NO,yes,5,9,4,8,1.0,2.0,5,6,Difficult,16,Low,417,yes,Airport,Railway Station,25.974687,88.560244,4.1,15735,"Sightseeing, Photography",Local Market,,"Hindi, English",Tourism,Solo,yes,Y,N,NO,https://example.com/image.jpg
61,Manali,Himachal Pradesh,Manali,National Park,,Winter,Summer,5 Days,Low,12000,30000,,392,Y,Yes,No,No,YES,No,5,8,7,6,6.0,,2,6,Easy,31,Low,139,YES,Airport,Railway Station,23.964702,79.868274,3.5,48266,"Sightseeing, Photography",Local Market,Winter,"Hindi, English",Tourism,Family,no,Yes,YES,NO,https://example.com/image.jpg
62,Ooty,Tamil Nadu,Ooty,Religious,,Winter,Summer,Five Days,Low,5000,3000,200.0,283,Yes,NO,No,Y,NO,no,2,4,2,1,,,2,6,Difficult,11,High,3461,yes,Airport,Railway Station,14.234202,91.005026,4.6,25145,"Sightseeing, Photography",Local Market,January to March,"Hindi, English",Tourism,Family,no,Y,no,NO,https://example.com/image.jpg
63,Varanasi Ghats,Uttar Pradesh,Varanasi,Fort,Popular tourist destination,Winter,Summer,05 Days,Luxury,999999,3000,500.0,925,no,Y,NO,yes,Y,YES,5,4,2,7,,7.0,1,9,Difficult,10,High,3153,No,Airport,Railway Station,21.223538,92.874157,4.7,17611,"Sightseeing, Photography",Local Market,January to March,"Hindi, English",Tourism,Family,yes,yes,N,YES,https://example.com/image.jpg
64,Goa Beaches,Goa,Panaji,Historical,Popular tourist destination,Winter,Summer,05 Days,Low,5000,100,500.0,1308,NO,NO,YES,yes,N,Y,7,9,6,6,,,2,8,Difficult,34,Medium,1642,N,Airport,Railway Station,25.258073,76.253269,3.3,19282,"Sightseeing, Photography",Local Market,"Nov, Dec","Hindi, English",Tourism,Solo,NO,no,NO,NO,https://example.com/image.jpg
65,Ooty, tamil nadu ,Ooty,Forest,Popular tourist destination,Winter,Summer,Five Days,Unknown,5000,100,500.0,1278,NO,no,no,no,Yes,NO,5,5,8,10,,4.0,4,4,Easy,27,Medium,2294,NO,,Railway Station,15.458638,68.115323,3.0,1514,"Sightseeing, Photography",Local Market,January to March,"Hindi, English",Tourism,Couple,N,yes,YES,yes,https://example.com/image.jpg
66,Ooty,Tamil Nadu,Ooty,Beach,Popular tourist destination,Winter,Summer,5 Days,Luxury,5000,30000,,584,no,Y,No,no,Y,Yes,7,9,5,4,1.0,,10,8,NA,37,Low,549,Y,Airport,Railway Station,19.195921,77.443301,3.4,28446,"Sightseeing, Photography",Local Market,"Nov, Dec","Hindi, English",Tourism,Couple,no,Y,no,No,https://example.com/image.jpg
67,Mysuru Palace,Karnataka,Mysuru,Adventure,Popular tourist destination,Winter,Summer,5,Unknown,12000,30000,500.0,1206,Y,Yes,yes,No,NO,Y,5,9,6,3,,,9,6,Moderate,35,Low,1092,yes,Airport,Railway Station,15.942101,89.353027,,24977,"Sightseeing, Photography",Local Market,January to March,"Hindi, English",Tourism,Backpackers,no,Y,Y,Yes,https://example.com/image.jpg
68,Jaipur,Rajasthan,Jaipur,Adventure,Popular tourist destination,Winter,Summer,Five Days,High,999999,3000,,733,Y,NO,yes,N,NO,NO,2,3,5,2,8.0,,5,9,Easy,6,Low,888,No,Airport,Railway Station,15.210301,73.668997,3.3,32181,"Sightseeing, Photography",Local Market,January to March,"Hindi, English",Tourism,Family,yes,NO,NO,YES,https://example.com/image.jpg
69,Manali,Himachal Pradesh,Manali,Lake,Popular tourist destination,Winter,Summer,Five Days,High,999999,1500,,485,Y,no,NO,NO,Y,Y,1,2,10,9,,,1,9,Difficult,26,Medium,913,Yes,Airport,Railway Station,14.015571,69.615004,4.0,29623,"Sightseeing, Photography",Local Market,Jan-Mar,"Hindi, English",Tourism,Solo,No,Yes,No,NO,https://example.com/image.jpg
70,Ooty,Tamil Nadu,Ooty,Lake,Popular tourist destination,Winter,Summer,05 Days,High,999999,3000,200.0,1650,yes,Y,no,yes,no,YES,2,4,2,5,,,1,2,Difficult,36,Low,674,N,Airport,Railway Station,14.37987,88.64796,4.2,17486,"Sightseeing, Photography",Local Market,January to March,"Hindi, English",Tourism,Couple,yes,Yes,no,YES,https://example.com/image.jpg
71,Goa Beaches,Goa,Panaji,Adventure,Popular tourist destination,Winter,Summer,Five Days,High,999999,3000,1000.0,409,No,NO,No,YES,no,yes,3,7,3,10,2.0,9.0,10,5,Moderate,34,High,2277,NO,Airport,Railway Station,22.908756,89.143163,4.9,31624,"Sightseeing, Photography",Local Market,January to March,"Hindi, English",Tourism,Senior Citizens,yes,No,Y,no,https://example.com/image.jpg
72,Amritsar,Punjab,Amritsar,Island,Popular tourist destination,Winter,Summer,5 Days,Medium,5000,100,1000.0,1195,no,yes,Yes,N,No,No,1,10,7,4,,,10,8,Moderate,16,Low,1811,YES,Airport,Railway Station,31.489673,84.653846,2.5,14411,"Sightseeing, Photography",Local Market,Winter,"Hindi, English",Tourism,Solo,N,Yes,no,N,https://example.com/image.jpg
73,Ooty,Tamil Nadu,Ooty,Palace,Popular tourist destination,Winter,Summer,Five Days,Low,12000,100,500.0,530,yes,No,Y,NO,YES,YES,3,10,9,1,,2.0,5,3,NA,11,Low,2298,YES,Airport,Railway Station,29.201775,95.274586,3.3,25398,"Sightseeing, Photography",Local Market,Winter,"Hindi, English",Tourism,Couple,no,NO,Y,NO,https://example.com/image.jpg
74,Manali,Himachal Pradesh,Manali,Hill Station,Popular tourist destination,Winter,Summer,05 Days,Low,12000,3000,200.0,1266,N,YES,no,Y,Y,yes,4,1,10,3,,,5,10,Moderate,32,High,1902,yes,Airport,Railway Station,21.017406,95.671632,2.6,37638,"Sightseeing, Photography",Local Market,,"Hindi, English",Tourism,Senior Citizens,yes,YES,Yes,no,https://example.com/image.jpg
75,Mysuru Palace,Karnataka,Mysuru,Beach,Popular tourist destination,Winter,Summer,5 Days,High,250,3000,1000.0,1580,Yes,No,N,N,YES,yes,2,7,8,9,,7.0,9,8,Easy,29,Low,1482,Yes,Airport,Railway Station,20.625153,71.193277,2.7,11589,"Sightseeing, Photography",Local Market,Winter,"Hindi, English",Tourism,Couple,YES,no,NO,yes,https://example.com/image.jpg
76,Goa Beaches,Goa,Panaji,Fort,Popular tourist destination,Winter,Summer,5 Days,High,999999,3000,1000.0,637,Yes,No,NO,YES,YES,yes,1,6,3,9,,8.0,5,8,NA,18,Medium,1311,N,Airport,Railway Station,23.586943,84.852285,4.9,29820,"Sightseeing, Photography",Local Market,"Nov, Dec","Hindi, English",Tourism,Solo,N,NO,yes,Y,https://example.com/image.jpg
77,Munnar,Kerala,Munnar,Religious,Popular tourist destination,Winter,Summer,Five Days,Luxury,250,100,200.0,385,Yes,yes,no,Yes,Y,N,3,6,4,1,2.0,6.0,8,8,Difficult,38,High,919,Y,,Railway Station,15.373614,83.784751,4.6,22956,"Sightseeing, Photography",Local Market,Winter,"Hindi, English",Tourism,Couple,Yes,Yes,No,no,https://example.com/image.jpg
78,Ooty,Tamil Nadu,Ooty,Palace,Popular tourist destination,Winter,Summer,Five Days,Low,250,100,200.0,1699,Yes,yes,Yes,Yes,yes,N,4,4,3,2,6.0,,2,8,Moderate,24,Low,3373,Yes,Airport,Railway Station,,93.952078,2.7,12750,"Sightseeing, Photography",Local Market,January to March,"Hindi, English",Tourism,Luxury Travelers,NO,no,YES,No,https://example.com/image.jpg
79,Varanasi Ghats,Uttar Pradesh,Varanasi,Wildlife,Popular tourist destination,Winter,Summer,5,Medium,250,3000,200.0,1170,no,yes,yes,N,Y,YES,6,4,3,8,,1.0,1,8,Moderate,27,Medium,652,Yes,Airport,Railway Station,15.706345,75.09168,2.9,19276,"Sightseeing, Photography",Local Market,Jan-Mar,"Hindi, English",Tourism,Friends,no,Yes,No,N,https://example.com/image.jpg
80,Manali,Himachal Pradesh,Manali,Forest,Popular tourist destination,Winter,Summer,5,Luxury,12000,30000,1000.0,280,no,N,No,no,No,N,4,1,7,9,,,2,3,Difficult,21,High,537,NO,Airport,Railway Station,30.243496,77.956715,3.2,32097,"Sightseeing, Photography",Local Market,Apr-Jun,"Hindi, English",Tourism,Senior Citizens,Y,yes,Yes,no,https://example.com/image.jpg
81,Manali,Himachal Pradesh,Manali,Waterfall,Popular tourist destination,Winter,Summer,05 Days,Luxury,12000,3000,1000.0,1351,No,yes,N,yes,NO,no,1,3,3,5,5.0,3.0,4,5,Easy,38,High,44,No,Airport,Railway Station,,86.642181,4.3,37713,"Sightseeing, Photography",Local Market,Apr-Jun,"Hindi, English",Tourism,Senior Citizens,No,NO,Yes,yes,https://example.com/image.jpg
82,Amritsar,Punjab,Amritsar,Waterfall,Popular tourist destination,Winter,Summer,05 Days,Luxury,12000,3000,200.0,1436,N,no,Y,N,YES,No,2,1,10,1,,,2,7,Moderate,18,Medium,2731,N,Airport,Railway Station,17.957008,81.724008,4.5,20781,"Sightseeing, Photography",Local Market,Jan-Mar,"Hindi, English",Tourism,Senior Citizens,YES,no,N,no,https://example.com/image.jpg
83,Amritsar,Punjab,Amritsar,Adventure,Popular tourist destination,Winter,Summer,5,Medium,250,3000,500.0,746,YES,Y,No,N,No,YES,5,1,10,7,10.0,10.0,6,8,NA,5,High,2111,no,Airport,Railway Station,,,4.2,6365,"Sightseeing, Photography",Local Market,January to March,"Hindi, English",Tourism,Other,no,No,no,yes,https://example.com/image.jpg
84,Ooty,Tamil Nadu,Ooty,Fort,Popular tourist destination,Winter,Summer,5,High,999999,3000,,1020,No,Yes,N,Y,YES,Y,1,4,10,9,,6.0,5,4,Moderate,22,Low,767,YES,Airport,Railway Station,10.332259,88.164665,3.2,40159,"Sightseeing, Photography",Local Market,Winter,"Hindi, English",Tourism,Other,N,N,yes,YES,https://example.com/image.jpg
85,Manali,Himachal Pradesh,Manali,Nature,Popular tourist destination,Winter,Summer,5,Unknown,12000,30000,500.0,1708,yes,YES,Y,Yes,no,Yes,6,10,10,5,,1.0,5,1,Easy,7,Low,3146,N,Airport,Railway Station,,94.279514,,46292,"Sightseeing, Photography",Local Market,"Nov, Dec","Hindi, English",Tourism,Friends,Yes,yes,N,no,https://example.com/image.jpg
86,Varanasi Ghats,Uttar Pradesh,Varanasi,Beach,Popular tourist destination,Winter,Summer,5 Days,Luxury,999999,3000,,1233,NO,YES,N,YES,Y,No,2,10,10,7,8.0,,6,6,Moderate,26,Medium,3457,yes,Airport,Railway Station,33.351425,77.619064,4.2,37588,"Sightseeing, Photography",Local Market,,"Hindi, English",Tourism,Luxury Travelers,no,no,No,YES,https://example.com/image.jpg
87,Amritsar,Punjab,Amritsar,Wildlife,Popular tourist destination,Winter,Summer,Five Days,Luxury,5000,3000,,435,no,NO,no,no,no,no,4,2,7,1,,4.0,3,7,NA,11,Medium,1370,NO,Airport,Railway Station,17.495363,88.561221,4.4,46012,"Sightseeing, Photography",Local Market,,"Hindi, English",Tourism,Family,YES,yes,Yes,Yes,https://example.com/image.jpg
88,Amritsar,Punjab,Amritsar,Palace,Popular tourist destination,Winter,Summer,5 Days,Medium,250,100,1000.0,1562,NO,YES,NO,Yes,Y,Y,5,10,8,1,5.0,8.0,3,6,NA,28,High,2492,Yes,Airport,Railway Station,32.847377,,4.0,41853,"Sightseeing, Photography",Local Market,Apr-Jun,"Hindi, English",Tourism,Couple,NO,N,Yes,yes,https://example.com/image.jpg
89,Varanasi Ghats,Uttar Pradesh,Varanasi,Palace,Popular tourist destination,Winter,Summer,5 Days,Unknown,12000,100,200.0,1056,Y,no,Y,NO,No,YES,0,6,7,1,5.0,,10,5,Moderate,11,High,2634,Yes,Airport,Railway Station,26.071536,78.565611,4.4,45663,"Sightseeing, Photography",Local Market,"Nov, Dec","Hindi, English",Tourism,Family,yes,no,Yes,No,https://example.com/image.jpg
90,Goa Beaches,Goa,Panaji,Adventure,Popular tourist destination,Winter,Summer,Five Days,Luxury,5000,3000,200.0,541,NO,N,Yes,Y,No,Y,0,4,7,4,3.0,7.0,10,9,Easy,32,Low,2910,No,Airport,Railway Station,32.917608,68.968481,3.2,24730,"Sightseeing, Photography",Local Market,,"Hindi, English",Tourism,Luxury Travelers,no,no,Y,Yes,https://example.com/image.jpg
91,Varanasi Ghats,Uttar Pradesh,Varanasi,Religious,Popular tourist destination,Winter,Summer,Five Days,Luxury,5000,1500,200.0,1821,NO,N,Yes,YES,YES,yes,3,5,10,5,,1.0,1,8,Difficult,16,Medium,1014,NO,Airport,Railway Station,9.928504,86.114047,3.6,44280,"Sightseeing, Photography",Local Market,"Nov, Dec","Hindi, English",Tourism,Other,yes,Y,Yes,yes,https://example.com/image.jpg
92,Amritsar,Punjab,Amritsar,Forest,Popular tourist destination,Winter,Summer,5 Days,Low,250,3000,,870,YES,No,Yes,Y,N,NO,2,6,9,3,1.0,2.0,9,5,Moderate,10,High,417,N,Airport,Railway Station,24.558268,76.585011,2.8,8242,"Sightseeing, Photography",Local Market,"Nov, Dec","Hindi, English",Tourism,Senior Citizens,Yes,N,N,YES,https://example.com/image.jpg
93,Manali,Himachal Pradesh,Manali,Fort,Popular tourist destination,Winter,Summer,5,Low,5000,30000,1000.0,1222,yes,Yes,No,YES,yes,Yes,5,5,8,10,8.0,,6,4,Difficult,8,High,399,N,Airport,Railway Station,33.048206,86.354072,,8575,"Sightseeing, Photography",Local Market,Jan-Mar,"Hindi, English",Tourism,Couple,Y,YES,NO,YES,https://example.com/image.jpg
94,Munnar,Kerala,Munnar,Lake,Popular tourist destination,Winter,Summer,05 Days,High,999999,30000,1000.0,360,N,Y,Yes,yes,NO,no,5,8,9,8,,6.0,7,4,Easy,17,High,1793,N,Airport,Railway Station,9.803559,95.384702,4.8,33197,"Sightseeing, Photography",Local Market,"Nov, Dec","Hindi, English",Tourism,Couple,no,N,NO,no,https://example.com/image.jpg
95,Amritsar,Punjab,Amritsar,Hill Station,,Winter,Summer,5 Days,High,5000,100,1000.0,1595,yes,N,N,Yes,NO,Y,4,2,1,4,,8.0,6,1,Difficult,16,Low,1935,No,Airport,Railway Station,8.951371,70.518218,2.9,44687,"Sightseeing, Photography",Local Market,,"Hindi, English",Tourism,Luxury Travelers,NO,yes,NO,yes,https://example.com/image.jpg
96,Varanasi Ghats,Uttar Pradesh,Varanasi,Religious,Popular tourist destination,Winter,Summer,5 Days,Low,250,1500,500.0,1978,NO,Y,Yes,No,Yes,No,3,6,1,7,8.0,3.0,3,5,NA,26,Medium,982,YES,Airport,Railway Station,29.568141,96.371933,4.1,8900,"Sightseeing, Photography",Local Market,January to March,"Hindi, English",Tourism,Senior Citizens,YES,YES,NO,YES,https://example.com/image.jpg
97,Amritsar,Punjab,Amritsar,Hill Station,Popular tourist destination,Winter,Summer,Five Days,Unknown,250,1500,1000.0,350,Y,N,no,Y,Yes,N,1,5,6,10,,6.0,8,10,Moderate,12,Medium,1912,No,Airport,Railway Station,8.771239,93.881393,2.9,25273,"Sightseeing, Photography",Local Market,Jan-Mar,"Hindi, English",Tourism,Senior Citizens,N,YES,No,no,https://example.com/image.jpg
98,Munnar,Kerala,Munnar,Adventure,Popular tourist destination,Winter,Summer,5,Unknown,999999,3000,,1731,YES,Yes,no,YES,yes,N,3,4,1,7,9.0,,10,6,Difficult,32,Medium,3318,YES,Airport,Railway Station,16.907725,79.845183,4.5,34736,"Sightseeing, Photography",Local Market,"Nov, Dec","Hindi, English",Tourism,Luxury Travelers,No,No,YES,no,https://example.com/image.jpg
99,Jaipur,Rajasthan,Jaipur,Adventure,Popular tourist destination,Winter,Summer,Five Days,Luxury,5000,1500,500.0,1572,YES,No,yes,Y,Y,No,6,6,9,10,,,3,1,Easy,34,High,1836,no,Airport,Railway Station,8.140192,92.135308,4.1,7423,"Sightseeing, Photography",Local Market,Apr-Jun,"Hindi, English",Tourism,Friends,no,no,NO,Yes,https://example.com/image.jpg
100,Munnar,Kerala,Munnar,Desert,Popular tourist destination,Winter,Summer,5 Days,High,999999,3000,500.0,363,No,NO,NO,yes,no,YES,1,6,2,2,,5.0,5,10,Easy,26,High,554,yes,Airport,Railway Station,30.668155,81.049448,4.3,40810,"Sightseeing, Photography",Local Market,Winter,"Hindi, English",Tourism,Luxury Travelers,YES,No,yes,No,https://example.com/image.jpg
101,Ooty,Tamil Nadu,Ooty,Forest,Popular tourist destination,Winter,Summer,5 Days,Unknown,999999,1500,1000.0,892,no,N,Yes,yes,Y,yes,2,6,7,7,5.0,,9,4,NA,37,Medium,1962,NO,Airport,Railway Station,29.826489,74.545524,,38869,"Sightseeing, Photography",Local Market,Winter,"Hindi, English",Tourism,Backpackers,No,NO,No,no,https://example.com/image.jpg
102,Munnar,Kerala,Munnar,Waterfall,,Winter,Summer,Five Days,Low,5000,30000,,559,No,Yes,NO,no,Yes,NO,6,4,7,1,3.0,1.0,1,3,Difficult,8,Low,1811,Y,Airport,Railway Station,10.364514,93.249199,3.9,32676,"Sightseeing, Photography",Local Market,"Nov, Dec","Hindi, English",Tourism,Other,no,YES,no,N,https://example.com/image.jpg
103,Varanasi Ghats,Uttar Pradesh,Varanasi,National Park,Popular tourist destination,Winter,Summer,5 Days,Medium,250,30000,500.0,700,yes,N,no,N,No,Y,5,7,9,10,4.0,,7,2,Difficult,12,Low,2827,YES,,Railway Station,13.496009,74.707974,4.8,4509,"Sightseeing, Photography",Local Market,Winter,"Hindi, English",Tourism,Family,no,NO,Yes,Yes,https://example.com/image.jpg
104,Amritsar,Punjab,Amritsar,Island,Popular tourist destination,Winter,Summer,05 Days,Medium,250,1500,500.0,1995,NO,no,no,N,No,No,4,7,4,4,8.0,,3,5,Easy,27,Low,3165,no,Airport,Railway Station,28.639588,82.388545,3.6,29394,"Sightseeing, Photography",Local Market,"Nov, Dec","Hindi, English",Tourism,Family,NO,no,Yes,Yes,https://example.com/image.jpg
105,Manali,Himachal Pradesh,Manali,Island,Popular tourist destination,Winter,Summer,5 Days,Unknown,12000,30000,,1367,NO,NO,No,NO,NO,No,5,5,6,7,7.0,,4,2,Moderate,10,Medium,1727,no,,Railway Station,11.614557,96.85675,3.1,30701,"Sightseeing, Photography",Local Market,Apr-Jun,"Hindi, English",Tourism,Solo,Y,N,yes,No,https://example.com/image.jpg
106,Goa Beaches,Goa,Panaji,Lake,Popular tourist destination,Winter,Summer,05 Days,Luxury,12000,100,200.0,1210,NO,Y,NO,YES,NO,Y,4,2,6,10,,3.0,8,1,Difficult,5,Medium,1817,No,Airport,Railway Station,20.720778,68.731121,3.1,29072,"Sightseeing, Photography",Local Market,January to March,"Hindi, English",Tourism,Luxury Travelers,Y,N,yes,No,https://example.com/image.jpg
107,Jaipur,Rajasthan,Jaipur,Island,Popular tourist destination,Winter,Summer,Five Days,Unknown,12000,100,,1136,no,NO,Yes,yes,YES,NO,5,2,5,4,9.0,,1,1,Moderate,28,Low,765,N,Airport,Railway Station,12.328994,89.581737,2.5,16880,"Sightseeing, Photography",Local Market,Winter,"Hindi, English",Tourism,Luxury Travelers,yes,yes,Yes,Yes,https://example.com/image.jpg
108,Goa Beaches,Goa,Panaji,Desert,Popular tourist destination,Winter,Summer,5,Unknown,5000,30000,200.0,1331,yes,Yes,NO,Y,No,yes,3,7,5,6,6.0,,10,7,NA,21,Low,1071,Y,,Railway Station,17.984651,70.644246,4.1,22181,"Sightseeing, Photography",Local Market,Jan-Mar,"Hindi, English",Tourism,Senior Citizens,N,no,yes,YES,https://example.com/image.jpg
109,Goa Beaches,Goa,Panaji,Nature,Popular tourist destination,Winter,Summer,5,Unknown,5000,30000,500.0,481,Y,Y,YES,yes,no,YES,0,5,5,7,,,10,10,Moderate,15,High,2194,yes,,Railway Station,28.482372,91.490859,2.9,7634,"Sightseeing, Photography",Local Market,Jan-Mar,"Hindi, English",Tourism,Couple,Y,no,Y,N,https://example.com/image.jpg
110,Munnar,Kerala,Munnar,Religious,Popular tourist destination,Winter,Summer,05 Days,Luxury,999999,3000,200.0,1637,yes,no,YES,YES,no,yes,5,8,4,4,,4.0,5,6,NA,26,High,2169,NO,Airport,Railway Station,16.124153,91.898036,3.7,39535,"Sightseeing, Photography",Local Market,Jan-Mar,"Hindi, English",Tourism,Family,Yes,no,yes,yes,https://example.com/image.jpg
111,Mysuru Palace,Karnataka,Mysuru,Palace,Popular tourist destination,Winter,Summer,05 Days,Unknown,12000,1500,,668,YES,Y,yes,N,NO,no,4,5,1,3,9.0,6.0,10,8,Moderate,11,Medium,541,Y,Airport,Railway Station,,68.877606,4.0,42950,"Sightseeing, Photography",Local Market,Jan-Mar,"Hindi, English",Tourism,Backpackers,N,No,NO,No,https://example.com/image.jpg
112,Amritsar,Punjab,Amritsar,Adventure,Popular tourist destination,Winter,Summer,05 Days,Low,5000,1500,200.0,1406,YES,yes,yes,Yes,Yes,no,4,7,2,9,4.0,,1,8,Difficult,18,Low,33,No,Airport,Railway Station,11.666303,77.057461,4.1,34288,"Sightseeing, Photography",Local Market,Apr-Jun,"Hindi, English",Tourism,Luxury Travelers,no,yes,no,yes,https://example.com/image.jpg
113,Jaipur,Rajasthan,Jaipur,Adventure,Popular tourist destination,Winter,Summer,Five Days,Medium,250,1500,1000.0,1694,N,Y,yes,yes,YES,Y,1,3,5,4,5.0,3.0,5,6,Moderate,12,High,2653,Y,Airport,Railway Station,13.313568,,,23187,"Sightseeing, Photography",Local Market,,"Hindi, English",Tourism,Couple,Y,NO,Y,Yes,https://example.com/image.jpg
114,Jaipur,Rajasthan,Jaipur,Palace,Popular tourist destination,Winter,Summer,Five Days,Unknown,250,1500,200.0,1744,Y,Yes,Yes,Y,no,YES,1,8,4,9,,,6,4,Easy,10,High,2108,N,Airport,Railway Station,,68.074237,4.7,45424,"Sightseeing, Photography",Local Market,January to March,"Hindi, English",Tourism,Luxury Travelers,no,No,N,No,https://example.com/image.jpg
115,Ooty,Tamil Nadu,Ooty,Island,Popular tourist destination,Winter,Summer,5,Unknown,999999,100,,270,YES,yes,Y,YES,NO,NO,2,5,10,9,,5.0,3,7,Difficult,33,Low,2461,yes,Airport,Railway Station,17.294487,91.738722,4.5,40080,"Sightseeing, Photography",Local Market,Jan-Mar,"Hindi, English",Tourism,Luxury Travelers,no,NO,no,Y,https://example.com/image.jpg
116,Goa Beaches, Goa ,Panaji,Pilgrimage,Popular tourist destination,Winter,Summer,5 Days,Luxury,5000,100,200.0,1787,N,yes,N,yes,Y,Y,1,2,6,3,,,7,2,Difficult,15,High,2849,No,Airport,Railway Station,26.146283,82.827141,4.0,47401,"Sightseeing, Photography",Local Market,Jan-Mar,"Hindi, English",Tourism,Luxury Travelers,Yes,N,YES,YES,https://example.com/image.jpg
117,Amritsar,Punjab,Amritsar,Fort,Popular tourist destination,Winter,Summer,05 Days,High,5000,3000,1000.0,531,no,YES,YES,NO,YES,N,7,6,8,5,,1.0,9,10,NA,35,Medium,3435,NO,Airport,Railway Station,20.88598,92.096377,,27050,"Sightseeing, Photography",Local Market,Apr-Jun,"Hindi, English",Tourism,Couple,N,N,no,no,https://example.com/image.jpg
118,Munnar,Kerala,Munnar,Hill Station,Popular tourist destination,Winter,Summer,Five Days,Medium,5000,30000,,191,yes,NO,YES,yes,No,Yes,0,7,9,8,,9.0,7,3,Easy,9,High,1681,NO,Airport,Railway Station,12.536538,86.61826,4.6,47890,"Sightseeing, Photography",Local Market,January to March,"Hindi, English",Tourism,Backpackers,Yes,yes,YES,Y,https://example.com/image.jpg
119,Goa Beaches,Goa,Panaji,Waterfall,,Winter,Summer,05 Days,Low,250,3000,1000.0,687,Y,no,yes,NO,yes,yes,4,1,7,10,,,8,1,NA,10,Medium,2710,YES,Airport,Railway Station,20.401567,71.649952,2.9,3868,"Sightseeing, Photography",Local Market,January to March,"Hindi, English",Tourism,Family,No,NO,yes,Y,https://example.com/image.jpg
120,Amritsar,Punjab,Amritsar,Palace,Popular tourist destination,Winter,Summer,Five Days,Unknown,12000,1500,1000.0,1497,YES,No,NO,yes,NO,No,6,10,9,9,,,3,4,NA,13,High,3438,NO,Airport,Railway Station,31.072598,83.297194,2.7,12809,"Sightseeing, Photography",Local Market,January to March,"Hindi, English",Tourism,Solo,Yes,Yes,yes,No,https://example.com/image.jpg
121,Jaipur,Rajasthan,Jaipur,Pilgrimage,Popular tourist destination,Winter,Summer,Five Days,Unknown,12000,100,1000.0,749,YES,Yes,Yes,no,yes,NO,2,2,6,7,,,8,4,Easy,23,Low,1716,No,Airport,Railway Station,31.422341,96.59529,4.4,36073,"Sightseeing, Photography",Local Market,,"Hindi, English",Tourism,Luxury Travelers,No,No,no,Y,https://example.com/image.jpg
122,Manali,Himachal Pradesh,Manali,Island,Popular tourist destination,Winter,Summer,5,Unknown,12000,30000,200.0,273,no,yes,No,YES,No,Y,7,7,9,5,,1.0,3,3,Easy,37,High,123,No,Airport,Railway Station,26.038893,96.450665,3.6,26633,"Sightseeing, Photography",Local Market,Jan-Mar,"Hindi, English",Tourism,Friends,Y,NO,Yes,YES,https://example.com/image.jpg
123,Varanasi Ghats,Uttar Pradesh,Varanasi,Desert,Popular tourist destination,Winter,Summer,05 Days,Luxury,5000,30000,,1971,NO,N,YES,Yes,yes,YES,6,4,10,4,2.0,,4,7,Difficult,18,High,672,NO,Airport,Railway Station,33.259618,94.288314,3.4,30970,"Sightseeing, Photography",Local Market,January to March,"Hindi, English",Tourism,Solo,Y,Yes,No,Yes,https://example.com/image.jpg
124,Jaipur,Rajasthan,Jaipur,Waterfall,Popular tourist destination,Winter,Summer,5,Luxury,999999,1500,1000.0,642,Y,Y,Yes,no,yes,YES,1,3,10,4,,1.0,6,6,Easy,34,Low,3304,Yes,Airport,Railway Station,,81.543476,4.5,8034,"Sightseeing, Photography",Local Market,,"Hindi, English",Tourism,Friends,no,NO,N,Y,https://example.com/image.jpg
125,Jaipur,Rajasthan,Jaipur,Forest,Popular tourist destination,Winter,Summer,5,Low,250,1500,500.0,1946,Y,N,No,Yes,N,N,6,9,3,6,7.0,,6,9,Moderate,35,Medium,2519,Y,Airport,Railway Station,19.253397,77.439155,2.9,45238,"Sightseeing, Photography",Local Market,"Nov, Dec","Hindi, English",Tourism,Solo,Yes,Y,Yes,yes,https://example.com/image.jpg
126,Manali,Himachal Pradesh,Manali,Fort,Popular tourist destination,Winter,Summer,05 Days,Low,12000,1500,,1948,Y,no,N,Yes,YES,no,5,5,3,5,1.0,3.0,8,2,NA,10,Low,1540,N,Airport,Railway Station,21.925553,78.755925,2.5,26967,"Sightseeing, Photography",Local Market,Jan-Mar,"Hindi, English",Tourism,Family,yes,No,yes,NO,https://example.com/image.jpg
127,Goa Beaches,Goa,Panaji,Wildlife,,Winter,Summer,5,Low,999999,1500,,920,YES,Y,Y,Y,NO,YES,3,7,1,8,,2.0,10,5,NA,29,Medium,1753,No,Airport,Railway Station,,80.057229,4.5,49201,"Sightseeing, Photography",Local Market,"Nov, Dec","Hindi, English",Tourism,Solo,No,no,NO,Yes,https://example.com/image.jpg
128,Mysuru Palace,Karnataka,Mysuru,Religious,Popular tourist destination,Winter,Summer,5,High,12000,3000,200.0,452,Y,Y,N,yes,Yes,YES,5,4,5,9,,8.0,2,9,Moderate,33,High,2036,no,Airport,Railway Station,34.705853,93.658679,5.8,47863,"Sightseeing, Photography",Local Market,,"Hindi, English",Tourism,Luxury Travelers,Yes,No,No,YES,https://example.com/image.jpg
129,Mysuru Palace,Karnataka,Mysuru,Palace,Popular tourist destination,Winter,Summer,5 Days,High,5000,3000,1000.0,1257,YES,NO,yes,no,YES,Yes,7,4,5,3,,6.0,5,1,Easy,19,High,2560,No,Airport,Railway Station,22.586068,,4.9,13894,"Sightseeing, Photography",Local Market,Winter,"Hindi, English",Tourism,Friends,N,NO,N,no,https://example.com/image.jpg
130,Munnar,Kerala,Munnar,Pilgrimage,Popular tourist destination,Winter,Summer,5,Luxury,5000,3000,500.0,595,yes,N,No,NO,Yes,no,1,2,6,2,,9.0,4,10,Moderate,28,High,576,yes,Airport,Railway Station,13.475288,94.114175,2.9,2300,"Sightseeing, Photography",Local Market,Apr-Jun,"Hindi, English",Tourism,Backpackers,No,yes,NO,NO,https://example.com/image.jpg
131,Varanasi Ghats,Uttar Pradesh,Varanasi,Hill Station,Popular tourist destination,Winter,Summer,Five Days,Unknown,5000,30000,500.0,1438,Y,no,YES,Y,no,No,2,5,3,7,,,10,1,Moderate,21,High,1955,YES,Airport,Railway Station,26.607452,92.156827,4.4,46295,"Sightseeing, Photography",Local Market,January to March,"Hindi, English",Tourism,Luxury Travelers,N,no,YES,YES,https://example.com/image.jpg
132,Amritsar,Punjab,Amritsar,National Park,Popular tourist destination,Winter,Summer,5,Unknown,999999,100,500.0,1424,N,no,NO,No,NO,Y,3,2,6,2,,,6,9,Easy,22,Low,394,Y,Airport,Railway Station,31.674763,86.765365,3.9,36750,"Sightseeing, Photography",Local Market,Winter,"Hindi, English",Tourism,Couple,no,N,Yes,No,https://example.com/image.jpg
133,Munnar,Kerala,Munnar,Hill Station,Popular tourist destination,Winter,Summer,5 Days,Medium,250,30000,,1777,N,Yes,Yes,yes,Y,Y,0,1,10,8,,4.0,7,4,Difficult,23,Low,200,YES,Airport,Railway Station,13.582905,93.648128,3.7,42850,"Sightseeing, Photography",Local Market,Jan-Mar,"Hindi, English",Tourism,Luxury Travelers,no,no,NO,Y,https://example.com/image.jpg
134,Varanasi Ghats,Uttar Pradesh,Varanasi,Hill Station,,Winter,Summer,5 Days,Luxury,999999,3000,500.0,513,YES,YES,NO,No,yes,NO,2,4,3,5,3.0,7.0,8,9,Moderate,8,Low,991,N,Airport,Railway Station,13.642684,70.588838,2.5,34727,"Sightseeing, Photography",Local Market,Apr-Jun,"Hindi, English",Tourism,Luxury Travelers,Yes,Y,Yes,NO,https://example.com/image.jpg
135,Munnar,Kerala,Munnar,Beach,Popular tourist destination,Winter,Summer,5,Low,5000,3000,500.0,818,yes,No,Y,Y,N,Yes,1,3,10,10,1.0,3.0,9,7,Easy,35,Medium,1144,yes,Airport,Railway Station,28.344825,80.632719,4.2,30995,"Sightseeing, Photography",Local Market,"Nov, Dec","Hindi, English",Tourism,Luxury Travelers,No,yes,Yes,Yes,https://example.com/image.jpg
136,Manali,Himachal Pradesh,Manali,National Park,Popular tourist destination,Winter,Summer,Five Days,Luxury,999999,1500,,1414,No,YES,YES,No,No,Yes,2,7,2,5,3.0,8.0,3,6,Easy,37,Medium,413,Y,Airport,Railway Station,33.656888,91.576595,3.9,3450,"Sightseeing, Photography",Local Market,,"Hindi, English",Tourism,Family,no,N,yes,Yes,https://example.com/image.jpg
137,Varanasi Ghats,Uttar Pradesh,Varanasi,Beach,Popular tourist destination,Winter,Summer,05 Days,High,250,1500,500.0,395,YES,yes,NO,No,No,Y,2,9,7,5,,,5,8,Moderate,5,Low,1134,Y,Airport,Railway Station,21.84477,89.670406,2.8,16640,"Sightseeing, Photography",Local Market,Apr-Jun,"Hindi, English",Tourism,Solo,no,No,no,YES,https://example.com/image.jpg
138,Ooty,Tamil Nadu,Ooty,Religious,Popular tourist destination,Winter,Summer,Five Days,Luxury,12000,100,500.0,436,no,no,YES,yes,YES,no,3,2,10,6,,,4,3,Moderate,29,Medium,1146,Yes,Airport,Railway Station,32.692776,82.54702,3.3,116,"Sightseeing, Photography",Local Market,Winter,"Hindi, English",Tourism,Other,no,Yes,yes,YES,https://example.com/image.jpg
139,Manali,Himachal Pradesh,Manali,Island,Popular tourist destination,Winter,Summer,5,High,250,3000,1000.0,528,yes,N,no,NO,Y,Yes,5,10,1,6,4.0,10.0,2,2,Difficult,17,Low,1461,no,Airport,Railway Station,13.457575,70.629444,3.3,25952,"Sightseeing, Photography",Local Market,Apr-Jun,"Hindi, English",Tourism,Luxury Travelers,N,Y,Yes,No,https://example.com/image.jpg
140,Amritsar,Punjab,Amritsar,Nature,Popular tourist destination,Winter,Summer,Five Days,Medium,250,30000,200.0,1757,no,Yes,Yes,N,Y,Yes,1,10,3,9,9.0,,9,8,Moderate,23,High,2756,No,Airport,Railway Station,12.226102,87.901501,3.2,23102,"Sightseeing, Photography",Local Market,Jan-Mar,"Hindi, English",Tourism,Senior Citizens,N,NO,No,NO,https://example.com/image.jpg
141,Munnar,Kerala,Munnar,Religious,Popular tourist destination,Winter,Summer,05 Days,Luxury,250,1500,,489,N,N,YES,No,No,YES,5,7,4,5,6.0,10.0,8,10,Moderate,12,Medium,1656,YES,Airport,Railway Station,14.061829,82.750413,4.0,17587,"Sightseeing, Photography",Local Market,Apr-Jun,"Hindi, English",Tourism,Family,Yes,yes,YES,N,https://example.com/image.jpg
142,Ooty,Tamil Nadu,Ooty,Beach,Popular tourist destination,Winter,Summer,5 Days,High,12000,1500,,1315,yes,NO,NO,YES,NO,Yes,2,7,2,6,,,6,5,Easy,31,High,3134,Yes,Airport,Railway Station,11.877226,72.653612,3.4,17751,"Sightseeing, Photography",Local Market,Winter,"Hindi, English",Tourism,Senior Citizens,N,No,no,yes,https://example.com/image.jpg
143,Goa Beaches,Goa,Panaji,Desert,Popular tourist destination,Winter,Summer,5,Luxury,250,30000,500.0,434,yes,yes,No,NO,N,no,7,2,3,4,,,6,8,Easy,11,Low,2209,N,,Railway Station,10.555853,79.11649,,23828,"Sightseeing, Photography",Local Market,Jan-Mar,"Hindi, English",Tourism,Solo,yes,Yes,Yes,no,https://example.com/image.jpg
144,Jaipur,Rajasthan,Jaipur,Historical,Popular tourist destination,Winter,Summer,Five Days,Medium,5000,100,,1677,no,NO,NO,Y,NO,no,4,3,4,10,4.0,8.0,3,6,Difficult,10,Medium,3250,NO,Airport,Railway Station,11.982871,84.405333,4.2,233,"Sightseeing, Photography",Local Market,,"Hindi, English",Tourism,Friends,No,NO,NO,YES,https://example.com/image.jpg
145,Jaipur,rajasthan,Jaipur,Desert,Popular tourist destination,Winter,Summer,5 Days,Low,5000,100,500.0,663,NO,No,YES,Yes,YES,yes,0,4,8,4,,,9,10,Easy,18,Medium,3197,Yes,Airport,Railway Station,,94.252413,3.0,5941,"Sightseeing, Photography",Local Market,Winter,"Hindi, English",Tourism,Luxury Travelers,N,Y,N,N,https://example.com/image.jpg
146,Goa Beaches,Goa,Panaji,Forest,Popular tourist destination,Winter,Summer,Five Days,High,5000,100,1000.0,1763,yes,NO,no,no,NO,NO,2,10,9,8,3.0,,9,10,Moderate,28,High,3476,Yes,Airport,Railway Station,19.426765,89.606297,,23437,"Sightseeing, Photography",Local Market,Jan-Mar,"Hindi, English",Tourism,Other,yes,YES,N,Y,https://example.com/image.jpg
147,Ooty,Tamil Nadu,Ooty,National Park,Popular tourist destination,Winter,Summer,5,Medium,250,1500,,897,no,no,Y,N,No,Y,3,2,1,10,,10.0,3,8,NA,6,High,171,Yes,Airport,Railway Station,19.089404,70.157433,5.8,17184,"Sightseeing, Photography",Local Market,Apr-Jun,"Hindi, English",Tourism,Friends,Yes,N,Yes,YES,https://example.com/image.jpg
148,Munnar,Kerala,Munnar,Beach,Popular tourist destination,Winter,Summer,5,High,999999,1500,200.0,1956,Yes,Yes,NO,Yes,Y,yes,2,10,9,7,,,5,1,NA,5,High,799,No,Airport,Railway Station,18.880927,93.485918,3.3,7059,"Sightseeing, Photography",Local Market,"Nov, Dec","Hindi, English",Tourism,Solo,YES,Y,yes,NO,https://example.com/image.jpg
149,Amritsar,Punjab,Amritsar,Lake,Popular tourist destination,Winter,Summer,Five Days,Medium,12000,3000,1000.0,1275,No,No,Yes,Y,NO,yes,6,4,3,2,3.0,,5,4,Moderate,31,Medium,1929,NO,Airport,Railway Station,23.22851,94.221224,,20704,"Sightseeing, Photography",Local Market,"Nov, Dec","Hindi, English",Tourism,Family,YES,no,No,N,https://example.com/image.jpg
150,Manali,Himachal Pradesh,Manali,Historical,Popular tourist destination,Winter,Summer,5 Days,Unknown,5000,30000,,1375,YES,N,NO,NO,N,YES,5,8,1,5,10.0,,5,8,Easy,34,Medium,3382,No,Airport,Railway Station,27.428606,92.787302,2.9,15605,"Sightseeing, Photography",Local Market,January to March,"Hindi, English",Tourism,Other,N,N,No,no,https://example.com/image.jpg
151,Mysuru Palace,Karnataka,Mysuru,Historical,Popular tourist destination,Winter,Summer,5,Luxury,12000,3000,,1724,YES,no,yes,YES,YES,No,2,8,3,2,,,4,4,Easy,22,Medium,1491,no,Airport,Railway Station,8.893227,71.458085,4.9,27703,"Sightseeing, Photography",Local Market,Apr-Jun,"Hindi, English",Tourism,Solo,YES,YES,YES,no,https://example.com/image.jpg
152,Munnar,Kerala,Munnar,Lake,Popular tourist destination,Winter,Summer,5,Luxury,12000,3000,200.0,1653,no,N,NO,YES,YES,N,6,8,3,4,7.0,,7,2,Easy,8,Low,1081,NO,Airport,Railway Station,13.10672,92.062857,3.2,48875,"Sightseeing, Photography",Local Market,"Nov, Dec","Hindi, English",Tourism,Couple,yes,yes,No,Yes,https://example.com/image.jpg
153,Amritsar,Punjab,Amritsar,Pilgrimage,,Winter,Summer,5 Days,Low,12000,1500,1000.0,519,No,yes,No,Y,no,Yes,2,4,9,8,,6.0,8,9,Moderate,31,High,2691,Yes,Airport,Railway Station,10.600681,76.511855,4.2,42264,"Sightseeing, Photography",Local Market,Apr-Jun,"Hindi, English",Tourism,Friends,yes,Yes,NO,NO,https://example.com/image.jpg
154,Varanasi Ghats,Uttar Pradesh,Varanasi,Beach,Popular tourist destination,Winter,Summer,5 Days,Luxury,250,30000,,988,yes,Y,NO,yes,N,Yes,3,10,6,3,,,1,8,Moderate,24,Medium,3218,YES,Airport,Railway Station,18.909385,77.6546,4.5,31803,"Sightseeing, Photography",Local Market,January to March,"Hindi, English",Tourism,Other,N,YES,no,no,https://example.com/image.jpg
155,Mysuru Palace,Karnataka,Mysuru,Religious,Popular tourist destination,Winter,Summer,Five Days,Unknown,999999,3000,,243,Yes,YES,Y,no,yes,NO,7,10,5,3,4.0,,4,3,NA,12,Medium,857,Y,Airport,Railway Station,30.51546,68.767427,3.0,14026,"Sightseeing, Photography",Local Market,Winter,"Hindi, English",Tourism,Other,YES,N,No,yes,https://example.com/image.jpg
156,Manali,Himachal Pradesh,Manali,Beach,Popular tourist destination,Winter,Summer,5,Unknown,12000,1500,500.0,584,yes,yes,NO,Y,no,No,0,9,6,3,,2.0,6,7,Moderate,6,Low,3017,N,Airport,Railway Station,23.404699,,3.1,18809,"Sightseeing, Photography",Local Market,,"Hindi, English",Tourism,Solo,N,Yes,YES,no,https://example.com/image.jpg
157,Goa Beaches,Goa,Panaji,Pilgrimage,Popular tourist destination,Winter,Summer,Five Days,Unknown,5000,1500,500.0,1063,yes,Yes,No,Yes,no,N,7,8,9,3,10.0,,9,2,Difficult,7,Medium,2130,NO,Airport,Railway Station,11.982659,91.043299,2.8,10999,"Sightseeing, Photography",Local Market,"Nov, Dec","Hindi, English",Tourism,Couple,Yes,No,Yes,YES,https://example.com/image.jpg
158,Manali,Himachal Pradesh,Manali,Pilgrimage,Popular tourist destination,Winter,Summer,5,High,5000,1500,200.0,828,NO,Y,No,no,Yes,N,4,7,4,2,,9.0,3,8,Difficult,15,Medium,163,yes,Airport,Railway Station,11.588536,80.12411,3.4,19307,"Sightseeing, Photography",Local Market,"Nov, Dec","Hindi, English",Tourism,Backpackers,N,YES,N,YES,https://example.com/image.jpg
159,Ooty,Tamil Nadu,Ooty,Waterfall,Popular tourist destination,Winter,Summer,5 Days,Unknown,250,100,500.0,1705,no,Y,no,Yes,No,No,1,10,1,7,,,5,4,Easy,12,High,1257,YES,Airport,Railway Station,8.659687,76.409703,3.4,1183,"Sightseeing, Photography",Local Market,Jan-Mar,"Hindi, English",Tourism,Senior Citizens,Y,Yes,N,No,https://example.com/image.jpg
160,Mysuru Palace,Karnataka,Mysuru,Nature,Popular tourist destination,Winter,Summer,5 Days,Unknown,5000,3000,,620,NO,No,No,NO,yes,N,3,10,6,2,10.0,,4,4,Easy,33,High,3042,YES,Airport,Railway Station,21.982852,74.882631,3.0,28342,"Sightseeing, Photography",Local Market,"Nov, Dec","Hindi, English",Tourism,Solo,Yes,Yes,yes,No,https://example.com/image.jpg
161,Manali,Himachal Pradesh,Manali,Wildlife,Popular tourist destination,Winter,Summer,5,Unknown,12000,30000,500.0,1042,N,Yes,NO,No,N,YES,5,7,9,2,,,2,3,NA,24,Medium,2041,NO,Airport,Railway Station,20.467859,95.018741,3.8,36870,"Sightseeing, Photography",Local Market,January to March,"Hindi, English",Tourism,Friends,yes,no,No,yes,https://example.com/image.jpg
162,Amritsar,Punjab,Amritsar,Forest,Popular tourist destination,Winter,Summer,5 Days,High,12000,3000,,1384,yes,NO,yes,Yes,Yes,yes,7,7,4,3,,6.0,4,4,Easy,18,High,735,N,Airport,Railway Station,22.327784,96.343416,2.9,17999,"Sightseeing, Photography",Local Market,Winter,"Hindi, English",Tourism,Family,no,N,Yes,yes,https://example.com/image.jpg
163,Goa Beaches,Goa,Panaji,Adventure,Popular tourist destination,Winter,Summer,Five Days,High,250,100,500.0,518,YES,N,YES,N,no,Yes,0,4,6,10,,,4,4,Difficult,25,Low,3162,N,Airport,Railway Station,18.442216,81.433263,4.5,23923,"Sightseeing, Photography",Local Market,Jan-Mar,"Hindi, English",Tourism,Luxury Travelers,Yes,Yes,no,yes,https://example.com/image.jpg
164,Varanasi Ghats,Uttar Pradesh,Varanasi,Lake,Popular tourist destination,Winter,Summer,5,High,999999,30000,1000.0,1704,Yes,yes,N,YES,Yes,Y,7,2,7,2,,,2,7,Difficult,30,Medium,2257,yes,Airport,Railway Station,33.858437,70.362886,3.9,41704,"Sightseeing, Photography",Local Market,,"Hindi, English",Tourism,Family,no,no,No,Yes,https://example.com/image.jpg
165,Goa Beaches,Goa,Panaji,Forest,,Winter,Summer,05 Days,Low,999999,3000,200.0,1497,Y,yes,Yes,YES,YES,Y,6,1,6,5,10.0,8.0,1,5,NA,21,Low,197,Yes,Airport,Railway Station,34.637109,88.546652,3.2,38168,"Sightseeing, Photography",Local Market,Apr-Jun,"Hindi, English",Tourism,Senior Citizens,no,Y,yes,no,https://example.com/image.jpg
166,Goa Beaches,Goa,Panaji,Fort,Popular tourist destination,Winter,Summer,Five Days,High,250,3000,200.0,1235,Y,no,YES,YES,N,NO,4,8,7,7,4.0,,8,3,Difficult,29,Low,1948,NO,Airport,Railway Station,32.406235,90.338483,3.7,30904,"Sightseeing, Photography",Local Market,"Nov, Dec","Hindi, English",Tourism,Family,Y,yes,yes,Y,https://example.com/image.jpg
167,Ooty,Tamil Nadu,Ooty,Pilgrimage,,Winter,Summer,5 Days,Luxury,12000,100,,1280,YES,NO,Yes,yes,Y,no,5,7,8,6,,,6,7,NA,32,Medium,1864,NO,Airport,Railway Station,8.259818,85.145153,4.4,10114,"Sightseeing, Photography",Local Market,Winter,"Hindi, English",Tourism,Luxury Travelers,No,Y,Y,YES,https://example.com/image.jpg
168,Manali,Himachal Pradesh,Manali,Historical,Popular tourist destination,Winter,Summer,05 Days,Medium,5000,1500,,377,YES,YES,no,No,no,Yes,3,10,5,8,2.0,4.0,3,8,NA,30,Low,1150,Yes,Airport,Railway Station,10.191703,79.562278,3.0,20851,"Sightseeing, Photography",Local Market,Winter,"Hindi, English",Tourism,Other,Y,N,N,N,https://example.com/image.jpg
169,Munnar,Kerala,Munnar,Adventure,Popular tourist destination,Winter,Summer,05 Days,Luxury,999999,100,1000.0,1411,Yes,YES,yes,NO,No,yes,6,5,3,1,,,10,2,Moderate,23,High,1044,NO,Airport,Railway Station,19.308566,,3.2,36033,"Sightseeing, Photography",Local Market,Apr-Jun,"Hindi, English",Tourism,Backpackers,Yes,Yes,Y,no,https://example.com/image.jpg
170,Goa Beaches,Goa,Panaji,Fort,Popular tourist destination,Winter,Summer,Five Days,Low,5000,3000,500.0,298,No,No,YES,No,yes,Yes,4,4,9,1,,,2,10,NA,21,Low,1064,no,Airport,Railway Station,15.123725,87.340378,3.1,31047,"Sightseeing, Photography",Local Market,"Nov, Dec","Hindi, English",Tourism,Couple,no,YES,no,YES,https://example.com/image.jpg
171,Goa Beaches,Goa,Panaji,Hill Station,Popular tourist destination,Winter,Summer,05 Days,Luxury,250,30000,500.0,1674,YES,No,Yes,N,YES,YES,1,1,4,6,1.0,,4,4,Easy,16,High,1393,yes,Airport,Railway Station,24.696511,75.468191,3.3,11382,"Sightseeing, Photography",Local Market,,"Hindi, English",Tourism,Solo,Yes,Y,NO,Yes,https://example.com/image.jpg
172,Mysuru Palace, Karnataka ,Mysuru,Lake,Popular tourist destination,Winter,Summer,5,Low,999999,100,,1273,yes,NO,Yes,N,NO,N,3,6,5,8,8.0,,2,2,NA,14,Low,34,no,Airport,Railway Station,8.210284,72.325796,3.1,22417,"Sightseeing, Photography",Local Market,January to March,"Hindi, English",Tourism,Solo,yes,NO,NO,no,https://example.com/image.jpg
173,Ooty,Tamil Nadu,Ooty,Palace,Popular tourist destination,Winter,Summer,05 Days,Luxury,12000,1500,500.0,160,no,YES,N,yes,No,No,6,1,2,6,,,6,5,Easy,32,Medium,2044,yes,Airport,Railway Station,25.782511,73.95759,2.6,20485,"Sightseeing, Photography",Local Market,Jan-Mar,"Hindi, English",Tourism,Luxury Travelers,Y,N,Yes,Y,https://example.com/image.jpg
174,Varanasi Ghats,Uttar Pradesh,Varanasi,Waterfall,Popular tourist destination,Winter,Summer,05 Days,Luxury,999999,100,200.0,259,N,Y,N,NO,YES,NO,0,1,7,10,9.0,6.0,8,2,Difficult,18,Low,213,no,Airport,Railway Station,19.386966,85.543375,,40961,"Sightseeing, Photography",Local Market,"Nov, Dec","Hindi, English",Tourism,Senior Citizens,no,No,YES,no,https://example.com/image.jpg
175,Goa Beaches,Goa,Panaji,Waterfall,Popular tourist destination,Winter,Summer,Five Days,Luxury,5000,100,500.0,469,N,YES,No,YES,NO,yes,3,5,4,8,,4.0,5,6,Easy,22,Low,3422,no,Airport,Railway Station,33.286757,79.406195,4.1,23838,"Sightseeing, Photography",Local Market,January to March,"Hindi, English",Tourism,Senior Citizens,yes,yes,NO,yes,https://example.com/image.jpg
176,Amritsar,Punjab,Amritsar,National Park,Popular tourist destination,Winter,Summer,5 Days,Luxury,5000,100,,1464,N,No,No,N,YES,N,6,7,4,3,,,2,5,Difficult,30,Low,2612,no,Airport,Railway Station,23.103173,81.713305,4.4,46127,"Sightseeing, Photography",Local Market,,"Hindi, English",Tourism,Luxury Travelers,No,YES,no,Yes,https://example.com/image.jpg
177,Munnar,Kerala,Munnar,Lake,Popular tourist destination,Winter,Summer,05 Days,Low,5000,1500,500.0,103,NO,Yes,No,N,no,Y,6,1,1,5,,,10,3,Moderate,37,Low,570,no,Airport,Railway Station,24.495334,71.947249,3.6,2737,"Sightseeing, Photography",Local Market,"Nov, Dec","Hindi, English",Tourism,Backpackers,No,Yes,N,NO,https://example.com/image.jpg
178,Mysuru Palace,Karnataka,Mysuru,Pilgrimage,Popular tourist destination,Winter,Summer,5,High,250,3000,500.0,1776,No,Y,Y,No,no,Yes,7,5,4,2,2.0,1.0,1,4,Difficult,5,Low,1314,no,Airport,Railway Station,29.199734,90.027112,2.7,24443,"Sightseeing, Photography",Local Market,"Nov, Dec","Hindi, English",Tourism,Friends,Yes,yes,YES,Yes,https://example.com/image.jpg
179,Munnar,Kerala,Munnar,Nature,Popular tourist destination,Winter,Summer,Five Days,High,5000,1500,200.0,182,No,YES,NO,YES,YES,N,1,2,7,2,7.0,,5,5,Moderate,35,Low,1562,NO,Airport,Railway Station,8.688159,86.533133,4.0,39637,"Sightseeing, Photography",Local Market,"Nov, Dec","Hindi, English",Tourism,Solo,No,No,yes,No,https://example.com/image.jpg
180,Ooty,Tamil Nadu,Ooty,Palace,Popular tourist destination,Winter,Summer,5 Days,Luxury,5000,100,500.0,480,yes,No,yes,NO,no,Yes,1,10,3,1,10.0,7.0,7,6,Easy,16,Low,1787,YES,Airport,Railway Station,30.910554,80.612345,5.8,18792,"Sightseeing, Photography",Local Market,January to March,"Hindi, English",Tourism,Senior Citizens,No,Y,YES,No,https://example.com/image.jpg
181,Manali,Himachal Pradesh,Manali,Fort,Popular tourist destination,Winter,Summer,05 Days,Unknown,250,30000,,683,yes,Yes,no,Y,N,Y,7,9,8,6,,4.0,3,8,Easy,34,Medium,59,N,Airport,Railway Station,32.727246,84.107436,5.0,39406,"Sightseeing, Photography",Local Market,Winter,"Hindi, English",Tourism,Senior Citizens,No,Yes,Yes,N,https://example.com/image.jpg
182,Jaipur,Rajasthan,Jaipur,Forest,Popular tourist destination,Winter,Summer,5,Unknown,999999,30000,1000.0,1691,NO,yes,yes,N,YES,NO,2,3,5,1,,,9,10,Difficult,27,Medium,1730,no,Airport,Railway Station,14.982159,90.357519,3.4,2837,"Sightseeing, Photography",Local Market,Apr-Jun,"Hindi, English",Tourism,Other,no,Y,Yes,Yes,https://example.com/image.jpg
183,Jaipur,Rajasthan,Jaipur,Religious,Popular tourist destination,Winter,Summer,5,High,12000,1500,,403,NO,no,Y,Y,Yes,yes,5,6,8,7,6.0,5.0,4,5,Difficult,27,Low,170,no,Airport,Railway Station,26.708374,81.671591,4.4,25219,"Sightseeing, Photography",Local Market,Jan-Mar,"Hindi, English",Tourism,Family,no,Yes,No,no,https://example.com/image.jpg
184,Mysuru Palace,Karnataka,Mysuru,Desert,Popular tourist destination,Winter,Summer,5,Unknown,12000,100,,878,yes,yes,Yes,No,Y,N,0,5,3,1,,,6,10,Difficult,27,Medium,2656,N,Airport,Railway Station,,95.56486,3.8,25477,"Sightseeing, Photography",Local Market,"Nov, Dec","Hindi, English",Tourism,Other,no,N,YES,NO,https://example.com/image.jpg
185,Munnar,Kerala,Munnar,Pilgrimage,Popular tourist destination,Winter,Summer,Five Days,Luxury,999999,100,1000.0,1772,yes,Yes,N,No,N,no,5,6,4,2,,,5,6,NA,38,High,2259,YES,Airport,Railway Station,18.831273,77.845444,4.6,7902,"Sightseeing, Photography",Local Market,Jan-Mar,"Hindi, English",Tourism,Couple,N,No,No,N,https://example.com/image.jpg
186,Goa Beaches,Goa,Panaji,Palace,,Winter,Summer,5,Medium,250,3000,200.0,623,NO,yes,yes,yes,NO,NO,4,7,5,2,,,10,7,Difficult,13,High,1750,no,Airport,Railway Station,16.281725,69.959226,4.3,35975,"Sightseeing, Photography",Local Market,,"Hindi, English",Tourism,Family,no,N,Yes,YES,https://example.com/image.jpg
187,Manali,Himachal Pradesh,Manali,Desert,Popular tourist destination,Winter,Summer,5,High,12000,1500,1000.0,385,Y,YES,no,N,no,NO,3,5,1,7,,7.0,8,6,Easy,27,Medium,433,Yes,Airport,Railway Station,13.709457,89.328435,2.6,3012,"Sightseeing, Photography",Local Market,"Nov, Dec","Hindi, English",Tourism,Other,NO,YES,YES,N,https://example.com/image.jpg
188,Ooty,Tamil Nadu,Ooty,Desert,Popular tourist destination,Winter,Summer,Five Days,High,12000,1500,,1688,N,NO,Yes,Y,No,no,5,6,2,10,,,6,5,Easy,27,Low,74,no,Airport,Railway Station,26.460843,95.073037,4.4,19394,"Sightseeing, Photography",Local Market,,"Hindi, English",Tourism,Solo,no,no,YES,No,https://example.com/image.jpg
189,Manali,Himachal Pradesh,Manali,Forest,Popular tourist destination,Winter,Summer,5 Days,Luxury,5000,3000,200.0,1461,Y,yes,No,yes,No,yes,7,9,7,6,10.0,9.0,9,4,Easy,18,Medium,1132,YES,Airport,Railway Station,19.959211,79.378866,4.8,12362,"Sightseeing, Photography",Local Market,,"Hindi, English",Tourism,Senior Citizens,Y,No,N,N,https://example.com/image.jpg
190,Amritsar,Punjab,Amritsar,Religious,Popular tourist destination,Winter,Summer,5,Low,250,1500,200.0,1088,Yes,N,Y,No,Yes,no,1,1,1,1,7.0,7.0,5,7,Difficult,26,Medium,2578,YES,Airport,Railway Station,13.054225,91.64202,4.8,7764,"Sightseeing, Photography",Local Market,,"Hindi, English",Tourism,Friends,no,N,NO,Yes,https://example.com/image.jpg
191,Amritsar,Punjab,Amritsar,Historical,Popular tourist destination,Winter,Summer,05 Days,Medium,250,1500,500.0,1349,No,yes,Yes,Y,Y,YES,0,6,8,6,,,6,10,Easy,6,Medium,1722,N,,Railway Station,19.602091,71.491964,,34839,"Sightseeing, Photography",Local Market,Jan-Mar,"Hindi, English",Tourism,Family,Yes,Y,yes,No,https://example.com/image.jpg
192,Munnar,Kerala,Munnar,Historical,Popular tourist destination,Winter,Summer,05 Days,High,999999,100,1000.0,448,No,yes,N,YES,N,Yes,5,9,10,8,,9.0,6,1,Easy,19,High,591,YES,Airport,Railway Station,18.401185,88.421304,4.7,19617,"Sightseeing, Photography",Local Market,Jan-Mar,"Hindi, English",Tourism,Senior Citizens,NO,Y,no,Yes,https://example.com/image.jpg
193,Goa Beaches,Goa,Panaji,Wildlife,Popular tourist destination,Winter,Summer,Five Days,Medium,250,1500,500.0,806,No,N,No,Y,No,no,3,9,1,4,1.0,6.0,3,3,Moderate,6,High,924,yes,Airport,Railway Station,24.325127,87.526963,4.5,25068,"Sightseeing, Photography",Local Market,Jan-Mar,"Hindi, English",Tourism,Luxury Travelers,YES,N,yes,yes,https://example.com/image.jpg
194,Manali,Himachal Pradesh,Manali,Nature,Popular tourist destination,Winter,Summer,5 Days,Luxury,12000,100,,1337,YES,no,N,NO,No,Yes,4,3,5,9,3.0,,3,9,NA,20,Medium,1077,Yes,Airport,Railway Station,27.774766,82.296664,3.6,26294,"Sightseeing, Photography",Local Market,"Nov, Dec","Hindi, English",Tourism,Family,yes,Y,Yes,Yes,https://example.com/image.jpg
195,Munnar,Kerala,Munnar,Nature,Popular tourist destination,Winter,Summer,Five Days,High,12000,30000,1000.0,904,yes,yes,Yes,N,no,Yes,4,10,1,3,,,8,1,Easy,35,Low,168,NO,Airport,Railway Station,20.526012,87.978567,4.1,9217,"Sightseeing, Photography",Local Market,January to March,"Hindi, English",Tourism,Senior Citizens,No,yes,No,YES,https://example.com/image.jpg
196,Manali,Himachal Pradesh,Manali,National Park,Popular tourist destination,Winter,Summer,Five Days,Low,5000,100,,182,YES,N,N,yes,no,Y,2,1,10,6,,,9,3,Difficult,18,Low,897,No,Airport,Railway Station,21.361776,73.329584,3.6,1936,"Sightseeing, Photography",Local Market,"Nov, Dec","Hindi, English",Tourism,Couple,Yes,N,N,Yes,https://example.com/image.jpg
197,Mysuru Palace,Karnataka,Mysuru,Desert,Popular tourist destination,Winter,Summer,5 Days,Medium,250,1500,,270,N,No,YES,NO,Y,N,7,5,5,3,,7.0,10,1,Moderate,12,Low,217,YES,Airport,Railway Station,18.501233,91.405763,2.9,24435,"Sightseeing, Photography",Local Market,"Nov, Dec","Hindi, English",Tourism,Other,Y,no,NO,Yes,https://example.com/image.jpg
198,Varanasi Ghats,Uttar Pradesh,Varanasi,Palace,Popular tourist destination,Winter,Summer,5,Low,5000,30000,1000.0,106,NO,No,N,yes,YES,Y,3,6,8,9,,5.0,10,7,Moderate,16,High,371,Y,Airport,Railway Station,9.999805,73.919036,3.6,13066,"Sightseeing, Photography",Local Market,January to March,"Hindi, English",Tourism,Family,Y,Yes,Yes,no,https://example.com/image.jpg
199,Manali, Himachal Pradesh ,Manali,National Park,Popular tourist destination,Winter,Summer,5 Days,Unknown,999999,100,200.0,1522,N,no,NO,Yes,YES,No,4,4,5,8,,,1,4,Easy,6,Low,1468,YES,Airport,Railway Station,26.831456,94.751206,4.6,5313,"Sightseeing, Photography",Local Market,Jan-Mar,"Hindi, English",Tourism,Solo,NO,no,no,no,https://example.com/image.jpg
200,Amritsar,Punjab,Amritsar,Religious,Popular tourist destination,Winter,Summer,05 Days,Low,5000,30000,1000.0,1314,no,NO,N,yes,YES,YES,5,10,3,7,,,4,5,Difficult,5,High,1913,Y,Airport,Railway Station,16.766452,95.455574,3.8,27754,"Sightseeing, Photography",Local Market,,"Hindi, English",Tourism,Family,Y,yes,no,NO,https://example.com/image.jpg
201,Goa Beaches,Goa,Panaji,Nature,Popular tourist destination,Winter,Summer,5,High,250,100,1000.0,399,No,Y,No,no,yes,yes,6,9,3,3,8.0,5.0,3,9,Easy,32,Low,2571,N,Airport,Railway Station,,94.976764,4.0,22318,"Sightseeing, Photography",Local Market,,"Hindi, English",Tourism,Other,YES,NO,Yes,YES,https://example.com/image.jpg
202,Munnar,Kerala,Munnar,Beach,Popular tourist destination,Winter,Summer,Five Days,Luxury,250,100,1000.0,1687,NO,no,NO,Y,yes,Y,4,4,6,2,,,10,6,NA,8,Low,2882,No,Airport,Railway Station,10.970904,90.845689,4.0,16601,"Sightseeing, Photography",Local Market,,"Hindi, English",Tourism,Friends,yes,N,No,NO,https://example.com/image.jpg
203,Goa Beaches,Goa,Panaji,Fort,Popular tourist destination,Winter,Summer,Five Days,Low,250,3000,1000.0,624,Yes,Y,no,NO,Yes,no,2,9,10,6,6.0,2.0,5,7,Easy,17,Medium,3393,Yes,Airport,Railway Station,13.209965,75.197299,4.3,46242,"Sightseeing, Photography",Local Market,,"Hindi, English",Tourism,Other,yes,Yes,Y,NO,https://example.com/image.jpg
204,Amritsar, Punjab ,Amritsar,Religious,Popular tourist destination,Winter,Summer,Five Days,Unknown,12000,100,500.0,758,Y,YES,NO,NO,No,no,4,3,5,4,,,10,10,Difficult,15,Low,2668,yes,Airport,Railway Station,24.946054,68.311515,3.9,31719,"Sightseeing, Photography",Local Market,January to March,"Hindi, English",Tourism,Family,no,yes,no,Y,https://example.com/image.jpg
205,Goa Beaches,Goa,Panaji,Lake,Popular tourist destination,Winter,Summer,5 Days,Unknown,250,3000,1000.0,563,N,no,NO,Y,NO,no,6,7,7,7,,4.0,4,5,Easy,29,High,519,YES,,Railway Station,21.979694,75.109258,4.5,44324,"Sightseeing, Photography",Local Market,January to March,"Hindi, English",Tourism,Backpackers,No,Yes,no,No,https://example.com/image.jpg
206,Amritsar,Punjab,Amritsar,Adventure,Popular tourist destination,Winter,Summer,Five Days,Medium,12000,1500,,728,NO,Y,Yes,no,Y,N,2,10,7,10,7.0,,9,10,Difficult,16,High,1903,yes,Airport,Railway Station,,94.82517,4.2,22774,"Sightseeing, Photography",Local Market,January to March,"Hindi, English",Tourism,Senior Citizens,N,Yes,NO,no,https://example.com/image.jpg
207,Manali,Himachal Pradesh,Manali,Historical,Popular tourist destination,Winter,Summer,5,Luxury,12000,3000,500.0,1975,no,NO,NO,N,N,YES,4,6,7,1,,10.0,7,8,Easy,10,Medium,2107,No,Airport,Railway Station,,,4.6,34877,"Sightseeing, Photography",Local Market,January to March,"Hindi, English",Tourism,Backpackers,N,Yes,Y,Yes,https://example.com/image.jpg
208,Manali,Himachal Pradesh,Manali,Island,Popular tourist destination,Winter,Summer,05 Days,Medium,250,100,200.0,1103,N,NO,Yes,yes,no,no,7,8,4,8,6.0,,3,8,Easy,19,Low,1611,NO,Airport,Railway Station,20.173022,89.70601,4.1,30650,"Sightseeing, Photography",Local Market,Jan-Mar,"Hindi, English",Tourism,Luxury Travelers,Yes,NO,Y,YES,https://example.com/image.jpg
209,Ooty,Tamil Nadu,Ooty,Forest,Popular tourist destination,Winter,Summer,5,Unknown,250,30000,200.0,379,YES,no,Yes,yes,no,Y,3,4,8,6,1.0,,1,9,Moderate,22,Low,753,yes,Airport,Railway Station,25.80049,69.185423,2.7,2596,"Sightseeing, Photography",Local Market,January to March,"Hindi, English",Tourism,Luxury Travelers,N,Y,N,No,https://example.com/image.jpg
210,Amritsar,Punjab,Amritsar,Beach,Popular tourist destination,Winter,Summer,5 Days,Luxury,250,100,,328,yes,NO,YES,YES,N,NO,4,7,4,3,6.0,5.0,4,8,Moderate,37,High,2349,yes,Airport,Railway Station,16.170823,72.487472,2.6,21762,"Sightseeing, Photography",Local Market,January to March,"Hindi, English",Tourism,Solo,No,YES,yes,no,https://example.com/image.jpg
211,Jaipur,Rajasthan,Jaipur,Historical,Popular tourist destination,Winter,Summer,05 Days,High,5000,100,500.0,1879,Y,yes,No,NO,N,Yes,3,4,4,5,4.0,,9,10,Difficult,18,Low,993,NO,Airport,Railway Station,21.222342,85.801721,2.8,42744,"Sightseeing, Photography",Local Market,Jan-Mar,"Hindi, English",Tourism,Solo,No,No,no,No,https://example.com/image.jpg
212,Varanasi Ghats,Uttar Pradesh,Varanasi,Adventure,Popular tourist destination,Winter,Summer,05 Days,Unknown,12000,3000,,410,NO,YES,YES,yes,YES,Yes,6,4,3,9,3.0,,8,10,Moderate,21,High,3279,N,Airport,Railway Station,25.760957,72.872578,2.8,26833,"Sightseeing, Photography",Local Market,"Nov, Dec","Hindi, English",Tourism,Friends,yes,NO,no,NO,https://example.com/image.jpg
213,Manali,Himachal Pradesh,Manali,Forest,,Winter,Summer,5,Low,5000,100,1000.0,765,no,N,N,Y,NO,Yes,4,1,6,3,,4.0,5,3,Moderate,34,Medium,277,Y,Airport,Railway Station,18.398621,75.208732,4.0,29119,"Sightseeing, Photography",Local Market,Apr-Jun,"Hindi, English",Tourism,Friends,yes,Yes,No,yes,https://example.com/image.jpg
214,Jaipur,Rajasthan,Jaipur,Wildlife,Popular tourist destination,Winter,Summer,05 Days,Unknown,12000,100,200.0,1928,Yes,YES,no,yes,No,NO,1,2,6,8,,,3,6,NA,31,Medium,1620,yes,Airport,Railway Station,19.606779,86.969205,2.9,49079,"Sightseeing, Photography",Local Market,January to March,"Hindi, English",Tourism,Backpackers,yes,NO,no,NO,https://example.com/image.jpg
215,Amritsar,Punjab,Amritsar,Hill Station,Popular tourist destination,Winter,Summer,5,Medium,250,1500,200.0,1189,yes,yes,Yes,NO,No,YES,0,5,8,4,,,5,2,NA,21,High,2008,No,Airport,Railway Station,16.249462,83.111195,4.6,43029,"Sightseeing, Photography",Local Market,Apr-Jun,"Hindi, English",Tourism,Senior Citizens,Yes,NO,no,Y,https://example.com/image.jpg
216,Mysuru Palace, Karnataka ,Mysuru,Historical,Popular tourist destination,Winter,Summer,Five Days,High,12000,1500,500.0,391,no,N,NO,YES,no,YES,3,7,8,5,1.0,,5,9,Easy,10,High,764,YES,Airport,Railway Station,11.74129,91.571645,3.3,27014,"Sightseeing, Photography",Local Market,"Nov, Dec","Hindi, English",Tourism,Luxury Travelers,Y,yes,Y,yes,https://example.com/image.jpg
217,Jaipur,Rajasthan,Jaipur,Wildlife,Popular tourist destination,Winter,Summer,5 Days,Luxury,12000,30000,200.0,549,YES,no,NO,No,YES,No,6,5,7,3,,,8,9,Difficult,38,Medium,2598,yes,Airport,Railway Station,19.941994,81.84873,4.0,25329,"Sightseeing, Photography",Local Market,,"Hindi, English",Tourism,Solo,YES,no,Y,YES,https://example.com/image.jpg
218,Ooty,Tamil Nadu,Ooty,Waterfall,Popular tourist destination,Winter,Summer,5 Days,High,250,100,,506,no,N,N,YES,NO,Yes,2,10,3,4,,9.0,7,4,NA,5,Medium,2168,No,,Railway Station,32.72133,80.765911,4.9,41835,"Sightseeing, Photography",Local Market,Winter,"Hindi, English",Tourism,Family,no,yes,N,Yes,https://example.com/image.jpg
219,Jaipur,Rajasthan,Jaipur,Island,Popular tourist destination,Winter,Summer,5 Days,Unknown,999999,3000,200.0,1289,Yes,yes,no,yes,yes,YES,5,9,8,3,,7.0,7,2,Easy,5,High,1539,yes,Airport,Railway Station,18.521161,77.125787,4.3,49394,"Sightseeing, Photography",Local Market,Apr-Jun,"Hindi, English",Tourism,Family,No,YES,N,no,https://example.com/image.jpg
220,Varanasi Ghats,Uttar Pradesh,Varanasi,Wildlife,Popular tourist destination,Winter,Summer,5,High,12000,3000,500.0,1506,yes,NO,Y,N,yes,yes,0,1,2,2,2.0,,10,4,NA,19,Medium,1572,NO,Airport,Railway Station,16.65129,,3.3,27667,"Sightseeing, Photography",Local Market,Jan-Mar,"Hindi, English",Tourism,Senior Citizens,N,yes,No,N,https://example.com/image.jpg
221,Varanasi Ghats,Uttar Pradesh,Varanasi,Adventure,Popular tourist destination,Winter,Summer,Five Days,Low,12000,1500,1000.0,722,Y,YES,YES,Yes,No,N,1,3,7,3,,8.0,1,3,Easy,12,High,227,Yes,Airport,Railway Station,19.926025,75.55277,5.0,7596,"Sightseeing, Photography",Local Market,Winter,"Hindi, English",Tourism,Other,YES,YES,No,No,https://example.com/image.jpg
222,Jaipur,Rajasthan,Jaipur,Lake,Popular tourist destination,Winter,Summer,5 Days,Unknown,12000,100,200.0,1368,YES,NO,yes,Yes,No,No,4,7,1,8,,,9,4,NA,27,High,2640,YES,Airport,Railway Station,14.117612,95.017649,2.8,43066,"Sightseeing, Photography",Local Market,,"Hindi, English",Tourism,Solo,NO,No,no,YES,https://example.com/image.jpg
223,Jaipur,Rajasthan,Jaipur,Forest,Popular tourist destination,Winter,Summer,05 Days,Medium,250,3000,500.0,1588,no,Y,N,Y,N,No,7,1,9,10,5.0,10.0,9,10,NA,21,High,2132,yes,Airport,Railway Station,21.721424,,4.4,8671,"Sightseeing, Photography",Local Market,Jan-Mar,"Hindi, English",Tourism,Solo,N,Yes,NO,no,https://example.com/image.jpg
224,Amritsar,Punjab,Amritsar,Palace,Popular tourist destination,Winter,Summer,5,High,12000,30000,1000.0,211,no,NO,NO,YES,No,YES,6,7,9,2,10.0,,9,1,Moderate,17,Medium,469,YES,Airport,Railway Station,16.477083,87.347587,3.3,35393,"Sightseeing, Photography",Local Market,Winter,"Hindi, English",Tourism,Backpackers,Yes,yes,No,YES,https://example.com/image.jpg
225,Ooty,Tamil Nadu,Ooty,Fort,Popular tourist destination,Winter,Summer,Five Days,Low,999999,100,1000.0,371,yes,NO,Yes,no,Y,Yes,0,3,6,6,3.0,5.0,3,10,Easy,27,High,2716,N,Airport,Railway Station,21.234452,87.423069,4.9,5748,"Sightseeing, Photography",Local Market,,"Hindi, English",Tourism,Other,Y,No,No,NO,https://example.com/image.jpg
226,Ooty,Tamil Nadu,Ooty,Fort,Popular tourist destination,Winter,Summer,05 Days,Low,5000,1500,200.0,1858,No,No,no,Y,YES,yes,4,5,8,1,,9.0,9,1,NA,34,Medium,595,N,Airport,Railway Station,11.998013,71.267991,2.6,10750,"Sightseeing, Photography",Local Market,Apr-Jun,"Hindi, English",Tourism,Luxury Travelers,no,YES,Y,no,https://example.com/image.jpg
227,Manali,Himachal Pradesh,Manali,Hill Station,Popular tourist destination,Winter,Summer,Five Days,High,250,30000,,229,Yes,YES,N,N,YES,No,5,3,4,3,,9.0,7,3,NA,31,Low,1507,N,Airport,Railway Station,28.924736,70.937489,2.8,22168,"Sightseeing, Photography",Local Market,Apr-Jun,"Hindi, English",Tourism,Friends,yes,no,No,no,https://example.com/image.jpg
228,Goa Beaches,Goa,Panaji,Island,Popular tourist destination,Winter,Summer,05 Days,High,250,30000,500.0,530,NO,NO,YES,yes,N,No,7,2,7,9,,,3,5,NA,13,Medium,602,no,Airport,Railway Station,32.166574,78.534479,4.3,21158,"Sightseeing, Photography",Local Market,,"Hindi, English",Tourism,Luxury Travelers,No,N,yes,yes,https://example.com/image.jpg
229,Varanasi Ghats,Uttar Pradesh,Varanasi,Forest,Popular tourist destination,Winter,Summer,Five Days,Unknown,5000,30000,,1623,yes,NO,no,no,yes,Y,4,10,6,4,,,4,2,Difficult,27,Low,2486,Yes,Airport,Railway Station,22.06163,85.536262,2.9,8669,"Sightseeing, Photography",Local Market,January to March,"Hindi, English",Tourism,Backpackers,no,YES,Yes,yes,https://example.com/image.jpg
230,Goa Beaches,Goa,Panaji,Lake,Popular tourist destination,Winter,Summer,Five Days,Luxury,250,30000,1000.0,1681,NO,no,NO,No,YES,Y,5,5,6,7,,,9,7,NA,26,Medium,2516,NO,Airport,Railway Station,14.177899,73.119486,3.7,450,"Sightseeing, Photography",Local Market,January to March,"Hindi, English",Tourism,Couple,YES,Yes,Yes,N,https://example.com/image.jpg
231,Goa Beaches,Goa,Panaji,Lake,Popular tourist destination,Winter,Summer,Five Days,Luxury,999999,1500,1000.0,249,Y,No,YES,yes,Y,N,7,1,7,2,4.0,4.0,9,2,NA,34,High,1818,No,Airport,Railway Station,,73.284702,2.8,22946,"Sightseeing, Photography",Local Market,,"Hindi, English",Tourism,Backpackers,N,yes,Yes,YES,https://example.com/image.jpg
232,Ooty,Tamil Nadu,Ooty,Palace,Popular tourist destination,Winter,Summer,5,High,999999,30000,200.0,782,Yes,Yes,yes,YES,yes,No,6,6,8,3,10.0,,1,9,Moderate,36,High,1013,N,Airport,Railway Station,34.120414,78.319607,4.3,16903,"Sightseeing, Photography",Local Market,Winter,"Hindi, English",Tourism,Solo,N,YES,Yes,No,https://example.com/image.jpg
233,Jaipur,Rajasthan,Jaipur,Nature,Popular tourist destination,Winter,Summer,Five Days,Medium,250,1500,,283,YES,YES,No,no,Yes,yes,2,2,5,6,1.0,,5,7,NA,9,Low,1739,YES,Airport,Railway Station,28.775678,83.900512,4.1,10684,"Sightseeing, Photography",Local Market,,"Hindi, English",Tourism,Luxury Travelers,no,N,yes,NO,https://example.com/image.jpg
234,Amritsar,Punjab,Amritsar,Lake,Popular tourist destination,Winter,Summer,Five Days,Luxury,5000,1500,,870,yes,NO,NO,yes,yes,no,4,3,7,10,,,6,6,Easy,19,Medium,1467,Y,Airport,Railway Station,22.182888,82.182533,3.7,34650,"Sightseeing, Photography",Local Market,Jan-Mar,"Hindi, English",Tourism,Family,YES,no,Yes,No,https://example.com/image.jpg
235,Munnar,Kerala,Munnar,Island,Popular tourist destination,Winter,Summer,05 Days,Low,999999,1500,,1137,NO,No,YES,YES,N,no,6,3,6,6,5.0,,10,5,NA,38,Low,2690,yes,Airport,Railway Station,23.382133,87.586147,3.4,37204,"Sightseeing, Photography",Local Market,January to March,"Hindi, English",Tourism,Friends,no,No,N,yes,https://example.com/image.jpg
236,Munnar,Kerala,Munnar,Pilgrimage,Popular tourist destination,Winter,Summer,5,Low,5000,1500,500.0,1977,Yes,No,no,Yes,no,No,1,9,8,3,1.0,,4,5,Easy,8,Low,846,No,Airport,Railway Station,17.626281,76.921011,4.0,30667,"Sightseeing, Photography",Local Market,Apr-Jun,"Hindi, English",Tourism,Backpackers,Y,N,yes,N,https://example.com/image.jpg
237,Ooty,Tamil Nadu,Ooty,Palace,Popular tourist destination,Winter,Summer,05 Days,Luxury,250,30000,1000.0,1689,yes,no,YES,YES,NO,Yes,0,1,6,7,3.0,8.0,8,3,Easy,24,Low,2963,no,Airport,Railway Station,32.933578,88.720125,3.6,29403,"Sightseeing, Photography",Local Market,,"Hindi, English",Tourism,Solo,Y,NO,N,N,https://example.com/image.jpg
238,Munnar,Kerala,Munnar,Waterfall,Popular tourist destination,Winter,Summer,5,Unknown,12000,1500,200.0,1452,Y,YES,No,no,NO,NO,7,4,4,8,,,10,8,Difficult,27,Medium,1377,Y,Airport,Railway Station,13.02963,,3.1,19318,"Sightseeing, Photography",Local Market,,"Hindi, English",Tourism,Friends,no,Yes,N,yes,https://example.com/image.jpg
239,Goa Beaches,Goa,Panaji,Waterfall,Popular tourist destination,Winter,Summer,05 Days,Medium,5000,3000,500.0,461,yes,yes,N,Yes,no,N,4,5,1,6,2.0,,2,2,Moderate,38,Low,2495,No,,Railway Station,12.209416,76.559442,4.9,13163,"Sightseeing, Photography",Local Market,Jan-Mar,"Hindi, English",Tourism,Senior Citizens,yes,yes,NO,yes,https://example.com/image.jpg
240,Amritsar,Punjab,Amritsar,Religious,Popular tourist destination,Winter,Summer,5 Days,Luxury,250,3000,,595,no,no,yes,no,N,Y,3,4,3,9,5.0,,7,4,Difficult,18,Low,29,yes,Airport,Railway Station,30.00894,78.903199,3.7,40802,"Sightseeing, Photography",Local Market,"Nov, Dec","Hindi, English",Tourism,Backpackers,YES,N,No,Yes,https://example.com/image.jpg
241,Amritsar,Punjab,Amritsar,Historical,Popular tourist destination,Winter,Summer,5 Days,Unknown,999999,1500,1000.0,1311,Yes,Yes,NO,N,No,No,7,3,10,8,,6.0,5,8,Moderate,25,Low,2537,yes,Airport,Railway Station,9.469067,75.81867,3.6,21154,"Sightseeing, Photography",Local Market,"Nov, Dec","Hindi, English",Tourism,Senior Citizens,yes,No,YES,no,https://example.com/image.jpg
242,Mysuru Palace,Karnataka,Mysuru,Adventure,Popular tourist destination,Winter,Summer,5,Unknown,12000,1500,,1406,NO,YES,N,no,YES,no,5,2,5,2,,,8,3,Difficult,12,Low,553,N,Airport,Railway Station,14.664885,92.58032,3.1,9876,"Sightseeing, Photography",Local Market,,"Hindi, English",Tourism,Solo,Y,no,N,Yes,https://example.com/image.jpg
243,Mysuru Palace,Karnataka,Mysuru,Desert,Popular tourist destination,Winter,Summer,5 Days,Unknown,250,3000,200.0,627,N,Yes,No,Yes,yes,N,1,9,7,9,2.0,2.0,7,3,Easy,5,Medium,2568,NO,Airport,Railway Station,33.277049,78.368884,4.8,7383,"Sightseeing, Photography",Local Market,Apr-Jun,"Hindi, English",Tourism,Family,No,N,YES,yes,https://example.com/image.jpg
244,Amritsar,Punjab,Amritsar,Pilgrimage,Popular tourist destination,Winter,Summer,5 Days,Medium,250,100,1000.0,511,yes,Yes,No,no,Y,No,2,3,10,3,5.0,1.0,6,1,Easy,27,Low,2344,yes,Airport,Railway Station,20.270399,83.168459,4.7,17183,"Sightseeing, Photography",Local Market,Jan-Mar,"Hindi, English",Tourism,Couple,N,N,NO,YES,https://example.com/image.jpg
245,Amritsar,Punjab,Amritsar,Wildlife,Popular tourist destination,Winter,Summer,Five Days,Low,12000,100,1000.0,1414,no,N,Y,Y,no,No,4,9,9,2,,,10,1,Difficult,28,Medium,242,No,Airport,Railway Station,25.336251,94.786267,2.6,21561,"Sightseeing, Photography",Local Market,Winter,"Hindi, English",Tourism,Family,Y,YES,no,yes,https://example.com/image.jpg
246,Mysuru Palace,Karnataka,Mysuru,Historical,Popular tourist destination,Winter,Summer,Five Days,Low,5000,3000,,891,YES,YES,No,Y,YES,NO,6,8,10,9,,1.0,1,5,Easy,18,High,3482,yes,Airport,Railway Station,28.6451,90.879612,5.0,7703,"Sightseeing, Photography",Local Market,,"Hindi, English",Tourism,Other,N,no,N,No,https://example.com/image.jpg
247,Munnar,Kerala,Munnar,Forest,Popular tourist destination,Winter,Summer,Five Days,Unknown,12000,1500,1000.0,1335,yes,no,Yes,Y,NO,N,6,7,7,9,4.0,6.0,6,3,Difficult,31,Low,889,yes,Airport,Railway Station,23.571688,85.951498,2.8,26005,"Sightseeing, Photography",Local Market,Jan-Mar,"Hindi, English",Tourism,Backpackers,N,NO,Yes,Yes,https://example.com/image.jpg
248,Ooty,Tamil Nadu,Ooty,National Park,Popular tourist destination,Winter,Summer,5 Days,Low,5000,3000,1000.0,1155,no,Yes,No,NO,No,N,6,7,2,1,,2.0,8,4,Difficult,33,Low,1048,YES,Airport,Railway Station,12.255674,77.160099,2.5,6079,"Sightseeing, Photography",Local Market,,"Hindi, English",Tourism,Senior Citizens,Yes,No,yes,no,https://example.com/image.jpg
249,Amritsar,Punjab,Amritsar,Historical,Popular tourist destination,Winter,Summer,5,High,999999,1500,500.0,1702,No,YES,N,yes,yes,Yes,1,10,6,9,5.0,,10,5,Moderate,36,High,578,NO,Airport,Railway Station,29.48548,89.43404,3.9,41673,"Sightseeing, Photography",Local Market,Winter,"Hindi, English",Tourism,Solo,N,no,Yes,Yes,https://example.com/image.jpg
250,Varanasi Ghats,Uttar Pradesh,Varanasi,Lake,,Winter,Summer,Five Days,Medium,12000,3000,1000.0,1827,Yes,Y,yes,YES,Yes,YES,1,3,10,1,,,4,5,NA,18,Low,3427,YES,Airport,Railway Station,21.128158,75.921471,4.4,10565,"Sightseeing, Photography",Local Market,January to March,"Hindi, English",Tourism,Family,No,YES,Yes,no,https://example.com/image.jpg
251,Amritsar,punjab,Amritsar,Wildlife,Popular tourist destination,Winter,Summer,Five Days,Luxury,999999,1500,,1891,N,YES,No,N,No,Y,0,7,2,7,,,3,2,NA,6,Medium,1405,yes,Airport,Railway Station,18.360635,80.391632,4.4,49588,"Sightseeing, Photography",Local Market,Winter,"Hindi, English",Tourism,Family,N,N,no,yes,https://example.com/image.jpg
252,Varanasi Ghats,Uttar Pradesh,Varanasi,National Park,Popular tourist destination,Winter,Summer,5,Unknown,999999,1500,200.0,1111,yes,no,Y,No,yes,Y,3,1,4,2,,9.0,2,8,Easy,13,Medium,2993,no,Airport,Railway Station,15.933753,73.102035,4.7,41037,"Sightseeing, Photography",Local Market,Jan-Mar,"Hindi, English",Tourism,Luxury Travelers,Y,Yes,YES,no,https://example.com/image.jpg
253,Mysuru Palace,Karnataka,Mysuru,Historical,Popular tourist destination,Winter,Summer,Five Days,Unknown,5000,100,1000.0,794,N,Yes,YES,Y,no,NO,2,2,9,10,,10.0,4,5,Difficult,26,Low,2130,yes,,Railway Station,30.067343,76.557725,2.6,37499,"Sightseeing, Photography",Local Market,January to March,"Hindi, English",Tourism,Senior Citizens,YES,no,yes,N,https://example.com/image.jpg
254,Jaipur,Rajasthan,Jaipur,Religious,Popular tourist destination,Winter,Summer,5 Days,Medium,12000,1500,1000.0,1360,No,Yes,YES,no,yes,NO,1,4,8,3,,9.0,3,10,NA,10,High,3049,N,Airport,Railway Station,,88.313675,3.5,35515,"Sightseeing, Photography",Local Market,Winter,"Hindi, English",Tourism,Senior Citizens,no,yes,Y,YES,https://example.com/image.jpg
255,Varanasi Ghats,Uttar Pradesh,Varanasi,Nature,Popular tourist destination,Winter,Summer,5,Luxury,12000,3000,200.0,906,NO,Yes,no,NO,NO,Y,3,3,4,8,7.0,1.0,1,3,Difficult,25,High,3130,NO,Airport,Railway Station,24.99861,95.056372,4.0,22774,"Sightseeing, Photography",Local Market,Jan-Mar,"Hindi, English",Tourism,Senior Citizens,No,N,Yes,No,https://example.com/image.jpg
256,Goa Beaches,Goa,Panaji,Forest,Popular tourist destination,Winter,Summer,5 Days,Medium,999999,3000,1000.0,109,Y,yes,NO,No,Yes,NO,1,5,1,3,,,9,1,Easy,13,Low,3328,Yes,Airport,Railway Station,17.165837,87.220305,4.2,4848,"Sightseeing, Photography",Local Market,Apr-Jun,"Hindi, English",Tourism,Couple,NO,NO,no,No,https://example.com/image.jpg
257,Amritsar,Punjab,Amritsar,Religious,Popular tourist destination,Winter,Summer,5,Unknown,12000,1500,1000.0,229,N,No,Yes,N,Y,yes,5,7,4,3,,,6,2,Easy,16,Low,2594,NO,Airport,Railway Station,30.404543,71.574892,4.8,24979,"Sightseeing, Photography",Local Market,Apr-Jun,"Hindi, English",Tourism,Backpackers,Y,yes,no,NO,https://example.com/image.jpg
258,Ooty,Tamil Nadu,Ooty,Pilgrimage,Popular tourist destination,Winter,Summer,Five Days,High,5000,100,500.0,1901,YES,Yes,Y,Y,Yes,No,0,10,1,1,,6.0,3,1,Easy,33,Low,1625,Y,Airport,Railway Station,25.597607,75.013259,2.8,26096,"Sightseeing, Photography",Local Market,,"Hindi, English",Tourism,Other,N,N,YES,NO,https://example.com/image.jpg
259,Ooty,Tamil Nadu,Ooty,Fort,Popular tourist destination,Winter,Summer,Five Days,Unknown,5000,3000,500.0,691,Y,NO,NO,NO,no,yes,7,2,3,9,,2.0,1,10,Easy,16,Medium,3011,No,Airport,Railway Station,13.50683,77.062808,3.9,24779,"Sightseeing, Photography",Local Market,January to March,"Hindi, English",Tourism,Family,Y,no,N,NO,https://example.com/image.jpg
260,Ooty,Tamil Nadu,Ooty,Island,Popular tourist destination,Winter,Summer,05 Days,Low,5000,1500,500.0,1163,N,NO,NO,yes,No,N,3,5,2,4,,,6,7,Easy,23,Low,2238,Y,Airport,Railway Station,14.820991,80.912819,3.1,44605,"Sightseeing, Photography",Local Market,Jan-Mar,"Hindi, English",Tourism,Couple,N,yes,YES,N,https://example.com/image.jpg
261,Ooty,Tamil Nadu,Ooty,Island,Popular tourist destination,Winter,Summer,5 Days,Luxury,5000,100,1000.0,709,YES,N,N,N,NO,Y,4,8,9,5,7.0,,9,2,NA,7,Low,2684,N,Airport,Railway Station,17.069722,78.939488,4.7,26114,"Sightseeing, Photography",Local Market,,"Hindi, English",Tourism,Friends,yes,No,YES,No,https://example.com/image.jpg
262,Goa Beaches,Goa,Panaji,Pilgrimage,Popular tourist destination,Winter,Summer,Five Days,Luxury,12000,30000,,1797,yes,N,No,Yes,Y,yes,4,10,10,7,2.0,,4,9,Easy,34,Medium,733,Yes,Airport,Railway Station,,95.256396,3.4,36057,"Sightseeing, Photography",Local Market,January to March,"Hindi, English",Tourism,Family,no,Y,NO,Y,https://example.com/image.jpg
263,Varanasi Ghats,Uttar Pradesh,Varanasi,Nature,Popular tourist destination,Winter,Summer,Five Days,Unknown,12000,30000,200.0,631,no,No,Y,no,Y,N,6,6,5,8,4.0,,5,2,Easy,32,Medium,3003,no,,Railway Station,34.244604,82.369298,3.9,3132,"Sightseeing, Photography",Local Market,Winter,"Hindi, English",Tourism,Friends,N,Yes,YES,No,https://example.com/image.jpg
264,Jaipur,Rajasthan,Jaipur,Lake,Popular tourist destination,Winter,Summer,5 Days,Medium,5000,1500,,1816,Yes,NO,Y,Yes,YES,no,1,7,10,8,,,4,7,NA,32,High,1492,N,Airport,Railway Station,9.750622,85.745423,,38574,"Sightseeing, Photography",Local Market,Jan-Mar,"Hindi, English",Tourism,Backpackers,yes,no,N,NO,https://example.com/image.jpg
265,Varanasi Ghats,Uttar Pradesh,Varanasi,Nature,Popular tourist destination,Winter,Summer,5,Medium,12000,1500,,1438,NO,yes,no,yes,NO,Y,4,3,1,1,3.0,,3,3,Easy,14,Medium,2009,YES,Airport,Railway Station,24.300018,80.27072,4.6,8880,"Sightseeing, Photography",Local Market,Apr-Jun,"Hindi, English",Tourism,Senior Citizens,YES,Yes,N,N,https://example.com/image.jpg
266,Munnar,Kerala,Munnar,Island,Popular tourist destination,Winter,Summer,5,Unknown,250,3000,500.0,421,yes,No,Yes,yes,NO,No,4,9,8,9,8.0,,7,3,Moderate,17,Low,1321,Y,Airport,Railway Station,15.451901,69.702218,2.8,6453,"Sightseeing, Photography",Local Market,Jan-Mar,"Hindi, English",Tourism,Senior Citizens,Y,N,Yes,Y,https://example.com/image.jpg
267,Varanasi Ghats,Uttar Pradesh,Varanasi,Fort,Popular tourist destination,Winter,Summer,5,Medium,12000,3000,1000.0,1747,No,yes,YES,yes,NO,No,1,1,7,9,,,5,6,Easy,21,Medium,2805,Yes,Airport,Railway Station,20.072148,73.86566,3.5,9751,"Sightseeing, Photography",Local Market,Apr-Jun,"Hindi, English",Tourism,Family,NO,Y,No,no,https://example.com/image.jpg
268,Ooty,Tamil Nadu,Ooty,Nature,Popular tourist destination,Winter,Summer,5,High,250,30000,200.0,981,no,Y,Yes,YES,Yes,Y,5,4,9,10,,,8,8,NA,37,High,955,Yes,Airport,Railway Station,18.172783,70.115872,4.2,37510,"Sightseeing, Photography",Local Market,Apr-Jun,"Hindi, English",Tourism,Solo,Y,Y,yes,no,https://example.com/image.jpg
269,Manali,Himachal Pradesh,Manali,National Park,Popular tourist destination,Winter,Summer,05 Days,Unknown,12000,1500,,357,yes,No,N,Yes,yes,yes,1,3,4,5,3.0,3.0,9,1,Moderate,27,Medium,3495,NO,Airport,Railway Station,19.378376,,4.2,40946,"Sightseeing, Photography",Local Market,Winter,"Hindi, English",Tourism,Other,NO,N,No,N,https://example.com/image.jpg
270,Varanasi Ghats,Uttar Pradesh,Varanasi,Historical,Popular tourist destination,Winter,Summer,5,High,12000,100,500.0,880,No,Yes,yes,No,Yes,No,6,10,3,3,6.0,,7,3,Easy,11,Low,1633,NO,Airport,Railway Station,18.149715,68.657313,2.7,16939,"Sightseeing, Photography",Local Market,Apr-Jun,"Hindi, English",Tourism,Senior Citizens,no,YES,no,N,https://example.com/image.jpg
271,Jaipur,rajasthan,Jaipur,Nature,Popular tourist destination,Winter,Summer,5,Low,12000,30000,200.0,526,N,no,Y,YES,Yes,No,3,3,3,7,4.0,6.0,5,1,Easy,35,Medium,2458,NO,Airport,Railway Station,28.696231,76.810499,4.3,20359,"Sightseeing, Photography",Local Market,Jan-Mar,"Hindi, English",Tourism,Backpackers,no,NO,NO,N,https://example.com/image.jpg
272,Amritsar,Punjab,Amritsar,Pilgrimage,Popular tourist destination,Winter,Summer,5,Medium,5000,30000,500.0,1199,N,N,NO,No,Y,YES,5,1,8,10,1.0,,3,3,NA,13,Medium,2006,N,Airport,Railway Station,31.796525,85.991486,4.1,7196,"Sightseeing, Photography",Local Market,Winter,"Hindi, English",Tourism,Solo,NO,no,Yes,NO,https://example.com/image.jpg
273,Munnar,Kerala,Munnar,Palace,Popular tourist destination,Winter,Summer,05 Days,Low,12000,1500,,1642,NO,Yes,NO,no,Y,No,4,5,7,7,1.0,,9,3,NA,33,High,1118,no,Airport,Railway Station,33.751241,72.399238,4.1,29194,"Sightseeing, Photography",Local Market,January to March,"Hindi, English",Tourism,Backpackers,N,YES,Yes,Yes,https://example.com/image.jpg
274,Manali,Himachal Pradesh,Manali,Historical,Popular tourist destination,Winter,Summer,5,High,12000,3000,,377,yes,Y,No,no,YES,no,7,7,6,3,,,7,1,Easy,37,High,2008,YES,Airport,Railway Station,31.126582,69.5967,4.2,31928,"Sightseeing, Photography",Local Market,,"Hindi, English",Tourism,Senior Citizens,NO,no,N,Y,https://example.com/image.jpg
275,Ooty,Tamil Nadu,Ooty,Pilgrimage,Popular tourist destination,Winter,Summer,5 Days,High,250,1500,,1278,No,no,Y,N,Y,Y,7,5,8,4,,6.0,6,9,Difficult,36,Medium,1247,No,,Railway Station,11.155577,70.446255,4.7,45380,"Sightseeing, Photography",Local Market,Jan-Mar,"Hindi, English",Tourism,Family,NO,yes,NO,no,https://example.com/image.jpg
276,Manali,Himachal Pradesh,Manali,Palace,Popular tourist destination,Winter,Summer,05 Days,Unknown,250,3000,200.0,1537,N,NO,NO,No,no,No,0,8,9,7,2.0,3.0,5,7,Difficult,25,Medium,252,Yes,Airport,Railway Station,32.796683,81.605252,3.8,47350,"Sightseeing, Photography",Local Market,Jan-Mar,"Hindi, English",Tourism,Friends,yes,N,YES,No,https://example.com/image.jpg
277,Varanasi Ghats, Uttar Pradesh ,Varanasi,Beach,,Winter,Summer,5 Days,Medium,999999,100,500.0,1431,yes,Y,No,no,no,Yes,7,5,10,3,,,7,9,NA,34,Low,1491,N,Airport,Railway Station,22.785669,95.127102,3.6,4156,"Sightseeing, Photography",Local Market,"Nov, Dec","Hindi, English",Tourism,Family,NO,yes,yes,Yes,https://example.com/image.jpg
278,Amritsar,Punjab,Amritsar,Historical,Popular tourist destination,Winter,Summer,05 Days,Unknown,12000,1500,200.0,1158,No,NO,Y,N,Y,NO,5,7,10,4,5.0,,2,6,Easy,20,Low,546,YES,Airport,Railway Station,18.26907,93.991234,3.5,26363,"Sightseeing, Photography",Local Market,Jan-Mar,"Hindi, English",Tourism,Other,Yes,yes,Y,no,https://example.com/image.jpg
279,Manali,Himachal Pradesh,Manali,Adventure,Popular tourist destination,Winter,Summer,5 Days,Luxury,250,1500,500.0,738,NO,Y,yes,yes,N,YES,7,4,3,1,3.0,3.0,7,3,Moderate,7,Medium,2056,yes,Airport,Railway Station,22.578861,80.815021,3.7,22491,"Sightseeing, Photography",Local Market,January to March,"Hindi, English",Tourism,Solo,no,no,YES,YES,https://example.com/image.jpg
280,Varanasi Ghats,Uttar Pradesh,Varanasi,Fort,Popular tourist destination,Winter,Summer,5 Days,Low,250,30000,1000.0,1762,yes,No,no,Y,yes,yes,4,6,5,3,,,2,3,Difficult,17,Low,1311,YES,Airport,Railway Station,27.122903,91.191863,4.6,29493,"Sightseeing, Photography",Local Market,,"Hindi, English",Tourism,Other,Y,N,YES,yes,https://example.com/image.jpg
281,Goa Beaches,Goa,Panaji,Palace,Popular tourist destination,Winter,Summer,05 Days,Low,250,30000,200.0,400,YES,no,yes,NO,Y,no,5,8,1,5,,8.0,9,1,Moderate,24,Low,1197,N,Airport,Railway Station,18.396785,78.380837,3.1,5207,"Sightseeing, Photography",Local Market,Apr-Jun,"Hindi, English",Tourism,Couple,Y,no,no,no,https://example.com/image.jpg
282,Jaipur,Rajasthan,Jaipur,Adventure,Popular tourist destination,Winter,Summer,5 Days,Unknown,5000,100,500.0,577,Yes,N,No,yes,Y,NO,7,8,2,7,8.0,,1,6,NA,20,Low,1219,Y,Airport,Railway Station,,68.289942,4.3,35221,"Sightseeing, Photography",Local Market,Apr-Jun,"Hindi, English",Tourism,Backpackers,Y,Y,No,no,https://example.com/image.jpg
283,Manali,Himachal Pradesh,Manali,Religious,Popular tourist destination,Winter,Summer,5,Medium,250,3000,1000.0,1817,NO,N,Y,No,YES,NO,7,9,1,2,,9.0,4,6,NA,25,High,2979,Yes,Airport,Railway Station,14.795549,72.21488,3.0,2792,"Sightseeing, Photography",Local Market,January to March,"Hindi, English",Tourism,Senior Citizens,No,No,Y,no,https://example.com/image.jpg
284,Amritsar,Punjab,Amritsar,Beach,Popular tourist destination,Winter,Summer,05 Days,Medium,250,3000,200.0,1387,No,Yes,No,No,no,NO,2,6,8,2,5.0,3.0,5,7,Easy,31,Medium,2572,Yes,Airport,Railway Station,9.720654,94.689855,,41256,"Sightseeing, Photography",Local Market,Apr-Jun,"Hindi, English",Tourism,Luxury Travelers,no,no,YES,YES,https://example.com/image.jpg
285,Goa Beaches,Goa,Panaji,Pilgrimage,Popular tourist destination,Winter,Summer,5,High,250,30000,1000.0,1064,no,YES,No,Y,NO,YES,6,6,3,10,,1.0,4,2,NA,5,Medium,1910,no,Airport,Railway Station,30.313442,95.917205,4.9,43267,"Sightseeing, Photography",Local Market,Jan-Mar,"Hindi, English",Tourism,Other,YES,No,No,Y,https://example.com/image.jpg
286,Mysuru Palace,Karnataka,Mysuru,Palace,Popular tourist destination,Winter,Summer,Five Days,Luxury,12000,100,200.0,1148,no,YES,No,YES,No,Yes,6,2,4,7,,8.0,7,9,NA,38,Medium,2832,NO,Airport,Railway Station,17.874856,86.674797,3.2,40074,"Sightseeing, Photography",Local Market,"Nov, Dec","Hindi, English",Tourism,Family,yes,YES,NO,YES,https://example.com/image.jpg
287,Jaipur,Rajasthan,Jaipur,Hill Station,Popular tourist destination,Winter,Summer,5 Days,High,12000,100,500.0,573,No,No,Yes,Y,Yes,yes,4,2,7,9,8.0,4.0,6,4,Difficult,29,Medium,121,yes,Airport,Railway Station,18.616715,78.364795,4.2,34274,"Sightseeing, Photography",Local Market,,"Hindi, English",Tourism,Backpackers,Y,yes,No,YES,https://example.com/image.jpg
288,Munnar,Kerala,Munnar,Hill Station,Popular tourist destination,Winter,Summer,05 Days,Medium,5000,1500,200.0,342,NO,Y,no,yes,yes,N,2,2,8,1,3.0,,7,3,NA,27,Medium,1517,N,Airport,Railway Station,20.377317,95.507525,4.9,6146,"Sightseeing, Photography",Local Market,,"Hindi, English",Tourism,Couple,no,YES,yes,no,https://example.com/image.jpg
289,Munnar,Kerala,Munnar,Lake,,Winter,Summer,Five Days,Medium,12000,100,200.0,1352,no,yes,no,NO,NO,NO,5,3,5,4,,7.0,1,10,Difficult,35,Low,1381,YES,Airport,Railway Station,34.581536,80.931779,2.5,15611,"Sightseeing, Photography",Local Market,January to March,"Hindi, English",Tourism,Other,yes,N,Y,Yes,https://example.com/image.jpg
290,Munnar,Kerala,Munnar,Fort,Popular tourist destination,Winter,Summer,05 Days,Medium,12000,30000,,1566,yes,No,N,Yes,No,YES,1,9,7,5,6.0,5.0,4,6,Difficult,7,Low,1244,N,Airport,Railway Station,34.733565,96.499407,4.0,2238,"Sightseeing, Photography",Local Market,Jan-Mar,"Hindi, English",Tourism,Family,No,yes,Y,Yes,https://example.com/image.jpg
291,Ooty,Tamil Nadu,Ooty,Waterfall,Popular tourist destination,Winter,Summer,5 Days,Low,999999,3000,500.0,743,Yes,Y,Y,Y,Yes,Y,5,8,1,9,1.0,,1,2,Difficult,18,High,596,N,Airport,Railway Station,,90.617315,2.6,43181,"Sightseeing, Photography",Local Market,Apr-Jun,"Hindi, English",Tourism,Solo,NO,Y,YES,NO,https://example.com/image.jpg
292,Amritsar,Punjab,Amritsar,Adventure,Popular tourist destination,Winter,Summer,05 Days,High,12000,30000,500.0,173,N,yes,NO,No,No,no,3,5,5,1,5.0,,3,10,Moderate,29,Low,3332,no,Airport,Railway Station,22.746487,71.399034,3.5,3551,"Sightseeing, Photography",Local Market,Winter,"Hindi, English",Tourism,Friends,yes,yes,Y,no,https://example.com/image.jpg
293,Amritsar,Punjab,Amritsar,Historical,Popular tourist destination,Winter,Summer,Five Days,Unknown,999999,100,500.0,1900,no,no,No,NO,no,yes,4,7,2,4,10.0,3.0,7,3,Difficult,19,High,2095,no,Airport,Railway Station,28.880053,68.120503,3.6,40302,"Sightseeing, Photography",Local Market,Jan-Mar,"Hindi, English",Tourism,Friends,N,Yes,YES,yes,https://example.com/image.jpg
294,Jaipur,Rajasthan,Jaipur,Palace,Popular tourist destination,Winter,Summer,5 Days,High,250,30000,500.0,1434,no,Yes,NO,No,yes,no,4,2,4,4,10.0,3.0,10,4,NA,31,Medium,2630,NO,Airport,Railway Station,,85.644661,4.1,49974,"Sightseeing, Photography",Local Market,,"Hindi, English",Tourism,Solo,Y,N,No,Y,https://example.com/image.jpg
295,Goa Beaches,Goa,Panaji,Desert,Popular tourist destination,Winter,Summer,05 Days,Medium,12000,100,,1721,NO,Y,Yes,yes,yes,Y,6,6,1,3,4.0,5.0,5,3,Difficult,15,Medium,1304,no,Airport,Railway Station,8.005783,73.390423,3.8,25228,"Sightseeing, Photography",Local Market,"Nov, Dec","Hindi, English",Tourism,Backpackers,No,Y,No,Y,https://example.com/image.jpg
296,Manali,Himachal Pradesh,Manali,Historical,Popular tourist destination,Winter,Summer,5 Days,High,250,100,500.0,1616,no,yes,Y,YES,No,No,0,2,4,4,10.0,9.0,7,2,Moderate,19,Low,1239,N,Airport,Railway Station,23.554569,94.181204,4.2,46785,"Sightseeing, Photography",Local Market,January to March,"Hindi, English",Tourism,Friends,No,YES,YES,Yes,https://example.com/image.jpg
297,Mysuru Palace,Karnataka,Mysuru,Nature,Popular tourist destination,Winter,Summer,Five Days,High,999999,100,1000.0,1700,YES,YES,Yes,NO,Yes,Y,0,10,2,2,,,10,10,NA,15,Medium,1514,YES,Airport,Railway Station,9.798337,86.063108,3.1,48670,"Sightseeing, Photography",Local Market,Winter,"Hindi, English",Tourism,Solo,Y,YES,Yes,No,https://example.com/image.jpg
298,Mysuru Palace,Karnataka,Mysuru,Historical,Popular tourist destination,Winter,Summer,5,High,12000,3000,500.0,1539,yes,NO,N,NO,NO,No,3,1,4,2,4.0,6.0,3,5,NA,7,High,423,Y,Airport,Railway Station,26.721271,95.725656,4.2,12465,"Sightseeing, Photography",Local Market,,"Hindi, English",Tourism,Luxury Travelers,N,NO,NO,YES,https://example.com/image.jpg
299,Manali,Himachal Pradesh,Manali,Wildlife,Popular tourist destination,Winter,Summer,Five Days,Unknown,999999,100,,181,yes,YES,NO,Yes,NO,Yes,0,7,10,5,4.0,,9,4,Easy,8,Low,1052,Yes,Airport,Railway Station,22.656257,89.294961,3.1,16077,"Sightseeing, Photography",Local Market,,"Hindi, English",Tourism,Friends,Y,No,yes,NO,https://example.com/image.jpg
300,Jaipur,Rajasthan,Jaipur,Waterfall,Popular tourist destination,Winter,Summer,5 Days,High,999999,30000,1000.0,876,Y,NO,No,yes,yes,No,2,3,3,9,2.0,,10,8,Moderate,26,Medium,515,Yes,,Railway Station,16.594643,73.503178,3.5,43981,"Sightseeing, Photography",Local Market,Apr-Jun,"Hindi, English",Tourism,Friends,No,N,YES,NO,https://example.com/image.jpg
301,Varanasi Ghats,Uttar Pradesh,Varanasi,Waterfall,Popular tourist destination,Winter,Summer,5,Low,250,100,500.0,901,Yes,NO,YES,Yes,Yes,Yes,1,4,8,3,,2.0,5,9,Easy,19,High,1853,Yes,Airport,Railway Station,18.366331,95.216158,3.2,46013,"Sightseeing, Photography",Local Market,,"Hindi, English",Tourism,Family,Yes,YES,yes,Yes,https://example.com/image.jpg
302,Munnar,Kerala,Munnar,Forest,Popular tourist destination,Winter,Summer,Five Days,Low,250,30000,1000.0,876,No,N,No,Y,no,N,5,4,3,7,7.0,,6,7,Easy,38,Medium,2990,YES,,Railway Station,17.971049,89.344107,3.4,21703,"Sightseeing, Photography",Local Market,Winter,"Hindi, English",Tourism,Backpackers,No,N,Y,No,https://example.com/image.jpg
303,Amritsar,Punjab,Amritsar,Island,Popular tourist destination,Winter,Summer,05 Days,Unknown,12000,30000,,909,NO,no,Y,Y,No,no,2,1,2,4,,1.0,9,5,Easy,5,Medium,3030,no,Airport,Railway Station,31.2558,86.060665,,35354,"Sightseeing, Photography",Local Market,January to March,"Hindi, English",Tourism,Senior Citizens,N,YES,NO,no,https://example.com/image.jpg
304,Jaipur,Rajasthan,Jaipur,Adventure,Popular tourist destination,Winter,Summer,05 Days,Unknown,12000,30000,200.0,740,yes,YES,N,Yes,No,No,3,1,8,2,6.0,3.0,4,10,NA,5,Low,564,no,Airport,Railway Station,15.577538,79.498326,2.8,18286,"Sightseeing, Photography",Local Market,,"Hindi, English",Tourism,Friends,N,yes,YES,Yes,https://example.com/image.jpg
305,Mysuru Palace,Karnataka,Mysuru,Religious,Popular tourist destination,Winter,Summer,5 Days,High,12000,100,200.0,958,N,NO,Yes,Y,NO,NO,4,5,5,4,,6.0,8,10,Moderate,16,High,2220,NO,Airport,Railway Station,12.409333,78.057547,2.9,7113,"Sightseeing, Photography",Local Market,"Nov, Dec","Hindi, English",Tourism,Other,YES,no,NO,NO,https://example.com/image.jpg
306,Mysuru Palace,Karnataka,Mysuru,Pilgrimage,Popular tourist destination,Winter,Summer,05 Days,Luxury,12000,1500,500.0,1054,YES,N,no,NO,N,No,3,6,6,6,,6.0,1,1,Easy,11,Low,740,YES,Airport,Railway Station,22.731801,84.320214,2.7,31517,"Sightseeing, Photography",Local Market,Jan-Mar,"Hindi, English",Tourism,Senior Citizens,Yes,N,Y,no,https://example.com/image.jpg
307,Varanasi Ghats,Uttar Pradesh,Varanasi,Religious,Popular tourist destination,Winter,Summer,Five Days,Unknown,250,100,200.0,1702,Yes,YES,no,Yes,Y,YES,5,2,7,3,,2.0,10,8,NA,16,Medium,3061,No,Airport,Railway Station,26.795901,78.522307,3.8,49615,"Sightseeing, Photography",Local Market,Winter,"Hindi, English",Tourism,Luxury Travelers,NO,Y,Y,NO,https://example.com/image.jpg
308,Amritsar,Punjab,Amritsar,National Park,Popular tourist destination,Winter,Summer,Five Days,Medium,12000,100,200.0,1232,NO,NO,Yes,Y,No,NO,4,7,5,6,,8.0,7,8,Difficult,25,High,3019,YES,Airport,Railway Station,15.23261,87.332626,4.2,30973,"Sightseeing, Photography",Local Market,Apr-Jun,"Hindi, English",Tourism,Couple,Yes,Yes,No,yes,https://example.com/image.jpg
309,Ooty,Tamil Nadu,Ooty,Historical,Popular tourist destination,Winter,Summer,5,Medium,12000,30000,200.0,398,Yes,Yes,no,no,No,No,5,2,4,3,,1.0,3,10,NA,5,Low,956,No,Airport,Railway Station,33.870933,94.819329,2.5,38898,"Sightseeing, Photography",Local Market,Winter,"Hindi, English",Tourism,Luxury Travelers,No,NO,NO,N,https://example.com/image.jpg
310,Goa Beaches,Goa,Panaji,Waterfall,Popular tourist destination,Winter,Summer,Five Days,Medium,999999,100,1000.0,1430,Y,YES,no,YES,No,No,7,3,2,4,10.0,10.0,9,10,NA,28,Low,1730,YES,Airport,Railway Station,25.071117,92.85436,2.9,15557,"Sightseeing, Photography",Local Market,Winter,"Hindi, English",Tourism,Senior Citizens,Yes,No,YES,Y,https://example.com/image.jpg
311,Munnar,Kerala,Munnar,Religious,Popular tourist destination,Winter,Summer,5,Low,5000,100,1000.0,1490,YES,YES,N,NO,Yes,Yes,1,2,4,2,6.0,,3,3,NA,27,High,1311,No,,Railway Station,23.380529,90.907702,4.7,5668,"Sightseeing, Photography",Local Market,Jan-Mar,"Hindi, English",Tourism,Senior Citizens,N,yes,N,Y,https://example.com/image.jpg
312,Amritsar,Punjab,Amritsar,Nature,Popular tourist destination,Winter,Summer,05 Days,Luxury,999999,30000,500.0,986,Y,Y,no,Yes,Y,yes,1,1,3,3,,,1,6,Difficult,31,Medium,2251,No,Airport,Railway Station,23.052192,85.727233,2.7,16999,"Sightseeing, Photography",Local Market,Apr-Jun,"Hindi, English",Tourism,Solo,No,N,no,YES,https://example.com/image.jpg
313,Goa Beaches,Goa,Panaji,Forest,Popular tourist destination,Winter,Summer,05 Days,Unknown,12000,100,500.0,736,N,No,NO,NO,no,YES,7,9,9,5,8.0,,10,2,NA,11,Low,1473,No,Airport,Railway Station,16.956391,88.700553,3.2,13393,"Sightseeing, Photography",Local Market,Jan-Mar,"Hindi, English",Tourism,Family,No,NO,N,N,https://example.com/image.jpg
314,Ooty,Tamil Nadu,Ooty,Waterfall,Popular tourist destination,Winter,Summer,5 Days,Unknown,12000,1500,,342,Yes,N,Yes,Y,NO,Y,2,4,7,6,,3.0,6,2,NA,38,High,1632,N,Airport,Railway Station,24.309385,83.13438,4.7,33871,"Sightseeing, Photography",Local Market,"Nov, Dec","Hindi, English",Tourism,Senior Citizens,YES,No,no,NO,https://example.com/image.jpg
315,Amritsar,Punjab,Amritsar,National Park,Popular tourist destination,Winter,Summer,5,Medium,250,100,200.0,277,no,No,no,N,Yes,No,0,7,9,8,,1.0,2,6,NA,17,Medium,2446,YES,Airport,Railway Station,26.763885,91.124219,3.9,12205,"Sightseeing, Photography",Local Market,January to March,"Hindi, English",Tourism,Friends,NO,no,yes,NO,https://example.com/image.jpg
316,Ooty,Tamil Nadu,Ooty,Fort,Popular tourist destination,Winter,Summer,5,Luxury,250,100,200.0,1635,N,no,yes,NO,YES,Y,7,10,1,6,,,6,1,Easy,37,Medium,1671,Yes,Airport,Railway Station,18.714151,,3.2,29856,"Sightseeing, Photography",Local Market,,"Hindi, English",Tourism,Other,No,Yes,yes,Y,https://example.com/image.jpg
317,Goa Beaches,Goa,Panaji,Pilgrimage,Popular tourist destination,Winter,Summer,05 Days,Luxury,5000,3000,1000.0,1840,N,Yes,YES,Y,NO,No,6,10,5,1,,9.0,4,8,Moderate,32,Medium,1169,yes,Airport,Railway Station,17.904707,68.196362,,17418,"Sightseeing, Photography",Local Market,Apr-Jun,"Hindi, English",Tourism,Couple,No,YES,no,no,https://example.com/image.jpg
318,Manali,Himachal Pradesh,Manali,Nature,Popular tourist destination,Winter,Summer,05 Days,Low,250,100,200.0,1647,YES,no,N,No,no,YES,5,9,10,7,,1.0,9,2,Difficult,35,Medium,1356,No,Airport,Railway Station,26.283352,72.521348,4.1,2227,"Sightseeing, Photography",Local Market,,"Hindi, English",Tourism,Friends,NO,YES,No,Y,https://example.com/image.jpg
319,Jaipur,Rajasthan,Jaipur,Fort,Popular tourist destination,Winter,Summer,Five Days,Unknown,5000,3000,1000.0,327,yes,N,N,Yes,NO,YES,5,3,1,8,5.0,,7,1,Moderate,23,Low,959,N,Airport,Railway Station,20.528782,75.70052,2.9,26115,"Sightseeing, Photography",Local Market,Winter,"Hindi, English",Tourism,Backpackers,yes,Yes,NO,Y,https://example.com/image.jpg
320,Ooty,Tamil Nadu,Ooty,National Park,Popular tourist destination,Winter,Summer,5 Days,Low,250,30000,500.0,1944,Yes,N,Yes,Yes,N,no,7,6,8,5,,,1,7,NA,37,Low,663,Yes,,Railway Station,27.415997,68.473029,3.2,17098,"Sightseeing, Photography",Local Market,Apr-Jun,"Hindi, English",Tourism,Luxury Travelers,No,YES,Y,Y,https://example.com/image.jpg
321,Amritsar,Punjab,Amritsar,Wildlife,Popular tourist destination,Winter,Summer,5,Luxury,12000,1500,200.0,854,yes,YES,N,Yes,NO,Yes,3,2,5,1,1.0,2.0,6,2,NA,32,High,1566,NO,Airport,Railway Station,21.473335,96.323933,2.8,48719,"Sightseeing, Photography",Local Market,Jan-Mar,"Hindi, English",Tourism,Family,N,No,NO,YES,https://example.com/image.jpg
322,Varanasi Ghats,Uttar Pradesh,Varanasi,Pilgrimage,Popular tourist destination,Winter,Summer,Five Days,Luxury,999999,100,500.0,1163,N,No,YES,N,YES,yes,3,8,8,9,1.0,6.0,9,4,Easy,6,Medium,1810,No,Airport,Railway Station,29.970171,71.161003,4.4,31587,"Sightseeing, Photography",Local Market,Apr-Jun,"Hindi, English",Tourism,Other,NO,YES,Yes,no,https://example.com/image.jpg
323,Varanasi Ghats,Uttar Pradesh,Varanasi,Pilgrimage,Popular tourist destination,Winter,Summer,5,High,5000,3000,,1173,yes,Yes,Yes,YES,Yes,YES,5,10,10,3,,4.0,2,5,NA,13,Low,2996,yes,Airport,Railway Station,11.219516,78.823183,3.8,104,"Sightseeing, Photography",Local Market,Apr-Jun,"Hindi, English",Tourism,Senior Citizens,Yes,NO,N,no,https://example.com/image.jpg
324,Ooty,Tamil Nadu,Ooty,Religious,Popular tourist destination,Winter,Summer,5 Days,Low,999999,100,500.0,388,Yes,No,Yes,Y,Y,Y,0,5,10,6,6.0,,10,7,Easy,8,Low,3226,No,Airport,Railway Station,17.262539,96.323185,,9142,"Sightseeing, Photography",Local Market,January to March,"Hindi, English",Tourism,Solo,Yes,N,no,YES,https://example.com/image.jpg
325,Jaipur,Rajasthan,Jaipur,Island,Popular tourist destination,Winter,Summer,5 Days,Medium,999999,30000,200.0,1784,NO,YES,No,no,NO,no,7,3,7,3,2.0,8.0,6,3,NA,23,Low,2449,N,Airport,Railway Station,34.723708,69.950659,4.9,31503,"Sightseeing, Photography",Local Market,"Nov, Dec","Hindi, English",Tourism,Luxury Travelers,N,YES,no,No,https://example.com/image.jpg
326,Varanasi Ghats,Uttar Pradesh,Varanasi,Island,Popular tourist destination,Winter,Summer,05 Days,Medium,12000,100,500.0,643,NO,no,YES,Yes,NO,YES,2,8,5,6,4.0,,10,4,Difficult,25,Low,1923,N,Airport,Railway Station,28.834873,73.831808,3.2,18375,"Sightseeing, Photography",Local Market,,"Hindi, English",Tourism,Backpackers,NO,no,N,Y,https://example.com/image.jpg
327,Ooty,Tamil Nadu,Ooty,Desert,Popular tourist destination,Winter,Summer,5,Luxury,250,1500,500.0,976,N,no,YES,Yes,yes,NO,7,3,1,2,,1.0,10,8,Easy,15,Low,3405,N,Airport,Railway Station,10.135579,95.612598,4.5,5107,"Sightseeing, Photography",Local Market,,"Hindi, English",Tourism,Family,Yes,YES,Yes,Y,https://example.com/image.jpg
328,Goa Beaches,Goa,Panaji,Palace,Popular tourist destination,Winter,Summer,5 Days,Low,5000,100,1000.0,1002,No,No,Y,No,no,no,3,10,10,8,,5.0,8,8,Easy,23,Medium,176,No,Airport,Railway Station,15.556692,96.966132,2.6,5634,"Sightseeing, Photography",Local Market,Apr-Jun,"Hindi, English",Tourism,Luxury Travelers,No,Y,Y,no,https://example.com/image.jpg
329,Mysuru Palace,Karnataka,Mysuru,Hill Station,Popular tourist destination,Winter,Summer,5,Unknown,5000,30000,1000.0,1992,Yes,no,no,Y,N,yes,7,2,4,4,,,6,6,Easy,23,Low,1554,no,Airport,Railway Station,24.917114,77.324106,4.5,44827,"Sightseeing, Photography",Local Market,Apr-Jun,"Hindi, English",Tourism,Family,Yes,Yes,no,YES,https://example.com/image.jpg
330,Manali,Himachal Pradesh,Manali,Waterfall,Popular tourist destination,Winter,Summer,05 Days,High,12000,3000,,1986,YES,NO,N,YES,Yes,yes,1,6,2,1,10.0,,9,5,NA,31,Medium,460,no,Airport,Railway Station,23.426683,80.310469,3.4,11538,"Sightseeing, Photography",Local Market,"Nov, Dec","Hindi, English",Tourism,Couple,Y,No,YES,no,https://example.com/image.jpg
331,Jaipur,Rajasthan,Jaipur,Pilgrimage,Popular tourist destination,Winter,Summer,05 Days,Low,5000,30000,1000.0,599,Yes,Yes,N,Yes,No,NO,2,5,1,3,,,4,9,NA,36,High,40,No,Airport,Railway Station,23.830318,74.048312,3.6,3278,"Sightseeing, Photography",Local Market,,"Hindi, English",Tourism,Luxury Travelers,N,YES,no,yes,https://example.com/image.jpg
332,Munnar,Kerala,Munnar,Fort,,Winter,Summer,Five Days,High,5000,100,,636,YES,Y,N,Yes,No,NO,5,8,3,9,4.0,8.0,8,9,NA,8,Medium,2132,Y,Airport,Railway Station,,96.508563,4.1,35920,"Sightseeing, Photography",Local Market,Winter,"Hindi, English",Tourism,Senior Citizens,Yes,no,YES,no,https://example.com/image.jpg
333,Ooty,Tamil Nadu,Ooty,Lake,Popular tourist destination,Winter,Summer,Five Days,Luxury,250,30000,1000.0,274,Y,No,yes,no,Yes,NO,1,10,5,2,,2.0,2,9,Difficult,9,Low,2768,yes,Airport,Railway Station,33.322382,75.789858,4.3,7350,"Sightseeing, Photography",Local Market,Winter,"Hindi, English",Tourism,Friends,Yes,yes,no,Y,https://example.com/image.jpg
334,Munnar,Kerala,Munnar,Fort,Popular tourist destination,Winter,Summer,Five Days,High,999999,30000,,1172,No,Yes,Yes,N,Y,N,6,7,3,9,10.0,8.0,10,4,NA,28,Medium,2696,no,Airport,Railway Station,23.922086,88.351363,3.2,10630,"Sightseeing, Photography",Local Market,,"Hindi, English",Tourism,Friends,YES,NO,N,NO,https://example.com/image.jpg
335,Munnar,Kerala,Munnar,Wildlife,Popular tourist destination,Winter,Summer,Five Days,Low,250,30000,200.0,870,N,Y,YES,yes,YES,NO,1,7,10,9,9.0,8.0,1,10,NA,30,High,1138,Yes,Airport,Railway Station,25.626764,74.166345,4.4,31411,"Sightseeing, Photography",Local Market,,"Hindi, English",Tourism,Couple,no,YES,N,yes,https://example.com/image.jpg
336,Munnar,Kerala,Munnar,Nature,Popular tourist destination,Winter,Summer,5 Days,Unknown,12000,3000,500.0,663,No,N,YES,No,Yes,Y,1,6,3,7,,7.0,8,1,NA,34,Low,794,YES,Airport,Railway Station,13.11061,89.82411,3.3,35508,"Sightseeing, Photography",Local Market,,"Hindi, English",Tourism,Backpackers,Yes,no,no,No,https://example.com/image.jpg
337,Manali,Himachal Pradesh,Manali,Palace,Popular tourist destination,Winter,Summer,Five Days,Medium,12000,30000,,1059,yes,yes,Yes,YES,N,No,7,3,3,1,7.0,9.0,4,4,Difficult,21,Medium,396,Yes,Airport,Railway Station,13.951997,87.395113,3.2,38023,"Sightseeing, Photography",Local Market,Apr-Jun,"Hindi, English",Tourism,Backpackers,N,YES,Y,N,https://example.com/image.jpg
338,Goa Beaches,Goa,Panaji,Hill Station,Popular tourist destination,Winter,Summer,5,Medium,999999,1500,500.0,907,no,NO,Yes,N,yes,NO,3,6,2,10,,6.0,3,9,Moderate,35,Medium,239,yes,Airport,Railway Station,32.197961,81.322271,,5113,"Sightseeing, Photography",Local Market,Winter,"Hindi, English",Tourism,Backpackers,N,NO,yes,Yes,https://example.com/image.jpg
339,Varanasi Ghats,Uttar Pradesh,Varanasi,Desert,Popular tourist destination,Winter,Summer,5,Luxury,12000,1500,,525,NO,yes,no,Yes,yes,No,7,2,1,5,,10.0,9,3,NA,37,High,207,No,Airport,Railway Station,16.433439,91.649424,3.1,36487,"Sightseeing, Photography",Local Market,Jan-Mar,"Hindi, English",Tourism,Solo,yes,YES,yes,YES,https://example.com/image.jpg
340,Varanasi Ghats,Uttar Pradesh,Varanasi,Waterfall,Popular tourist destination,Winter,Summer,5,Unknown,5000,30000,200.0,1667,N,No,Y,YES,Y,YES,5,3,1,9,,8.0,4,8,Moderate,14,High,865,yes,Airport,Railway Station,,,4.9,8697,"Sightseeing, Photography",Local Market,Apr-Jun,"Hindi, English",Tourism,Backpackers,Y,Y,Y,no,https://example.com/image.jpg
341,Manali,himachal pradesh,Manali,Beach,Popular tourist destination,Winter,Summer,5 Days,Luxury,5000,30000,,777,Y,YES,No,Yes,No,N,7,2,6,4,,1.0,2,3,Easy,31,Low,2164,N,Airport,Railway Station,29.241909,93.050602,3.3,43309,"Sightseeing, Photography",Local Market,January to March,"Hindi, English",Tourism,Backpackers,yes,Yes,N,N,https://example.com/image.jpg
342,Manali,Himachal Pradesh,Manali,Adventure,Popular tourist destination,Winter,Summer,5,Medium,5000,3000,1000.0,1103,Yes,Y,YES,YES,No,yes,4,10,2,4,,9.0,1,9,Easy,19,High,1776,Y,Airport,Railway Station,17.821487,85.8439,4.0,43351,"Sightseeing, Photography",Local Market,Winter,"Hindi, English",Tourism,Solo,Y,NO,No,No,https://example.com/image.jpg
343,Manali,Himachal Pradesh,Manali,Nature,Popular tourist destination,Winter,Summer,Five Days,Unknown,5000,100,200.0,1762,No,NO,no,YES,Y,Y,7,10,5,1,,,9,10,Moderate,11,High,2987,no,Airport,Railway Station,11.57632,92.249004,2.5,38544,"Sightseeing, Photography",Local Market,Winter,"Hindi, English",Tourism,Senior Citizens,N,yes,yes,YES,https://example.com/image.jpg
344,Manali,Himachal Pradesh,Manali,Beach,Popular tourist destination,Winter,Summer,Five Days,Low,12000,1500,500.0,731,N,yes,NO,Yes,yes,No,4,2,3,10,,,5,4,Easy,23,Low,1621,yes,Airport,Railway Station,22.51155,,3.4,35005,"Sightseeing, Photography",Local Market,Winter,"Hindi, English",Tourism,Luxury Travelers,Y,Y,No,yes,https://example.com/image.jpg
345,Munnar,Kerala,Munnar,Wildlife,Popular tourist destination,Winter,Summer,05 Days,High,5000,30000,,1482,yes,N,YES,No,Yes,N,3,1,9,4,,3.0,5,1,Easy,13,High,457,YES,Airport,Railway Station,33.345572,96.873697,4.5,15197,"Sightseeing, Photography",Local Market,January to March,"Hindi, English",Tourism,Other,no,NO,Yes,yes,https://example.com/image.jpg
346,Ooty,Tamil Nadu,Ooty,Wildlife,Popular tourist destination,Winter,Summer,5,Low,999999,30000,,236,Yes,no,Y,Y,Yes,Yes,0,6,5,5,,9.0,3,10,NA,28,High,2187,No,Airport,Railway Station,9.094901,84.017681,3.2,8175,"Sightseeing, Photography",Local Market,Apr-Jun,"Hindi, English",Tourism,Backpackers,NO,No,No,yes,https://example.com/image.jpg
347,Varanasi Ghats,Uttar Pradesh,Varanasi,Hill Station,Popular tourist destination,Winter,Summer,Five Days,Unknown,250,30000,1000.0,1292,NO,yes,NO,YES,YES,N,1,6,3,4,7.0,,3,1,NA,38,Medium,1077,no,Airport,Railway Station,30.401566,92.249249,3.8,7993,"Sightseeing, Photography",Local Market,,"Hindi, English",Tourism,Family,yes,YES,Y,YES,https://example.com/image.jpg
348,Varanasi Ghats,Uttar Pradesh,Varanasi,Beach,Popular tourist destination,Winter,Summer,Five Days,Medium,5000,1500,500.0,233,Y,No,NO,NO,YES,N,1,5,2,2,10.0,,1,6,Moderate,19,Medium,251,NO,Airport,Railway Station,32.034371,86.484004,2.7,19571,"Sightseeing, Photography",Local Market,Apr-Jun,"Hindi, English",Tourism,Senior Citizens,NO,N,Yes,NO,https://example.com/image.jpg
349,Mysuru Palace,Karnataka,Mysuru,Forest,Popular tourist destination,Winter,Summer,5 Days,High,5000,1500,,1293,yes,No,Yes,YES,No,no,2,10,3,7,,5.0,10,3,NA,22,Low,143,YES,Airport,Railway Station,24.566916,81.112008,4.8,47027,"Sightseeing, Photography",Local Market,"Nov, Dec","Hindi, English",Tourism,Luxury Travelers,YES,YES,no,No,https://example.com/image.jpg
350,Manali,Himachal Pradesh,Manali,Palace,,Winter,Summer,5 Days,Luxury,5000,30000,500.0,1445,NO,N,no,NO,No,Y,6,5,10,10,,,6,8,Moderate,5,Medium,1157,NO,Airport,Railway Station,10.329725,88.423513,4.0,42514,"Sightseeing, Photography",Local Market,January to March,"Hindi, English",Tourism,Friends,Yes,Y,no,yes,https://example.com/image.jpg
351,Ooty,Tamil Nadu,Ooty,Historical,Popular tourist destination,Winter,Summer,05 Days,Low,5000,1500,1000.0,414,N,no,N,no,Yes,YES,6,10,8,6,8.0,,2,1,Easy,19,Medium,3343,No,Airport,Railway Station,22.728065,73.047078,5.8,19986,"Sightseeing, Photography",Local Market,"Nov, Dec","Hindi, English",Tourism,Luxury Travelers,Y,yes,NO,yes,https://example.com/image.jpg
352,Ooty,Tamil Nadu,Ooty,Forest,Popular tourist destination,Winter,Summer,5 Days,High,250,3000,200.0,647,yes,Yes,no,no,yes,N,2,9,4,10,8.0,,6,9,Moderate,19,High,1158,Yes,Airport,Railway Station,19.160289,94.946888,,1694,"Sightseeing, Photography",Local Market,"Nov, Dec","Hindi, English",Tourism,Luxury Travelers,N,N,No,Y,https://example.com/image.jpg
353,Varanasi Ghats,Uttar Pradesh,Varanasi,Desert,Popular tourist destination,Winter,Summer,Five Days,Low,5000,1500,500.0,209,YES,no,N,Y,yes,No,4,7,6,5,10.0,1.0,8,3,NA,26,High,1438,Y,Airport,Railway Station,14.321343,95.092891,2.6,49046,"Sightseeing, Photography",Local Market,Jan-Mar,"Hindi, English",Tourism,Backpackers,Y,Yes,N,NO,https://example.com/image.jpg
354,Jaipur,Rajasthan,Jaipur,Hill Station,Popular tourist destination,Winter,Summer,05 Days,Luxury,5000,3000,,1277,YES,NO,YES,N,No,N,7,4,1,10,7.0,10.0,3,10,Difficult,13,Low,3132,NO,Airport,Railway Station,34.795073,94.748287,3.1,38688,"Sightseeing, Photography",Local Market,Winter,"Hindi, English",Tourism,Friends,N,no,Y,YES,https://example.com/image.jpg
355,Ooty,Tamil Nadu,Ooty,Adventure,Popular tourist destination,Winter,Summer,Five Days,Luxury,5000,30000,1000.0,1095,N,Yes,yes,yes,Y,Yes,1,10,10,3,10.0,,8,3,NA,7,Medium,548,No,Airport,Railway Station,9.548172,70.892986,3.5,9209,"Sightseeing, Photography",Local Market,Winter,"Hindi, English",Tourism,Backpackers,Y,Y,yes,YES,https://example.com/image.jpg
356,Mysuru Palace,Karnataka,Mysuru,Waterfall,Popular tourist destination,Winter,Summer,Five Days,Luxury,250,1500,500.0,161,no,Yes,NO,yes,Y,no,7,7,4,8,,,1,2,NA,29,Low,2817,NO,,Railway Station,31.193382,76.41592,4.2,30308,"Sightseeing, Photography",Local Market,Winter,"Hindi, English",Tourism,Other,No,N,N,yes,https://example.com/image.jpg
357,Mysuru Palace,Karnataka,Mysuru,Adventure,Popular tourist destination,Winter,Summer,Five Days,Low,999999,3000,,328,Y,N,Yes,Y,No,Y,7,8,5,5,,,4,6,Easy,23,Low,698,no,Airport,Railway Station,,84.788767,5.0,26048,"Sightseeing, Photography",Local Market,Jan-Mar,"Hindi, English",Tourism,Luxury Travelers,Yes,Yes,yes,N,https://example.com/image.jpg
358,Varanasi Ghats,Uttar Pradesh,Varanasi,Palace,Popular tourist destination,Winter,Summer,Five Days,Unknown,12000,100,1000.0,1994,Yes,no,yes,YES,N,YES,6,2,1,4,1.0,3.0,4,4,Easy,37,Low,1254,Y,Airport,Railway Station,31.250972,78.863776,4.5,34595,"Sightseeing, Photography",Local Market,Apr-Jun,"Hindi, English",Tourism,Couple,YES,NO,no,Y,https://example.com/image.jpg
359,Manali,Himachal Pradesh,Manali,Island,Popular tourist destination,Winter,Summer,5,Medium,12000,30000,1000.0,687,yes,NO,NO,no,Yes,Y,3,6,1,5,1.0,5.0,7,1,Easy,22,Low,2739,yes,Airport,Railway Station,21.792893,90.962488,2.7,25060,"Sightseeing, Photography",Local Market,Winter,"Hindi, English",Tourism,Senior Citizens,yes,yes,Yes,no,https://example.com/image.jpg
360,Jaipur,Rajasthan,Jaipur,Island,Popular tourist destination,Winter,Summer,5 Days,Medium,250,30000,1000.0,1331,No,No,Yes,NO,NO,NO,0,2,9,1,,8.0,5,8,Moderate,6,High,184,Yes,Airport,Railway Station,10.783308,69.008345,,14373,"Sightseeing, Photography",Local Market,,"Hindi, English",Tourism,Senior Citizens,NO,no,NO,No,https://example.com/image.jpg
361,Jaipur,Rajasthan,Jaipur,Beach,Popular tourist destination,Winter,Summer,5,Unknown,5000,100,500.0,1043,no,N,Y,YES,N,no,5,7,1,5,5.0,,5,6,Easy,29,Low,756,yes,Airport,Railway Station,,91.459869,3.4,39175,"Sightseeing, Photography",Local Market,,"Hindi, English",Tourism,Other,N,No,no,no,https://example.com/image.jpg
362,Mysuru Palace,Karnataka,Mysuru,National Park,Popular tourist destination,Winter,Summer,05 Days,Luxury,5000,100,,1313,N,No,YES,no,Yes,no,0,2,8,5,,1.0,1,5,Moderate,27,High,288,No,Airport,Railway Station,9.433817,74.603848,4.7,44703,"Sightseeing, Photography",Local Market,"Nov, Dec","Hindi, English",Tourism,Luxury Travelers,YES,N,Y,N,https://example.com/image.jpg
363,Varanasi Ghats,Uttar Pradesh,Varanasi,Fort,Popular tourist destination,Winter,Summer,05 Days,Low,250,1500,200.0,830,no,Yes,N,N,no,Y,2,7,2,1,3.0,,6,5,Easy,38,Low,137,NO,Airport,Railway Station,29.551483,75.899126,3.9,37969,"Sightseeing, Photography",Local Market,Jan-Mar,"Hindi, English",Tourism,Family,No,YES,yes,yes,https://example.com/image.jpg
364,Ooty,Tamil Nadu,Ooty,Pilgrimage,Popular tourist destination,Winter,Summer,05 Days,High,999999,30000,1000.0,1475,Y,NO,NO,yes,N,Yes,4,2,1,8,,,10,9,Easy,22,Medium,403,YES,Airport,Railway Station,10.540698,84.22539,3.8,4984,"Sightseeing, Photography",Local Market,Apr-Jun,"Hindi, English",Tourism,Senior Citizens,Yes,YES,no,Yes,https://example.com/image.jpg
365,Amritsar,Punjab,Amritsar,Desert,Popular tourist destination,Winter,Summer,5 Days,Medium,5000,3000,500.0,931,N,yes,No,YES,Yes,yes,2,6,6,1,,,9,10,NA,14,Medium,833,Y,Airport,Railway Station,31.064643,78.206446,4.1,3553,"Sightseeing, Photography",Local Market,January to March,"Hindi, English",Tourism,Couple,yes,yes,Yes,Y,https://example.com/image.jpg
366,Mysuru Palace,Karnataka,Mysuru,Nature,Popular tourist destination,Winter,Summer,5,Low,5000,1500,1000.0,1051,yes,YES,No,no,yes,YES,6,9,6,4,5.0,3.0,8,4,Easy,33,Low,289,no,Airport,Railway Station,28.924229,81.40716,2.8,39040,"Sightseeing, Photography",Local Market,"Nov, Dec","Hindi, English",Tourism,Other,yes,YES,yes,NO,https://example.com/image.jpg
367,Goa Beaches,Goa,Panaji,Palace,Popular tourist destination,Winter,Summer,05 Days,Low,250,30000,,1280,yes,N,No,Y,yes,Yes,5,6,2,2,,,3,7,Difficult,33,High,1321,Yes,Airport,Railway Station,22.869711,84.4206,4.9,16996,"Sightseeing, Photography",Local Market,"Nov, Dec","Hindi, English",Tourism,Backpackers,yes,no,No,no,https://example.com/image.jpg
368,Manali,Himachal Pradesh,Manali,Hill Station,Popular tourist destination,Winter,Summer,5,Medium,999999,1500,1000.0,1819,yes,No,NO,yes,Y,YES,0,6,4,2,8.0,7.0,3,3,Moderate,35,Medium,29,NO,Airport,Railway Station,8.802195,68.679214,4.3,23268,"Sightseeing, Photography",Local Market,"Nov, Dec","Hindi, English",Tourism,Other,N,Yes,N,yes,https://example.com/image.jpg
369,Goa Beaches,Goa,Panaji,Nature,Popular tourist destination,Winter,Summer,Five Days,Luxury,12000,1500,500.0,1801,No,YES,N,No,Yes,NO,0,10,9,7,,,6,9,Moderate,30,High,974,No,Airport,Railway Station,22.849298,76.006815,3.2,21945,"Sightseeing, Photography",Local Market,,"Hindi, English",Tourism,Solo,no,YES,YES,NO,https://example.com/image.jpg
370,Jaipur,Rajasthan,Jaipur,Island,Popular tourist destination,Winter,Summer,5 Days,High,250,30000,500.0,232,N,YES,N,N,NO,Yes,3,2,3,1,3.0,,5,1,Moderate,17,Medium,433,no,Airport,Railway Station,20.973323,85.436609,5.0,26703,"Sightseeing, Photography",Local Market,Jan-Mar,"Hindi, English",Tourism,Other,yes,yes,no,No,https://example.com/image.jpg
371,Munnar,Kerala,Munnar,Island,Popular tourist destination,Winter,Summer,Five Days,Medium,12000,100,1000.0,1475,no,NO,N,yes,no,yes,2,5,3,8,,9.0,1,7,Difficult,26,Medium,1311,N,Airport,Railway Station,16.291589,91.904033,3.2,19011,"Sightseeing, Photography",Local Market,"Nov, Dec","Hindi, English",Tourism,Other,no,yes,N,YES,https://example.com/image.jpg
372,Goa Beaches,Goa,Panaji,Lake,Popular tourist destination,Winter,Summer,Five Days,Luxury,5000,3000,500.0,1535,No,No,Yes,No,Yes,NO,7,2,10,6,,7.0,2,9,Easy,12,High,1276,NO,Airport,Railway Station,8.754379,71.73141,3.7,31772,"Sightseeing, Photography",Local Market,Winter,"Hindi, English",Tourism,Couple,Yes,YES,Yes,Y,https://example.com/image.jpg
373,Amritsar,Punjab,Amritsar,Adventure,,Winter,Summer,5 Days,Medium,999999,1500,1000.0,1672,yes,no,N,No,YES,No,4,3,4,7,,5.0,6,9,Easy,22,Medium,3470,N,Airport,Railway Station,18.387711,91.566102,2.6,655,"Sightseeing, Photography",Local Market,January to March,"Hindi, English",Tourism,Senior Citizens,YES,Yes,Yes,NO,https://example.com/image.jpg
374,Mysuru Palace,Karnataka,Mysuru,Fort,Popular tourist destination,Winter,Summer,5 Days,Low,999999,100,500.0,841,N,YES,NO,no,Yes,YES,6,8,10,2,,,8,4,Easy,13,High,1498,NO,Airport,Railway Station,,93.157359,3.4,33591,"Sightseeing, Photography",Local Market,Winter,"Hindi, English",Tourism,Senior Citizens,NO,no,NO,yes,https://example.com/image.jpg
375,Amritsar,Punjab,Amritsar,Historical,Popular tourist destination,Winter,Summer,Five Days,Medium,5000,3000,,490,Y,Yes,No,NO,yes,Y,6,9,8,6,,,3,4,NA,6,High,1089,N,Airport,Railway Station,28.984808,72.796889,3.8,3128,"Sightseeing, Photography",Local Market,Winter,"Hindi, English",Tourism,Couple,Y,NO,No,yes,https://example.com/image.jpg
376,Goa Beaches,Goa,Panaji,Lake,Popular tourist destination,Winter,Summer,5,Low,999999,3000,,505,N,NO,No,no,yes,No,5,1,1,9,,,2,4,Easy,28,High,199,Yes,Airport,Railway Station,17.336841,70.436008,3.3,47300,"Sightseeing, Photography",Local Market,"Nov, Dec","Hindi, English",Tourism,Senior Citizens,Yes,Yes,NO,N,https://example.com/image.jpg
377,Goa Beaches,Goa,Panaji,Desert,Popular tourist destination,Winter,Summer,5 Days,Low,12000,3000,500.0,1606,no,Y,N,NO,N,yes,5,8,8,9,,7.0,9,2,NA,25,Low,2864,Y,Airport,Railway Station,17.09954,89.83342,4.9,7014,"Sightseeing, Photography",Local Market,January to March,"Hindi, English",Tourism,Family,No,N,Y,YES,https://example.com/image.jpg
378,Varanasi Ghats,Uttar Pradesh,Varanasi,Waterfall,Popular tourist destination,Winter,Summer,5,Luxury,250,1500,,455,Yes,No,No,No,no,yes,6,3,4,1,,5.0,6,7,Easy,34,High,2492,No,Airport,Railway Station,21.380524,75.919135,4.1,5699,"Sightseeing, Photography",Local Market,Apr-Jun,"Hindi, English",Tourism,Other,no,Yes,NO,N,https://example.com/image.jpg
379,Ooty,Tamil Nadu,Ooty,Wildlife,Popular tourist destination,Winter,Summer,Five Days,Medium,250,100,200.0,745,No,NO,YES,yes,N,YES,0,2,10,2,,,6,3,Difficult,15,High,1779,no,Airport,Railway Station,11.387436,,3.0,49747,"Sightseeing, Photography",Local Market,Apr-Jun,"Hindi, English",Tourism,Backpackers,yes,Yes,no,N,https://example.com/image.jpg
380,Munnar,Kerala,Munnar,Hill Station,Popular tourist destination,Winter,Summer,Five Days,Medium,250,3000,500.0,1129,N,Yes,Y,No,NO,Yes,3,8,4,9,,,4,3,NA,14,Low,2035,yes,Airport,Railway Station,,69.750337,2.7,15583,"Sightseeing, Photography",Local Market,,"Hindi, English",Tourism,Backpackers,No,No,No,N,https://example.com/image.jpg
381,Ooty, Tamil Nadu ,Ooty,Adventure,Popular tourist destination,Winter,Summer,05 Days,Medium,12000,30000,500.0,1009,No,Yes,YES,NO,NO,yes,5,3,8,9,,8.0,1,1,Easy,21,Low,802,yes,Airport,Railway Station,9.730091,95.705972,4.2,20876,"Sightseeing, Photography",Local Market,Apr-Jun,"Hindi, English",Tourism,Luxury Travelers,yes,Yes,YES,Yes,https://example.com/image.jpg
382,Manali,Himachal Pradesh,Manali,Historical,Popular tourist destination,Winter,Summer,Five Days,Low,12000,3000,500.0,572,N,N,Yes,no,No,YES,4,5,4,1,5.0,,1,4,Easy,24,High,705,Y,Airport,Railway Station,20.750037,76.801509,4.2,13565,"Sightseeing, Photography",Local Market,Jan-Mar,"Hindi, English",Tourism,Family,No,yes,No,yes,https://example.com/image.jpg
383,Varanasi Ghats,Uttar Pradesh,Varanasi,Beach,Popular tourist destination,Winter,Summer,5,Low,5000,1500,500.0,564,yes,Y,no,YES,no,yes,7,2,4,5,,,5,8,NA,36,High,1687,yes,Airport,Railway Station,23.024579,73.201698,2.9,24633,"Sightseeing, Photography",Local Market,Apr-Jun,"Hindi, English",Tourism,Backpackers,No,Y,Y,Y,https://example.com/image.jpg
384,Amritsar,Punjab,Amritsar,Historical,Popular tourist destination,Winter,Summer,5 Days,Unknown,999999,100,200.0,478,YES,no,NO,Yes,N,N,4,5,3,9,,1.0,5,7,Difficult,21,High,196,Yes,Airport,Railway Station,28.619769,80.714929,2.5,9876,"Sightseeing, Photography",Local Market,January to March,"Hindi, English",Tourism,Other,yes,Y,N,YES,https://example.com/image.jpg
385,Varanasi Ghats,Uttar Pradesh,Varanasi,Hill Station,Popular tourist destination,Winter,Summer,5 Days,High,999999,3000,500.0,1521,YES,NO,No,NO,yes,Y,0,2,6,3,,,9,6,Moderate,8,Medium,2051,yes,Airport,Railway Station,18.131006,,3.2,31527,"Sightseeing, Photography",Local Market,January to March,"Hindi, English",Tourism,Solo,no,Yes,No,no,https://example.com/image.jpg
386,Goa Beaches,Goa,Panaji,Wildlife,Popular tourist destination,Winter,Summer,5,Unknown,999999,3000,,443,YES,NO,no,N,no,No,4,2,10,6,,5.0,8,7,NA,18,Low,2370,no,Airport,Railway Station,19.67785,82.33264,4.7,48953,"Sightseeing, Photography",Local Market,"Nov, Dec","Hindi, English",Tourism,Friends,Yes,N,YES,Yes,https://example.com/image.jpg
387,Munnar,Kerala,Munnar,Wildlife,Popular tourist destination,Winter,Summer,Five Days,High,999999,100,500.0,1012,YES,no,YES,no,No,YES,7,5,1,3,,7.0,8,9,Moderate,29,High,1147,No,Airport,Railway Station,31.036114,82.330553,4.6,5343,"Sightseeing, Photography",Local Market,,"Hindi, English",Tourism,Family,Yes,No,No,YES,https://example.com/image.jpg
388,Goa Beaches,Goa,Panaji,National Park,Popular tourist destination,Winter,Summer,5 Days,Medium,999999,30000,,1007,No,yes,Y,YES,No,Y,2,4,2,2,,,4,4,Difficult,5,Low,3099,Y,Airport,Railway Station,8.155125,81.530932,4.8,16984,"Sightseeing, Photography",Local Market,"Nov, Dec","Hindi, English",Tourism,Backpackers,Y,Yes,No,YES,https://example.com/image.jpg
389,Ooty,Tamil Nadu,Ooty,Lake,Popular tourist destination,Winter,Summer,05 Days,Luxury,5000,1500,500.0,901,Y,N,YES,no,no,Y,6,8,4,6,6.0,,4,3,Difficult,13,Low,1002,YES,Airport,Railway Station,33.096607,79.865488,2.8,8818,"Sightseeing, Photography",Local Market,"Nov, Dec","Hindi, English",Tourism,Couple,Y,no,Yes,Yes,https://example.com/image.jpg
390,Jaipur,Rajasthan,Jaipur,Hill Station,,Winter,Summer,Five Days,Luxury,12000,3000,,1477,N,YES,no,Y,Yes,NO,5,8,5,8,1.0,,9,3,Moderate,37,High,1140,NO,Airport,Railway Station,15.450094,69.930865,4.1,20657,"Sightseeing, Photography",Local Market,January to March,"Hindi, English",Tourism,Other,YES,no,No,no,https://example.com/image.jpg
391,Munnar,Kerala,Munnar,Pilgrimage,Popular tourist destination,Winter,Summer,Five Days,Medium,12000,100,500.0,1526,Y,yes,no,YES,NO,YES,2,7,2,1,8.0,,7,3,NA,36,High,1917,no,Airport,Railway Station,17.576375,89.945011,4.5,5780,"Sightseeing, Photography",Local Market,,"Hindi, English",Tourism,Luxury Travelers,NO,Yes,No,No,https://example.com/image.jpg
392,Manali,Himachal Pradesh,Manali,Hill Station,Popular tourist destination,Winter,Summer,5 Days,High,999999,100,1000.0,834,N,YES,yes,Y,NO,No,7,4,2,1,2.0,,10,9,Easy,22,High,3463,no,Airport,Railway Station,,81.140375,4.9,28945,"Sightseeing, Photography",Local Market,Jan-Mar,"Hindi, English",Tourism,Senior Citizens,yes,NO,N,yes,https://example.com/image.jpg
393,Jaipur,Rajasthan,Jaipur,Adventure,Popular tourist destination,Winter,Summer,05 Days,Luxury,250,100,,698,no,YES,No,N,No,No,2,3,2,8,3.0,10.0,4,9,Difficult,13,High,1563,YES,Airport,Railway Station,20.22729,94.306961,,45858,"Sightseeing, Photography",Local Market,Apr-Jun,"Hindi, English",Tourism,Other,no,N,NO,No,https://example.com/image.jpg
394,Jaipur, Rajasthan ,Jaipur,Lake,Popular tourist destination,Winter,Summer,5 Days,Medium,5000,100,,1321,Yes,N,YES,No,N,YES,5,8,1,1,2.0,,2,10,Moderate,8,Medium,239,Y,Airport,Railway Station,16.188831,,2.7,6130,"Sightseeing, Photography",Local Market,Winter,"Hindi, English",Tourism,Senior Citizens,NO,yes,NO,N,https://example.com/image.jpg
395,Amritsar,Punjab,Amritsar,Palace,Popular tourist destination,Winter,Summer,5 Days,High,999999,30000,200.0,398,Yes,YES,no,Yes,no,YES,4,1,6,2,10.0,4.0,5,8,Moderate,26,High,147,Yes,Airport,Railway Station,28.262878,87.511832,4.6,27846,"Sightseeing, Photography",Local Market,Apr-Jun,"Hindi, English",Tourism,Family,yes,No,NO,Y,https://example.com/image.jpg
396,Munnar,Kerala,Munnar,Hill Station,Popular tourist destination,Winter,Summer,5,Luxury,12000,100,500.0,1154,Y,N,NO,Y,Yes,NO,7,2,4,2,4.0,5.0,4,1,Difficult,37,High,382,NO,Airport,Railway Station,23.695297,78.311062,2.6,24927,"Sightseeing, Photography",Local Market,"Nov, Dec","Hindi, English",Tourism,Luxury Travelers,YES,NO,Yes,yes,https://example.com/image.jpg
397,Munnar,Kerala,Munnar,Beach,Popular tourist destination,Winter,Summer,05 Days,Luxury,5000,1500,1000.0,607,Y,No,yes,NO,Yes,Y,7,3,1,3,,,2,6,NA,30,High,1054,yes,Airport,Railway Station,,74.985046,2.9,3266,"Sightseeing, Photography",Local Market,Jan-Mar,"Hindi, English",Tourism,Senior Citizens,yes,no,yes,NO,https://example.com/image.jpg
398,Jaipur,Rajasthan,Jaipur,Wildlife,Popular tourist destination,Winter,Summer,5 Days,Unknown,12000,100,1000.0,422,YES,no,Yes,Y,yes,Y,3,10,7,3,,5.0,5,10,Difficult,28,High,184,no,Airport,Railway Station,15.165603,76.044596,4.0,20933,"Sightseeing, Photography",Local Market,"Nov, Dec","Hindi, English",Tourism,Senior Citizens,No,No,NO,no,https://example.com/image.jpg
399,Mysuru Palace,Karnataka,Mysuru,Hill Station,Popular tourist destination,Winter,Summer,Five Days,High,250,100,,858,no,N,No,N,YES,no,0,8,1,2,,,2,5,Easy,26,Medium,2047,NO,Airport,Railway Station,23.943342,85.03738,3.7,40253,"Sightseeing, Photography",Local Market,Winter,"Hindi, English",Tourism,Solo,Yes,NO,No,No,https://example.com/image.jpg
400,Amritsar,Punjab,Amritsar,Hill Station,Popular tourist destination,Winter,Summer,Five Days,Low,999999,1500,500.0,1984,Yes,Yes,Yes,Yes,Y,No,2,7,1,10,10.0,,4,6,NA,8,Low,1118,NO,Airport,Railway Station,9.187386,90.268474,4.5,13738,"Sightseeing, Photography",Local Market,,"Hindi, English",Tourism,Friends,NO,yes,Yes,no,https://example.com/image.jpg
401,Varanasi Ghats,Uttar Pradesh,Varanasi,Hill Station,Popular tourist destination,Winter,Summer,Five Days,Unknown,12000,30000,200.0,1038,NO,No,yes,Y,yes,no,2,5,6,9,,,9,9,NA,21,Low,808,No,Airport,Railway Station,8.007108,90.371465,3.0,10037,"Sightseeing, Photography",Local Market,Jan-Mar,"Hindi, English",Tourism,Other,Yes,no,YES,No,https://example.com/image.jpg
402,Varanasi Ghats,Uttar Pradesh,Varanasi,Beach,Popular tourist destination,Winter,Summer,5,High,12000,100,200.0,226,yes,N,No,no,N,Yes,5,1,9,9,,1.0,6,6,NA,27,Low,3247,NO,Airport,Railway Station,20.160036,70.590805,,2558,"Sightseeing, Photography",Local Market,,"Hindi, English",Tourism,Family,No,NO,No,YES,https://example.com/image.jpg
403,Varanasi Ghats,Uttar Pradesh,Varanasi,Beach,Popular tourist destination,Winter,Summer,Five Days,High,5000,1500,500.0,1980,yes,Yes,Yes,NO,no,NO,6,9,2,6,,,1,2,NA,29,Medium,410,yes,Airport,Railway Station,10.705716,91.77551,4.1,13135,"Sightseeing, Photography",Local Market,Apr-Jun,"Hindi, English",Tourism,Friends,Y,no,no,no,https://example.com/image.jpg
404,Jaipur, Rajasthan ,Jaipur,Historical,Popular tourist destination,Winter,Summer,5 Days,High,999999,1500,200.0,1551,Yes,Yes,N,N,Yes,N,1,2,2,7,,,1,10,NA,32,Medium,3057,NO,Airport,Railway Station,32.864435,79.961434,3.4,2727,"Sightseeing, Photography",Local Market,Winter,"Hindi, English",Tourism,Luxury Travelers,N,Yes,yes,no,https://example.com/image.jpg
405,Munnar, Kerala ,Munnar,Pilgrimage,Popular tourist destination,Winter,Summer,5,Low,12000,30000,,1697,N,No,NO,yes,No,N,5,9,5,10,,4.0,5,4,Easy,9,High,1387,NO,Airport,Railway Station,9.456888,93.762242,2.9,25730,"Sightseeing, Photography",Local Market,Apr-Jun,"Hindi, English",Tourism,Family,Y,Yes,YES,N,https://example.com/image.jpg
406,Amritsar,Punjab,Amritsar,Forest,Popular tourist destination,Winter,Summer,05 Days,Luxury,12000,1500,1000.0,400,Y,no,N,yes,N,YES,3,8,9,3,3.0,8.0,10,10,Moderate,23,High,3165,N,Airport,Railway Station,24.651157,86.872536,2.9,36620,"Sightseeing, Photography",Local Market,Apr-Jun,"Hindi, English",Tourism,Family,No,yes,YES,NO,https://example.com/image.jpg
407,Varanasi Ghats,Uttar Pradesh,Varanasi,Palace,Popular tourist destination,Winter,Summer,5,Unknown,12000,3000,200.0,276,yes,No,NO,N,NO,yes,0,6,2,5,8.0,4.0,9,2,Difficult,20,High,2861,no,Airport,Railway Station,30.446077,68.522537,4.1,13326,"Sightseeing, Photography",Local Market,,"Hindi, English",Tourism,Friends,yes,No,N,yes,https://example.com/image.jpg
408,Mysuru Palace,Karnataka,Mysuru,Palace,Popular tourist destination,Winter,Summer,5,Luxury,250,100,1000.0,392,yes,Y,No,N,Yes,no,2,1,1,7,5.0,4.0,4,4,NA,18,Low,3160,No,Airport,Railway Station,23.998378,96.493987,3.3,5347,"Sightseeing, Photography",Local Market,January to March,"Hindi, English",Tourism,Family,no,Yes,no,yes,https://example.com/image.jpg
409,Manali,Himachal Pradesh,Manali,Lake,Popular tourist destination,Winter,Summer,Five Days,Luxury,250,3000,200.0,1552,YES,Yes,yes,Yes,yes,N,3,2,1,4,4.0,7.0,6,5,Difficult,38,High,857,N,Airport,Railway Station,18.46253,90.190819,4.0,17650,"Sightseeing, Photography",Local Market,,"Hindi, English",Tourism,Backpackers,yes,yes,No,Yes,https://example.com/image.jpg
410,Varanasi Ghats,Uttar Pradesh,Varanasi,Desert,Popular tourist destination,Winter,Summer,05 Days,High,999999,30000,500.0,1185,no,YES,NO,N,no,Yes,5,5,4,2,1.0,,10,7,Easy,6,High,1932,No,Airport,Railway Station,33.324857,82.865369,3.2,36731,"Sightseeing, Photography",Local Market,January to March,"Hindi, English",Tourism,Solo,No,no,Yes,yes,https://example.com/image.jpg
411,Mysuru Palace,Karnataka,Mysuru,Religious,Popular tourist destination,Winter,Summer,5 Days,Low,5000,1500,1000.0,1989,Yes,N,YES,no,N,Y,6,5,5,7,9.0,,5,3,NA,21,Medium,2189,No,Airport,Railway Station,17.215134,90.462593,2.7,45855,"Sightseeing, Photography",Local Market,,"Hindi, English",Tourism,Friends,N,Y,Y,no,https://example.com/image.jpg
412,Varanasi Ghats,Uttar Pradesh,Varanasi,Adventure,Popular tourist destination,Winter,Summer,5 Days,Luxury,5000,3000,,1790,Y,NO,Yes,yes,No,YES,7,6,7,9,9.0,,1,8,Easy,21,Low,2841,No,Airport,Railway Station,8.88665,85.471515,5.8,37097,"Sightseeing, Photography",Local Market,,"Hindi, English",Tourism,Solo,yes,YES,YES,Y,https://example.com/image.jpg
413,Jaipur,Rajasthan,Jaipur,Wildlife,Popular tourist destination,Winter,Summer,05 Days,Medium,999999,100,200.0,992,Yes,Yes,yes,Yes,N,N,5,1,5,10,,,10,7,NA,17,High,887,YES,Airport,Railway Station,11.995327,88.245149,4.8,26507,"Sightseeing, Photography",Local Market,Winter,"Hindi, English",Tourism,Luxury Travelers,Y,yes,N,NO,https://example.com/image.jpg
414,Amritsar,Punjab,Amritsar,Fort,Popular tourist destination,Winter,Summer,Five Days,Low,999999,100,500.0,1009,yes,N,no,N,N,YES,7,6,9,10,,8.0,10,9,NA,18,Medium,1215,N,Airport,Railway Station,23.831393,75.474415,4.1,44327,"Sightseeing, Photography",Local Market,Jan-Mar,"Hindi, English",Tourism,Solo,No,NO,NO,YES,https://example.com/image.jpg
415,Goa Beaches,Goa,Panaji,Fort,Popular tourist destination,Winter,Summer,5,Luxury,250,1500,,406,yes,yes,no,No,NO,Yes,5,3,8,10,9.0,,10,8,Difficult,19,Medium,3369,Yes,Airport,Railway Station,34.268131,93.37558,3.9,4811,"Sightseeing, Photography",Local Market,January to March,"Hindi, English",Tourism,Luxury Travelers,Yes,Yes,yes,No,https://example.com/image.jpg
416,Goa Beaches,Goa,Panaji,Waterfall,Popular tourist destination,Winter,Summer,5,Low,12000,1500,200.0,978,Yes,no,NO,No,NO,NO,2,6,1,7,6.0,,9,3,NA,33,Low,1045,yes,Airport,Railway Station,33.297904,73.480112,3.8,31634,"Sightseeing, Photography",Local Market,Apr-Jun,"Hindi, English",Tourism,Other,Y,YES,No,NO,https://example.com/image.jpg
417,Amritsar,Punjab,Amritsar,Fort,Popular tourist destination,Winter,Summer,5 Days,High,5000,30000,200.0,1161,No,N,no,Yes,YES,Yes,2,4,8,9,,,6,4,NA,36,Medium,1063,Yes,Airport,Railway Station,20.069119,,4.6,4029,"Sightseeing, Photography",Local Market,January to March,"Hindi, English",Tourism,Family,N,YES,No,N,https://example.com/image.jpg
418,Manali,Himachal Pradesh,Manali,Historical,Popular tourist destination,Winter,Summer,5,High,12000,100,1000.0,594,Yes,yes,N,No,Y,NO,2,7,5,6,6.0,,10,6,Difficult,37,High,405,Yes,Airport,Railway Station,13.560246,84.470372,3.5,3687,"Sightseeing, Photography",Local Market,Apr-Jun,"Hindi, English",Tourism,Backpackers,No,NO,No,N,https://example.com/image.jpg
419,Jaipur,Rajasthan,Jaipur,Hill Station,Popular tourist destination,Winter,Summer,5,Luxury,999999,3000,,1792,Y,YES,YES,YES,YES,no,5,7,5,3,,6.0,2,3,Easy,28,Low,2630,NO,Airport,Railway Station,20.004946,94.004197,2.8,31622,"Sightseeing, Photography",Local Market,Apr-Jun,"Hindi, English",Tourism,Friends,Yes,YES,Yes,No,https://example.com/image.jpg
420,Varanasi Ghats,Uttar Pradesh,Varanasi,Adventure,,Winter,Summer,Five Days,Unknown,5000,30000,200.0,1250,Y,Y,No,YES,NO,Y,5,4,2,10,,4.0,9,4,Easy,34,Low,1778,YES,Airport,Railway Station,13.684112,94.956314,3.6,10515,"Sightseeing, Photography",Local Market,Apr-Jun,"Hindi, English",Tourism,Backpackers,Y,Y,N,yes,https://example.com/image.jpg
421,Goa Beaches,Goa,Panaji,Nature,Popular tourist destination,Winter,Summer,5,Low,5000,3000,200.0,869,YES,no,Yes,no,Yes,Y,2,1,9,2,1.0,,5,10,Easy,12,High,958,yes,Airport,Railway Station,25.063281,86.389865,5.0,11932,"Sightseeing, Photography",Local Market,Apr-Jun,"Hindi, English",Tourism,Solo,N,N,N,YES,https://example.com/image.jpg
422,Munnar,Kerala,Munnar,Beach,Popular tourist destination,Winter,Summer,Five Days,High,250,30000,500.0,946,no,Yes,No,Y,Yes,YES,3,7,10,3,7.0,,1,10,Difficult,12,Low,2871,NO,Airport,Railway Station,33.21294,80.403864,4.0,17048,"Sightseeing, Photography",Local Market,"Nov, Dec","Hindi, English",Tourism,Friends,yes,No,N,NO,https://example.com/image.jpg
423,Manali,Himachal Pradesh,Manali,Palace,Popular tourist destination,Winter,Summer,Five Days,Unknown,5000,1500,,1413,NO,no,no,Y,YES,no,5,5,6,2,3.0,6.0,2,8,Difficult,20,Medium,960,no,Airport,Railway Station,18.011326,95.975332,3.3,1489,"Sightseeing, Photography",Local Market,January to March,"Hindi, English",Tourism,Other,no,no,Yes,no,https://example.com/image.jpg
424,Jaipur,rajasthan,Jaipur,Desert,Popular tourist destination,Winter,Summer,5 Days,Luxury,999999,3000,200.0,1144,NO,no,No,YES,no,Yes,7,1,1,8,2.0,,9,6,Difficult,10,High,1547,No,Airport,Railway Station,32.135804,94.06958,2.8,48590,"Sightseeing, Photography",Local Market,January to March,"Hindi, English",Tourism,Couple,Yes,yes,NO,Y,https://example.com/image.jpg
425,Manali,Himachal Pradesh,Manali,Wildlife,Popular tourist destination,Winter,Summer,Five Days,Medium,250,3000,1000.0,738,yes,Yes,N,N,yes,Y,0,6,6,6,,,1,9,Moderate,5,High,2684,Yes,Airport,Railway Station,26.475656,95.489564,3.8,26336,"Sightseeing, Photography",Local Market,Jan-Mar,"Hindi, English",Tourism,Backpackers,No,Yes,N,NO,https://example.com/image.jpg
426,Mysuru Palace,Karnataka,Mysuru,Desert,Popular tourist destination,Winter,Summer,5 Days,High,250,100,,1760,NO,No,yes,N,Yes,no,1,2,3,3,9.0,,1,1,NA,12,High,3090,N,Airport,Railway Station,17.377759,94.867334,2.6,15157,"Sightseeing, Photography",Local Market,Winter,"Hindi, English",Tourism,Solo,Yes,YES,yes,no,https://example.com/image.jpg
427,Ooty,Tamil Nadu,Ooty,Fort,Popular tourist destination,Winter,Summer,Five Days,Low,12000,100,200.0,1933,Y,N,no,No,Yes,no,6,9,3,1,2.0,8.0,10,10,Easy,32,Low,2071,yes,,Railway Station,12.524845,79.513226,,43933,"Sightseeing, Photography",Local Market,,"Hindi, English",Tourism,Couple,No,Y,no,yes,https://example.com/image.jpg
428,Ooty,Tamil Nadu,Ooty,Adventure,Popular tourist destination,Winter,Summer,Five Days,Medium,12000,30000,1000.0,1735,N,NO,Y,NO,Yes,NO,6,2,3,6,6.0,,8,4,NA,13,Low,1905,Y,Airport,Railway Station,14.169142,82.317694,3.6,47023,"Sightseeing, Photography",Local Market,January to March,"Hindi, English",Tourism,Solo,yes,Y,No,no,https://example.com/image.jpg
429,Goa Beaches,Goa,Panaji,Pilgrimage,Popular tourist destination,Winter,Summer,5,Low,5000,100,200.0,210,YES,YES,N,NO,Yes,Y,5,8,2,3,,6.0,8,6,Moderate,21,High,32,no,Airport,Railway Station,17.143833,78.838763,5.0,36457,"Sightseeing, Photography",Local Market,January to March,"Hindi, English",Tourism,Luxury Travelers,YES,Yes,YES,no,https://example.com/image.jpg
430,Jaipur,Rajasthan,Jaipur,Palace,,Winter,Summer,5 Days,Low,250,1500,,102,Yes,Y,YES,NO,Yes,N,5,1,5,6,,7.0,8,4,NA,14,High,1449,Y,Airport,Railway Station,24.032342,68.17165,3.2,28515,"Sightseeing, Photography",Local Market,Apr-Jun,"Hindi, English",Tourism,Family,yes,Y,No,YES,https://example.com/image.jpg
431,Amritsar,Punjab,Amritsar,Beach,Popular tourist destination,Winter,Summer,05 Days,Luxury,250,3000,,959,yes,Y,Y,YES,Y,N,1,5,4,6,,,2,3,Easy,34,Low,745,yes,Airport,Railway Station,20.139938,78.471563,4.7,35758,"Sightseeing, Photography",Local Market,January to March,"Hindi, English",Tourism,Luxury Travelers,YES,YES,Yes,YES,https://example.com/image.jpg
432,Amritsar,Punjab,Amritsar,Waterfall,Popular tourist destination,Winter,Summer,Five Days,High,250,1500,1000.0,302,N,No,Yes,NO,No,YES,4,5,2,8,1.0,,7,7,NA,37,Low,3327,Y,Airport,Railway Station,28.031462,89.796836,,838,"Sightseeing, Photography",Local Market,,"Hindi, English",Tourism,Luxury Travelers,yes,N,No,NO,https://example.com/image.jpg
433,Jaipur,Rajasthan,Jaipur,Waterfall,Popular tourist destination,Winter,Summer,Five Days,Low,999999,30000,,122,No,Yes,yes,no,Y,Yes,4,9,4,6,,1.0,3,7,Difficult,23,Medium,1631,N,Airport,Railway Station,19.14059,85.856283,4.9,35450,"Sightseeing, Photography",Local Market,Winter,"Hindi, English",Tourism,Backpackers,Yes,no,yes,No,https://example.com/image.jpg
434,Jaipur,Rajasthan,Jaipur,Nature,Popular tourist destination,Winter,Summer,Five Days,Medium,999999,30000,1000.0,1650,N,YES,no,Yes,yes,Yes,5,5,1,6,,10.0,2,8,NA,17,Low,1194,Yes,Airport,Railway Station,33.212582,80.040052,4.8,1165,"Sightseeing, Photography",Local Market,,"Hindi, English",Tourism,Luxury Travelers,yes,Yes,NO,N,https://example.com/image.jpg
435,Varanasi Ghats,Uttar Pradesh,Varanasi,Forest,Popular tourist destination,Winter,Summer,5,Luxury,250,30000,500.0,1203,Yes,yes,no,NO,YES,Yes,4,9,10,6,,8.0,5,4,Difficult,13,Low,1294,N,Airport,Railway Station,34.38331,83.687531,3.3,36934,"Sightseeing, Photography",Local Market,"Nov, Dec","Hindi, English",Tourism,Backpackers,NO,YES,No,Yes,https://example.com/image.jpg
436,Goa Beaches,Goa,Panaji,Adventure,,Winter,Summer,Five Days,Low,999999,1500,,208,NO,NO,NO,No,NO,Y,1,2,2,4,2.0,,5,5,Easy,22,Medium,514,No,Airport,Railway Station,22.051796,83.07093,3.6,28978,"Sightseeing, Photography",Local Market,"Nov, Dec","Hindi, English",Tourism,Solo,YES,Y,Yes,Y,https://example.com/image.jpg
437,Munnar,Kerala,Munnar,Desert,Popular tourist destination,Winter,Summer,5 Days,Medium,999999,3000,,385,NO,Yes,Yes,NO,Yes,yes,7,5,3,7,,,9,2,Moderate,15,Medium,306,NO,Airport,Railway Station,25.857987,,4.8,6426,"Sightseeing, Photography",Local Market,,"Hindi, English",Tourism,Solo,No,Yes,N,yes,https://example.com/image.jpg
438,Goa Beaches,Goa,Panaji,Wildlife,Popular tourist destination,Winter,Summer,Five Days,Low,999999,100,500.0,1298,YES,Y,no,no,N,No,2,6,3,10,9.0,,7,6,NA,21,Medium,199,YES,Airport,Railway Station,31.069017,76.325166,4.2,45293,"Sightseeing, Photography",Local Market,,"Hindi, English",Tourism,Other,Y,N,N,YES,https://example.com/image.jpg
439,Mysuru Palace,Karnataka,Mysuru,Waterfall,Popular tourist destination,Winter,Summer,05 Days,Unknown,5000,100,,1905,NO,YES,NO,no,NO,YES,3,4,10,10,9.0,,2,10,Easy,13,High,3135,Yes,Airport,Railway Station,31.669953,86.52661,3.9,39378,"Sightseeing, Photography",Local Market,Apr-Jun,"Hindi, English",Tourism,Luxury Travelers,Yes,NO,NO,yes,https://example.com/image.jpg
440,Amritsar,Punjab,Amritsar,National Park,Popular tourist destination,Winter,Summer,5 Days,Luxury,250,100,500.0,102,N,yes,No,N,Y,N,1,6,5,1,,4.0,1,1,Moderate,37,Low,2469,no,Airport,Railway Station,13.341896,86.478954,3.1,21513,"Sightseeing, Photography",Local Market,,"Hindi, English",Tourism,Luxury Travelers,no,yes,NO,Y,https://example.com/image.jpg
441,Munnar,Kerala,Munnar,Palace,Popular tourist destination,Winter,Summer,Five Days,Luxury,250,30000,500.0,1473,NO,no,yes,yes,YES,N,7,2,9,7,9.0,,10,9,Difficult,23,Low,3272,yes,Airport,Railway Station,17.496118,69.12416,4.6,15345,"Sightseeing, Photography",Local Market,,"Hindi, English",Tourism,Senior Citizens,YES,Y,N,NO,https://example.com/image.jpg
442,Mysuru Palace,Karnataka,Mysuru,Hill Station,Popular tourist destination,Winter,Summer,Five Days,High,5000,30000,1000.0,1578,N,no,Y,No,No,YES,6,8,7,5,8.0,3.0,6,10,Easy,13,Medium,2961,no,Airport,Railway Station,23.752461,93.804931,4.4,46698,"Sightseeing, Photography",Local Market,,"Hindi, English",Tourism,Other,no,No,yes,yes,https://example.com/image.jpg
443,Goa Beaches,Goa,Panaji,National Park,Popular tourist destination,Winter,Summer,5 Days,Unknown,999999,100,200.0,163,Yes,No,No,YES,no,No,5,7,7,9,,,10,7,Moderate,22,Low,900,NO,Airport,Railway Station,25.751873,93.021394,3.3,11274,"Sightseeing, Photography",Local Market,Winter,"Hindi, English",Tourism,Couple,No,no,no,YES,https://example.com/image.jpg
444,Goa Beaches,Goa,Panaji,Beach,Popular tourist destination,Winter,Summer,5,High,5000,1500,1000.0,1335,NO,Y,No,no,no,Yes,2,9,10,9,5.0,1.0,9,10,Easy,12,High,665,Yes,Airport,Railway Station,,73.082459,4.6,3453,"Sightseeing, Photography",Local Market,Apr-Jun,"Hindi, English",Tourism,Solo,no,no,no,N,https://example.com/image.jpg
445,Goa Beaches,Goa,Panaji,Waterfall,Popular tourist destination,Winter,Summer,5,Low,5000,100,1000.0,865,N,No,YES,N,yes,Yes,0,10,3,10,6.0,5.0,1,7,NA,11,High,1043,yes,Airport,Railway Station,14.706331,85.913554,3.1,40593,"Sightseeing, Photography",Local Market,,"Hindi, English",Tourism,Senior Citizens,N,yes,NO,yes,https://example.com/image.jpg
446,Mysuru Palace,Karnataka,Mysuru,Fort,Popular tourist destination,Winter,Summer,5 Days,Luxury,5000,3000,1000.0,100,NO,No,no,N,no,NO,1,6,1,8,,,8,8,Difficult,28,Low,1591,Yes,Airport,Railway Station,23.87448,91.720417,3.8,32290,"Sightseeing, Photography",Local Market,January to March,"Hindi, English",Tourism,Couple,N,Y,NO,Y,https://example.com/image.jpg
447,Amritsar,Punjab,Amritsar,Waterfall,,Winter,Summer,5 Days,High,5000,3000,200.0,1050,NO,No,no,yes,no,NO,1,10,9,8,10.0,9.0,10,3,Difficult,27,Low,1701,yes,Airport,Railway Station,18.041408,84.455358,3.1,42670,"Sightseeing, Photography",Local Market,January to March,"Hindi, English",Tourism,Family,Yes,NO,NO,YES,https://example.com/image.jpg
448,Varanasi Ghats,Uttar Pradesh,Varanasi,Hill Station,Popular tourist destination,Winter,Summer,05 Days,Medium,999999,3000,200.0,1914,N,no,No,N,no,YES,7,6,10,5,3.0,,5,6,Difficult,10,Medium,284,yes,,Railway Station,,95.928714,4.7,38504,"Sightseeing, Photography",Local Market,January to March,"Hindi, English",Tourism,Family,N,Yes,no,YES,https://example.com/image.jpg
449,Varanasi Ghats,Uttar Pradesh,Varanasi,Pilgrimage,Popular tourist destination,Winter,Summer,5,Luxury,250,3000,1000.0,1202,No,N,yes,Y,yes,No,0,2,8,6,6.0,5.0,9,1,Moderate,34,Medium,2393,No,Airport,Railway Station,32.452854,91.208669,4.1,23545,"Sightseeing, Photography",Local Market,Jan-Mar,"Hindi, English",Tourism,Other,N,yes,Y,Y,https://example.com/image.jpg
450,Manali,Himachal Pradesh,Manali,Forest,Popular tourist destination,Winter,Summer,05 Days,Unknown,999999,1500,1000.0,1753,N,Y,N,N,YES,N,3,8,6,6,7.0,,6,5,Difficult,36,Medium,476,YES,Airport,Railway Station,21.852947,,5.8,44313,"Sightseeing, Photography",Local Market,Winter,"Hindi, English",Tourism,Other,Y,N,yes,Yes,https://example.com/image.jpg
451,Manali,Himachal Pradesh,Manali,Forest,Popular tourist destination,Winter,Summer,5,Unknown,12000,30000,,665,YES,yes,no,Y,N,NO,0,5,1,5,2.0,,2,3,Moderate,33,Medium,2292,yes,Airport,Railway Station,10.602621,89.044333,3.8,33288,"Sightseeing, Photography",Local Market,,"Hindi, English",Tourism,Luxury Travelers,N,Yes,yes,no,https://example.com/image.jpg
452,Ooty,Tamil Nadu,Ooty,Beach,,Winter,Summer,Five Days,Low,250,3000,200.0,1869,N,yes,NO,YES,No,NO,3,3,5,6,,,5,4,NA,21,Medium,1958,yes,Airport,Railway Station,24.884701,73.808993,3.9,14208,"Sightseeing, Photography",Local Market,Apr-Jun,"Hindi, English",Tourism,Backpackers,yes,Yes,no,yes,https://example.com/image.jpg
453,Mysuru Palace,Karnataka,Mysuru,National Park,Popular tourist destination,Winter,Summer,5 Days,Luxury,12000,100,1000.0,867,no,YES,no,No,Yes,yes,0,10,9,8,,,1,9,Moderate,18,Medium,1749,yes,Airport,Railway Station,30.26985,88.194933,3.6,37335,"Sightseeing, Photography",Local Market,,"Hindi, English",Tourism,Other,YES,yes,Y,Y,https://example.com/image.jpg
454,Mysuru Palace,Karnataka,Mysuru,National Park,Popular tourist destination,Winter,Summer,05 Days,High,5000,100,,1871,N,yes,NO,N,no,Yes,6,9,7,9,3.0,,7,9,Easy,14,Low,2671,N,Airport,Railway Station,21.420585,74.605287,2.7,28076,"Sightseeing, Photography",Local Market,Apr-Jun,"Hindi, English",Tourism,Luxury Travelers,NO,YES,NO,NO,https://example.com/image.jpg
455,Munnar,Kerala,Munnar,Desert,Popular tourist destination,Winter,Summer,Five Days,Unknown,999999,3000,200.0,1903,Yes,Yes,Yes,No,no,YES,1,7,2,4,,,6,10,Difficult,27,Low,956,YES,Airport,Railway Station,13.209001,89.646013,4.7,39450,"Sightseeing, Photography",Local Market,Apr-Jun,"Hindi, English",Tourism,Solo,no,No,NO,Y,https://example.com/image.jpg
456,Jaipur,Rajasthan,Jaipur,Forest,Popular tourist destination,Winter,Summer,5 Days,Low,250,100,,792,No,NO,NO,No,N,Yes,2,2,2,2,,10.0,10,2,NA,36,Low,2410,yes,Airport,Railway Station,29.056438,71.498201,3.2,19559,"Sightseeing, Photography",Local Market,January to March,"Hindi, English",Tourism,Family,NO,Yes,N,Y,https://example.com/image.jpg
457,Mysuru Palace,Karnataka,Mysuru,Nature,Popular tourist destination,Winter,Summer,Five Days,Low,12000,100,500.0,401,YES,N,YES,No,N,Yes,7,8,4,8,,,6,10,Difficult,18,Low,1135,no,Airport,Railway Station,,76.493784,4.7,4184,"Sightseeing, Photography",Local Market,"Nov, Dec","Hindi, English",Tourism,Couple,YES,no,no,N,https://example.com/image.jpg
458,Munnar,Kerala,Munnar,Fort,Popular tourist destination,Winter,Summer,5 Days,Luxury,250,1500,200.0,1570,N,YES,no,no,YES,Yes,3,7,3,6,4.0,,5,1,Easy,31,High,751,N,Airport,Railway Station,9.664518,92.898625,4.1,47448,"Sightseeing, Photography",Local Market,"Nov, Dec","Hindi, English",Tourism,Backpackers,Y,YES,Y,no,https://example.com/image.jpg
459,Mysuru Palace,Karnataka,Mysuru,Religious,,Winter,Summer,5 Days,Medium,5000,1500,1000.0,1926,Y,no,Yes,No,N,NO,2,9,8,3,,1.0,6,9,Difficult,18,Medium,951,Yes,Airport,Railway Station,19.007346,94.887874,3.8,28261,"Sightseeing, Photography",Local Market,Jan-Mar,"Hindi, English",Tourism,Couple,yes,no,No,Y,https://example.com/image.jpg
460,Jaipur,Rajasthan,Jaipur,Religious,Popular tourist destination,Winter,Summer,5,High,999999,1500,1000.0,1721,YES,no,N,YES,no,NO,7,4,6,5,,5.0,2,1,Difficult,26,Low,1602,yes,Airport,Railway Station,10.379068,80.969211,4.5,5507,"Sightseeing, Photography",Local Market,Jan-Mar,"Hindi, English",Tourism,Friends,NO,YES,YES,No,https://example.com/image.jpg
461,Ooty,tamil nadu,Ooty,Waterfall,Popular tourist destination,Winter,Summer,Five Days,Luxury,250,30000,,1618,YES,YES,yes,N,Yes,Yes,2,8,1,8,,10.0,7,7,Difficult,15,High,3071,YES,Airport,Railway Station,32.393926,78.927103,3.5,30711,"Sightseeing, Photography",Local Market,Winter,"Hindi, English",Tourism,Luxury Travelers,N,No,Y,Y,https://example.com/image.jpg
462,Mysuru Palace,Karnataka,Mysuru,Hill Station,Popular tourist destination,Winter,Summer,5 Days,Luxury,5000,30000,200.0,479,No,NO,NO,NO,Y,NO,6,5,8,3,,8.0,7,7,Easy,9,Medium,1377,no,Airport,Railway Station,15.26106,73.004025,3.7,27162,"Sightseeing, Photography",Local Market,January to March,"Hindi, English",Tourism,Solo,YES,no,No,NO,https://example.com/image.jpg
463,Goa Beaches,Goa,Panaji,Historical,Popular tourist destination,Winter,Summer,5 Days,Medium,12000,100,,563,No,No,Y,NO,yes,NO,3,6,5,4,,,5,3,Easy,27,Low,3090,Yes,Airport,Railway Station,20.311667,85.69672,4.4,20806,"Sightseeing, Photography",Local Market,"Nov, Dec","Hindi, English",Tourism,Friends,Y,yes,no,Y,https://example.com/image.jpg
464,Mysuru Palace,Karnataka,Mysuru,Desert,Popular tourist destination,Winter,Summer,5 Days,Low,12000,30000,,903,No,no,no,Yes,yes,No,0,1,10,4,,3.0,5,2,Difficult,30,High,2144,NO,Airport,Railway Station,33.166405,77.696369,3.1,39354,"Sightseeing, Photography",Local Market,Jan-Mar,"Hindi, English",Tourism,Other,YES,No,YES,No,https://example.com/image.jpg
465,Ooty,Tamil Nadu,Ooty,Nature,,Winter,Summer,5 Days,Unknown,250,30000,,1959,YES,yes,yes,no,No,N,7,9,3,2,,5.0,3,10,Difficult,31,Low,1727,NO,Airport,Railway Station,21.543395,73.111632,4.3,26113,"Sightseeing, Photography",Local Market,Apr-Jun,"Hindi, English",Tourism,Senior Citizens,N,Yes,Yes,no,https://example.com/image.jpg
466,Amritsar,Punjab,Amritsar,Adventure,Popular tourist destination,Winter,Summer,05 Days,High,250,30000,200.0,1748,N,Y,Yes,N,No,no,7,1,9,10,6.0,,7,2,Difficult,21,Low,611,no,Airport,Railway Station,21.667502,75.43993,4.0,46285,"Sightseeing, Photography",Local Market,,"Hindi, English",Tourism,Backpackers,no,no,Yes,yes,https://example.com/image.jpg
467,Ooty, Tamil Nadu ,Ooty,Nature,Popular tourist destination,Winter,Summer,05 Days,Luxury,5000,30000,200.0,485,N,yes,Yes,Y,NO,Y,5,2,3,2,10.0,,5,4,NA,34,Low,3057,NO,Airport,Railway Station,8.208776,85.035371,2.9,15835,"Sightseeing, Photography",Local Market,Apr-Jun,"Hindi, English",Tourism,Friends,Yes,N,Yes,Yes,https://example.com/image.jpg
468,Ooty,Tamil Nadu,Ooty,Island,Popular tourist destination,Winter,Summer,Five Days,Low,999999,1500,,245,NO,Y,Yes,Yes,NO,Yes,1,9,5,1,,,2,2,Moderate,18,High,2952,YES,Airport,Railway Station,12.430484,73.665234,4.9,17626,"Sightseeing, Photography",Local Market,Jan-Mar,"Hindi, English",Tourism,Senior Citizens,N,Yes,yes,No,https://example.com/image.jpg
469,Ooty,Tamil Nadu,Ooty,National Park,Popular tourist destination,Winter,Summer,5,Low,12000,30000,200.0,1789,YES,no,yes,No,N,No,5,9,1,1,2.0,,8,3,Difficult,37,Low,2458,No,Airport,Railway Station,17.188429,87.623939,4.8,2638,"Sightseeing, Photography",Local Market,Winter,"Hindi, English",Tourism,Solo,Yes,Yes,NO,Y,https://example.com/image.jpg
470,Amritsar,Punjab,Amritsar,Pilgrimage,Popular tourist destination,Winter,Summer,5 Days,Luxury,12000,1500,,1068,N,yes,yes,Yes,yes,NO,4,9,9,5,9.0,,9,3,Moderate,35,Low,600,No,Airport,Railway Station,25.12299,90.359133,3.0,5386,"Sightseeing, Photography",Local Market,January to March,"Hindi, English",Tourism,Solo,Yes,yes,Y,yes,https://example.com/image.jpg
471,Goa Beaches,Goa,Panaji,Hill Station,Popular tourist destination,Winter,Summer,Five Days,Low,12000,3000,1000.0,1011,No,yes,NO,no,yes,yes,0,3,9,7,3.0,,1,9,Moderate,21,High,3422,YES,Airport,Railway Station,23.996414,75.445973,4.7,36115,"Sightseeing, Photography",Local Market,Winter,"Hindi, English",Tourism,Solo,yes,no,yes,Y,https://example.com/image.jpg
472,Ooty,Tamil Nadu,Ooty,Palace,Popular tourist destination,Winter,Summer,5 Days,High,12000,1500,500.0,1954,no,Yes,Yes,Y,Yes,Y,5,6,9,8,,,6,9,NA,28,Medium,1406,Y,Airport,Railway Station,22.711294,95.967046,4.1,42506,"Sightseeing, Photography",Local Market,"Nov, Dec","Hindi, English",Tourism,Solo,No,yes,NO,No,https://example.com/image.jpg
473,Mysuru Palace,karnataka,Mysuru,Fort,Popular tourist destination,Winter,Summer,5,Low,12000,1500,1000.0,1102,N,Yes,NO,YES,No,YES,7,10,3,5,6.0,1.0,7,7,Moderate,18,High,1387,no,Airport,Railway Station,28.728641,,2.6,7036,"Sightseeing, Photography",Local Market,Apr-Jun,"Hindi, English",Tourism,Solo,Y,Y,YES,YES,https://example.com/image.jpg
474,Varanasi Ghats,Uttar Pradesh,Varanasi,Wildlife,Popular tourist destination,Winter,Summer,Five Days,Unknown,250,1500,500.0,1987,No,YES,NO,no,yes,yes,5,10,9,5,4.0,5.0,9,3,Easy,37,High,1053,N,Airport,Railway Station,16.457577,76.685066,3.1,31639,"Sightseeing, Photography",Local Market,,"Hindi, English",Tourism,Backpackers,yes,N,no,No,https://example.com/image.jpg
475,Amritsar,Punjab,Amritsar,Forest,Popular tourist destination,Winter,Summer,Five Days,Unknown,250,3000,,681,Y,NO,YES,YES,N,YES,0,1,5,10,,9.0,9,10,Moderate,9,Low,3411,No,Airport,Railway Station,21.765396,69.037017,4.7,41314,"Sightseeing, Photography",Local Market,,"Hindi, English",Tourism,Friends,N,NO,yes,N,https://example.com/image.jpg
476,Ooty,Tamil Nadu,Ooty,Waterfall,Popular tourist destination,Winter,Summer,5,Unknown,999999,3000,1000.0,727,Yes,N,No,yes,yes,No,6,1,3,5,3.0,5.0,4,1,Easy,34,Medium,2988,Yes,Airport,Railway Station,13.076844,71.475481,2.9,39401,"Sightseeing, Photography",Local Market,January to March,"Hindi, English",Tourism,Couple,yes,YES,YES,yes,https://example.com/image.jpg
477,Goa Beaches,Goa,Panaji,Hill Station,Popular tourist destination,Winter,Summer,5,Medium,250,30000,200.0,1539,yes,Y,YES,Y,yes,No,5,5,6,4,,10.0,5,6,Easy,21,High,1920,No,Airport,Railway Station,24.484976,72.71967,3.2,17825,"Sightseeing, Photography",Local Market,Winter,"Hindi, English",Tourism,Friends,N,N,N,YES,https://example.com/image.jpg
478,Amritsar,Punjab,Amritsar,Palace,Popular tourist destination,Winter,Summer,5,High,999999,30000,500.0,1360,YES,YES,Y,No,N,Yes,4,10,3,4,3.0,,2,10,Easy,31,High,2974,YES,Airport,Railway Station,10.158059,85.581607,3.7,20153,"Sightseeing, Photography",Local Market,Jan-Mar,"Hindi, English",Tourism,Solo,Yes,Y,NO,no,https://example.com/image.jpg
479,Ooty,Tamil Nadu,Ooty,Waterfall,Popular tourist destination,Winter,Summer,5,Low,999999,100,1000.0,1754,NO,Yes,NO,No,YES,Yes,3,10,1,9,7.0,,3,8,Moderate,18,High,2903,yes,Airport,Railway Station,26.197661,89.844272,4.4,35614,"Sightseeing, Photography",Local Market,January to March,"Hindi, English",Tourism,Couple,No,NO,Yes,YES,https://example.com/image.jpg
480,Jaipur,Rajasthan,Jaipur,Desert,Popular tourist destination,Winter,Summer,5,High,999999,30000,,1935,no,no,NO,no,NO,Y,7,4,2,7,5.0,1.0,9,2,Easy,10,Low,131,YES,Airport,Railway Station,13.953115,70.88471,2.6,15837,"Sightseeing, Photography",Local Market,January to March,"Hindi, English",Tourism,Backpackers,Yes,N,No,No,https://example.com/image.jpg
481,Manali,Himachal Pradesh,Manali,Religious,Popular tourist destination,Winter,Summer,05 Days,Medium,12000,100,200.0,582,Yes,yes,N,NO,Y,YES,2,2,2,1,,,5,5,Difficult,13,Medium,250,No,Airport,Railway Station,21.55652,,3.0,5698,"Sightseeing, Photography",Local Market,Winter,"Hindi, English",Tourism,Senior Citizens,no,No,yes,Y,https://example.com/image.jpg
482,Amritsar,Punjab,Amritsar,Nature,Popular tourist destination,Winter,Summer,5,Low,5000,100,200.0,995,no,yes,no,Y,NO,yes,0,7,8,7,3.0,8.0,5,6,Moderate,18,Medium,2657,no,Airport,Railway Station,25.8403,81.178459,3.2,47871,"Sightseeing, Photography",Local Market,,"Hindi, English",Tourism,Solo,No,No,no,YES,https://example.com/image.jpg
483,Ooty,Tamil Nadu,Ooty,Lake,Popular tourist destination,Winter,Summer,5 Days,Unknown,250,1500,,1966,no,NO,No,Y,NO,Y,4,10,4,6,7.0,5.0,6,7,NA,32,High,2993,N,Airport,Railway Station,33.185047,79.082769,5.0,6043,"Sightseeing, Photography",Local Market,Winter,"Hindi, English",Tourism,Couple,No,no,YES,YES,https://example.com/image.jpg
484,Jaipur,Rajasthan,Jaipur,Beach,Popular tourist destination,Winter,Summer,Five Days,Unknown,5000,1500,500.0,1994,YES,N,N,no,YES,Y,7,7,1,10,4.0,,3,1,Easy,33,High,54,Y,Airport,Railway Station,34.863043,72.984223,2.9,24378,"Sightseeing, Photography",Local Market,January to March,"Hindi, English",Tourism,Solo,NO,No,N,YES,https://example.com/image.jpg
485,Munnar, Kerala ,Munnar,Religious,Popular tourist destination,Winter,Summer,5 Days,Low,999999,3000,,644,N,NO,NO,Y,YES,N,1,7,9,6,,,6,3,Moderate,36,Medium,266,N,Airport,Railway Station,13.560698,,4.0,20877,"Sightseeing, Photography",Local Market,January to March,"Hindi, English",Tourism,Other,Y,No,No,NO,https://example.com/image.jpg
486,Mysuru Palace,Karnataka,Mysuru,Wildlife,Popular tourist destination,Winter,Summer,5,Low,250,3000,200.0,1457,Y,Yes,yes,Y,NO,Y,6,9,6,9,6.0,,2,5,Difficult,32,Low,2977,YES,Airport,Railway Station,14.414451,75.604968,4.9,45891,"Sightseeing, Photography",Local Market,Apr-Jun,"Hindi, English",Tourism,Luxury Travelers,no,N,No,N,https://example.com/image.jpg
487,Mysuru Palace,Karnataka,Mysuru,Religious,Popular tourist destination,Winter,Summer,5 Days,Luxury,999999,100,500.0,1723,YES,no,NO,Y,no,N,7,10,4,10,,9.0,6,5,Easy,14,Medium,1633,N,Airport,Railway Station,12.772024,68.344384,3.9,47772,"Sightseeing, Photography",Local Market,Winter,"Hindi, English",Tourism,Other,N,N,N,yes,https://example.com/image.jpg
488,Goa Beaches,Goa,Panaji,Forest,Popular tourist destination,Winter,Summer,Five Days,Low,999999,1500,1000.0,268,Yes,Yes,NO,No,YES,N,4,8,2,6,,,4,10,Moderate,29,Medium,538,Yes,Airport,Railway Station,31.194894,71.692667,4.4,7962,"Sightseeing, Photography",Local Market,Winter,"Hindi, English",Tourism,Solo,N,no,No,N,https://example.com/image.jpg
489,Amritsar,Punjab,Amritsar,Beach,Popular tourist destination,Winter,Summer,Five Days,Medium,999999,1500,,1051,No,No,N,Y,YES,Yes,3,9,6,7,3.0,,7,1,NA,8,High,385,yes,Airport,Railway Station,15.549512,72.397606,3.1,40825,"Sightseeing, Photography",Local Market,,"Hindi, English",Tourism,Solo,Y,yes,NO,Yes,https://example.com/image.jpg
490,Goa Beaches,Goa,Panaji,Nature,Popular tourist destination,Winter,Summer,5,Luxury,12000,3000,500.0,628,Yes,NO,Yes,Y,N,YES,5,8,5,2,2.0,7.0,6,7,Moderate,17,Low,880,N,Airport,Railway Station,19.501167,85.492828,4.7,8707,"Sightseeing, Photography",Local Market,January to March,"Hindi, English",Tourism,Backpackers,Yes,No,NO,no,https://example.com/image.jpg
491,Munnar,Kerala,Munnar,Adventure,Popular tourist destination,Winter,Summer,5,Unknown,5000,3000,1000.0,1923,NO,no,no,YES,Y,Yes,0,7,1,2,,10.0,7,6,Difficult,35,High,2141,Yes,Airport,Railway Station,11.277661,89.966843,2.7,38243,"Sightseeing, Photography",Local Market,"Nov, Dec","Hindi, English",Tourism,Other,NO,yes,YES,NO,https://example.com/image.jpg
492,Mysuru Palace,Karnataka,Mysuru,Palace,Popular tourist destination,Winter,Summer,5,High,5000,100,500.0,353,YES,Yes,Y,No,No,No,7,4,2,3,,9.0,6,4,Difficult,27,High,2594,Yes,Airport,Railway Station,8.867118,68.029007,2.6,18850,"Sightseeing, Photography",Local Market,Jan-Mar,"Hindi, English",Tourism,Backpackers,No,NO,N,YES,https://example.com/image.jpg
493,Varanasi Ghats,Uttar Pradesh,Varanasi,Waterfall,,Winter,Summer,5 Days,Luxury,12000,30000,1000.0,597,Yes,yes,N,NO,Y,no,1,10,4,4,1.0,9.0,8,7,NA,16,Medium,1134,N,Airport,Railway Station,22.098964,70.694705,3.7,230,"Sightseeing, Photography",Local Market,"Nov, Dec","Hindi, English",Tourism,Solo,N,YES,yes,no,https://example.com/image.jpg
494,Jaipur,Rajasthan,Jaipur,Adventure,Popular tourist destination,Winter,Summer,05 Days,Unknown,999999,1500,500.0,361,No,Yes,No,no,YES,Yes,3,5,9,7,,3.0,1,7,Difficult,18,Medium,1541,N,Airport,Railway Station,31.242933,86.2222,4.3,41005,"Sightseeing, Photography",Local Market,"Nov, Dec","Hindi, English",Tourism,Family,YES,yes,NO,Yes,https://example.com/image.jpg
495,Ooty,Tamil Nadu,Ooty,Religious,Popular tourist destination,Winter,Summer,5 Days,Medium,999999,30000,,563,Y,YES,YES,No,N,Yes,4,8,10,9,,1.0,2,5,Easy,26,Low,272,YES,Airport,Railway Station,23.050484,82.741817,3.8,43297,"Sightseeing, Photography",Local Market,"Nov, Dec","Hindi, English",Tourism,Other,Yes,Y,yes,YES,https://example.com/image.jpg
496,Ooty,Tamil Nadu,Ooty,Palace,Popular tourist destination,Winter,Summer,5,Unknown,250,1500,,315,N,yes,YES,Yes,no,YES,3,3,5,2,3.0,,2,6,Difficult,38,Medium,622,N,Airport,Railway Station,31.455149,69.609869,3.2,46182,"Sightseeing, Photography",Local Market,Apr-Jun,"Hindi, English",Tourism,Friends,no,yes,yes,Y,https://example.com/image.jpg
497,Jaipur,Rajasthan,Jaipur,Religious,Popular tourist destination,Winter,Summer,5,Low,250,30000,500.0,649,No,No,yes,yes,no,no,4,3,8,5,,10.0,4,7,NA,5,Low,1553,N,Airport,Railway Station,24.232701,92.692711,4.0,4538,"Sightseeing, Photography",Local Market,,"Hindi, English",Tourism,Family,No,No,no,yes,https://example.com/image.jpg
498,Mysuru Palace,Karnataka,Mysuru,Beach,Popular tourist destination,Winter,Summer,5,High,12000,1500,500.0,631,No,YES,no,Yes,no,N,6,1,7,5,,9.0,5,3,NA,36,Low,2032,Y,Airport,Railway Station,,90.222596,3.0,1010,"Sightseeing, Photography",Local Market,Apr-Jun,"Hindi, English",Tourism,Couple,NO,no,yes,no,https://example.com/image.jpg
499,Ooty,Tamil Nadu,Ooty,Adventure,Popular tourist destination,Winter,Summer,Five Days,Luxury,999999,30000,500.0,1337,no,N,YES,YES,YES,Yes,2,6,4,9,,8.0,9,9,Moderate,34,Low,3424,NO,Airport,Railway Station,12.429695,77.030471,4.4,12404,"Sightseeing, Photography",Local Market,,"Hindi, English",Tourism,Other,YES,Yes,NO,No,https://example.com/image.jpg
500,Jaipur,Rajasthan,Jaipur,Religious,Popular tourist destination,Winter,Summer,Five Days,Low,999999,100,1000.0,557,no,No,NO,NO,No,NO,5,9,2,2,,4.0,5,2,Easy,5,Low,921,YES,Airport,Railway Station,25.901894,91.737435,4.3,10755,"Sightseeing, Photography",Local Market,"Nov, Dec","Hindi, English",Tourism,Friends,N,N,No,yes,https://example.com/image.jpg
501,Goa Beaches,Goa,Panaji,Religious,Popular tourist destination,Winter,Summer,5,Low,5000,3000,500.0,873,Y,Y,YES,NO,yes,N,7,4,4,5,,7.0,6,8,NA,29,High,2397,YES,Airport,Railway Station,27.854349,74.100379,3.1,12493,"Sightseeing, Photography",Local Market,January to March,"Hindi, English",Tourism,Luxury Travelers,Y,YES,yes,NO,https://example.com/image.jpg
502,Goa Beaches,Goa,Panaji,Pilgrimage,Popular tourist destination,Winter,Summer,5,Unknown,250,1500,1000.0,593,N,NO,Y,Y,no,YES,0,5,8,1,,,6,1,Easy,15,Low,2672,Y,Airport,Railway Station,23.352416,79.821418,4.6,21729,"Sightseeing, Photography",Local Market,January to March,"Hindi, English",Tourism,Other,No,NO,yes,no,https://example.com/image.jpg
503,Manali,Himachal Pradesh,Manali,Lake,Popular tourist destination,Winter,Summer,Five Days,High,5000,30000,500.0,1301,Y,No,NO,No,N,Yes,0,7,5,9,2.0,,8,1,NA,5,Low,3166,NO,,Railway Station,31.866492,96.59392,3.1,24767,"Sightseeing, Photography",Local Market,Apr-Jun,"Hindi, English",Tourism,Senior Citizens,YES,Yes,No,yes,https://example.com/image.jpg
504,Jaipur,Rajasthan,Jaipur,Pilgrimage,Popular tourist destination,Winter,Summer,Five Days,Medium,5000,100,,186,yes,Y,Yes,N,NO,No,7,9,10,1,,,4,2,NA,25,High,52,N,Airport,Railway Station,12.979606,73.563968,4.8,37994,"Sightseeing, Photography",Local Market,Winter,"Hindi, English",Tourism,Friends,no,yes,YES,NO,https://example.com/image.jpg
505,Manali,Himachal Pradesh,Manali,Pilgrimage,Popular tourist destination,Winter,Summer,05 Days,Unknown,250,100,200.0,409,Yes,no,yes,no,no,yes,4,3,8,3,,,7,8,NA,29,High,3413,yes,Airport,Railway Station,29.491745,,4.5,1364,"Sightseeing, Photography",Local Market,Apr-Jun,"Hindi, English",Tourism,Backpackers,Yes,no,No,Y,https://example.com/image.jpg
506,Jaipur,Rajasthan,Jaipur,Lake,,Winter,Summer,5,Unknown,250,3000,500.0,890,YES,no,YES,No,Yes,no,4,10,5,7,,,6,9,Moderate,11,Low,1731,N,Airport,Railway Station,32.742514,94.686726,3.4,43011,"Sightseeing, Photography",Local Market,January to March,"Hindi, English",Tourism,Senior Citizens,No,NO,yes,No,https://example.com/image.jpg
507,Ooty,Tamil Nadu,Ooty,Historical,Popular tourist destination,Winter,Summer,Five Days,Low,12000,100,200.0,430,Y,YES,N,yes,NO,N,4,9,4,5,,,10,10,Moderate,22,High,80,yes,Airport,Railway Station,15.985985,95.460027,4.1,43028,"Sightseeing, Photography",Local Market,"Nov, Dec","Hindi, English",Tourism,Couple,No,No,no,Yes,https://example.com/image.jpg
508,Varanasi Ghats,Uttar Pradesh,Varanasi,Forest,Popular tourist destination,Winter,Summer,5,Medium,12000,100,500.0,1279,Y,Y,YES,yes,Y,NO,6,5,7,1,9.0,5.0,7,1,Easy,23,High,140,Yes,Airport,Railway Station,24.335369,80.285161,3.1,30020,"Sightseeing, Photography",Local Market,,"Hindi, English",Tourism,Backpackers,N,YES,Y,N,https://example.com/image.jpg
509,Goa Beaches,Goa,Panaji,Waterfall,Popular tourist destination,Winter,Summer,5,Low,250,3000,200.0,1533,yes,NO,YES,NO,Yes,No,4,1,3,4,9.0,7.0,5,10,Difficult,20,Low,2639,yes,Airport,Railway Station,,92.41582,2.7,8272,"Sightseeing, Photography",Local Market,,"Hindi, English",Tourism,Luxury Travelers,YES,Yes,Yes,NO,https://example.com/image.jpg
510,Ooty,Tamil Nadu,Ooty,Island,,Winter,Summer,05 Days,Medium,5000,100,500.0,749,no,YES,YES,Y,Y,no,7,10,7,8,,,9,10,Easy,30,Medium,771,NO,,Railway Station,28.953845,91.175075,,6700,"Sightseeing, Photography",Local Market,,"Hindi, English",Tourism,Other,YES,Yes,Y,yes,https://example.com/image.jpg
511,Manali,Himachal Pradesh,Manali,Nature,Popular tourist destination,Winter,Summer,05 Days,Unknown,12000,1500,200.0,662,YES,No,NO,no,YES,yes,0,3,6,3,,,8,3,Easy,14,Low,633,Y,Airport,Railway Station,29.355265,,2.6,12157,"Sightseeing, Photography",Local Market,Jan-Mar,"Hindi, English",Tourism,Friends,No,NO,NO,N,https://example.com/image.jpg
512,Ooty,Tamil Nadu,Ooty,Historical,,Winter,Summer,Five Days,Medium,5000,30000,1000.0,766,Yes,YES,Y,no,Yes,No,4,7,6,8,8.0,,10,3,NA,11,Low,2044,yes,Airport,Railway Station,13.146674,85.79216,4.1,12510,"Sightseeing, Photography",Local Market,Jan-Mar,"Hindi, English",Tourism,Senior Citizens,yes,no,Y,no,https://example.com/image.jpg
513,Varanasi Ghats,Uttar Pradesh,Varanasi,Pilgrimage,Popular tourist destination,Winter,Summer,5 Days,Medium,5000,3000,200.0,1718,No,no,yes,Y,Yes,No,5,2,2,2,,5.0,4,1,Easy,8,High,3202,no,Airport,Railway Station,28.113769,82.729803,4.9,10590,"Sightseeing, Photography",Local Market,Apr-Jun,"Hindi, English",Tourism,Other,Y,no,Yes,NO,https://example.com/image.jpg
514,Varanasi Ghats,Uttar Pradesh,Varanasi,Pilgrimage,Popular tourist destination,Winter,Summer,05 Days,High,999999,100,500.0,703,yes,No,no,NO,no,YES,2,7,2,4,,3.0,10,6,Moderate,23,High,1810,Yes,Airport,Railway Station,,82.783519,4.1,29232,"Sightseeing, Photography",Local Market,"Nov, Dec","Hindi, English",Tourism,Couple,no,N,YES,yes,https://example.com/image.jpg
515,Munnar,Kerala,Munnar,Fort,Popular tourist destination,Winter,Summer,5 Days,Unknown,999999,100,500.0,283,NO,YES,YES,NO,yes,No,0,2,6,3,,,8,8,NA,18,High,2296,no,Airport,Railway Station,17.390924,89.761348,2.7,4819,"Sightseeing, Photography",Local Market,Apr-Jun,"Hindi, English",Tourism,Couple,N,NO,NO,N,https://example.com/image.jpg
516,Jaipur,Rajasthan,Jaipur,Adventure,Popular tourist destination,Winter,Summer,05 Days,Medium,12000,30000,200.0,568,N,Y,NO,Y,Y,No,7,10,10,6,1.0,,6,9,Difficult,10,Low,2293,no,Airport,Railway Station,13.222466,70.527385,4.4,23447,"Sightseeing, Photography",Local Market,"Nov, Dec","Hindi, English",Tourism,Backpackers,Y,YES,N,No,https://example.com/image.jpg
517,Munnar,Kerala,Munnar,Adventure,Popular tourist destination,Winter,Summer,5 Days,Unknown,12000,100,200.0,248,YES,NO,yes,Y,NO,N,6,10,10,8,,,7,5,Easy,28,Medium,562,Yes,Airport,Railway Station,21.74119,77.74755,2.8,4527,"Sightseeing, Photography",Local Market,"Nov, Dec","Hindi, English",Tourism,Couple,NO,no,yes,NO,https://example.com/image.jpg
518,Goa Beaches,goa,Panaji,Religious,,Winter,Summer,Five Days,Luxury,12000,3000,500.0,900,YES,N,Yes,No,YES,N,0,7,6,10,7.0,4.0,6,3,Easy,25,High,2486,NO,Airport,Railway Station,34.725415,72.212609,2.6,35694,"Sightseeing, Photography",Local Market,"Nov, Dec","Hindi, English",Tourism,Friends,No,No,N,no,https://example.com/image.jpg
519,Amritsar,Punjab,Amritsar,National Park,Popular tourist destination,Winter,Summer,5,Medium,999999,1500,500.0,807,NO,YES,YES,No,Yes,Y,5,1,10,3,,5.0,6,10,Easy,27,Low,3017,Y,Airport,Railway Station,13.095477,85.395697,3.9,39725,"Sightseeing, Photography",Local Market,Jan-Mar,"Hindi, English",Tourism,Solo,No,N,YES,YES,https://example.com/image.jpg
520,Jaipur,Rajasthan,Jaipur,Forest,Popular tourist destination,Winter,Summer,5,Unknown,5000,30000,1000.0,498,N,YES,yes,YES,NO,N,6,1,7,6,7.0,,8,5,NA,25,Low,2296,NO,Airport,Railway Station,15.743737,73.453417,3.1,5908,"Sightseeing, Photography",Local Market,Jan-Mar,"Hindi, English",Tourism,Senior Citizens,no,YES,no,no,https://example.com/image.jpg
521,Ooty,Tamil Nadu,Ooty,Forest,Popular tourist destination,Winter,Summer,5,High,12000,30000,,311,YES,N,Y,Yes,Y,Y,7,5,4,10,,9.0,2,7,NA,37,High,793,No,Airport,Railway Station,,91.769861,4.5,49922,"Sightseeing, Photography",Local Market,,"Hindi, English",Tourism,Family,No,Y,YES,No,https://example.com/image.jpg
522,Mysuru Palace,Karnataka,Mysuru,Beach,Popular tourist destination,Winter,Summer,05 Days,Luxury,250,3000,,1640,Y,YES,yes,no,YES,no,6,9,9,7,9.0,,1,9,Moderate,25,Medium,1169,NO,Airport,Railway Station,20.691984,71.782174,4.3,20797,"Sightseeing, Photography",Local Market,Winter,"Hindi, English",Tourism,Senior Citizens,No,Y,NO,yes,https://example.com/image.jpg
523,Varanasi Ghats,Uttar Pradesh,Varanasi,Forest,Popular tourist destination,Winter,Summer,5 Days,High,12000,100,500.0,1625,no,Yes,No,NO,N,yes,1,7,5,8,2.0,7.0,10,9,Moderate,12,High,3160,NO,Airport,Railway Station,11.077764,73.783407,4.3,22653,"Sightseeing, Photography",Local Market,January to March,"Hindi, English",Tourism,Senior Citizens,Y,No,N,yes,https://example.com/image.jpg
524,Goa Beaches,Goa,Panaji,Nature,Popular tourist destination,Winter,Summer,5,Medium,5000,1500,200.0,1104,no,NO,N,No,YES,no,7,9,7,2,1.0,,8,1,Difficult,36,Medium,1463,No,Airport,Railway Station,12.164578,78.317126,4.8,25766,"Sightseeing, Photography",Local Market,"Nov, Dec","Hindi, English",Tourism,Couple,no,no,No,Yes,https://example.com/image.jpg
525,Manali,Himachal Pradesh,Manali,Lake,,Winter,Summer,Five Days,Luxury,999999,3000,200.0,1072,YES,NO,Y,Y,YES,no,1,6,7,9,,,3,3,Easy,14,High,689,N,Airport,Railway Station,34.590554,89.577246,3.2,41098,"Sightseeing, Photography",Local Market,,"Hindi, English",Tourism,Family,yes,N,Yes,yes,https://example.com/image.jpg
526,Amritsar, Punjab ,Amritsar,Pilgrimage,Popular tourist destination,Winter,Summer,05 Days,Medium,5000,30000,500.0,830,N,yes,Y,no,Yes,No,2,7,4,10,10.0,,6,2,Easy,38,High,2077,no,Airport,Railway Station,,75.185417,2.7,25270,"Sightseeing, Photography",Local Market,January to March,"Hindi, English",Tourism,Senior Citizens,YES,NO,No,N,https://example.com/image.jpg
527,Varanasi Ghats,Uttar Pradesh,Varanasi,Historical,Popular tourist destination,Winter,Summer,5 Days,Luxury,250,30000,,184,NO,NO,N,Yes,No,Yes,1,8,2,7,10.0,,10,10,Difficult,23,Medium,1321,yes,Airport,Railway Station,28.140977,82.755271,3.9,4219,"Sightseeing, Photography",Local Market,"Nov, Dec","Hindi, English",Tourism,Solo,NO,NO,no,Y,https://example.com/image.jpg
528,Amritsar,Punjab,Amritsar,Adventure,Popular tourist destination,Winter,Summer,5 Days,Low,250,30000,1000.0,1917,No,YES,NO,N,yes,no,3,9,7,9,,3.0,4,10,Difficult,14,Low,1398,N,Airport,Railway Station,24.285247,76.502599,4.2,11199,"Sightseeing, Photography",Local Market,Winter,"Hindi, English",Tourism,Other,Yes,YES,YES,NO,https://example.com/image.jpg
529,Mysuru Palace,Karnataka,Mysuru,Palace,Popular tourist destination,Winter,Summer,05 Days,Unknown,12000,3000,200.0,944,yes,no,Yes,No,YES,yes,4,6,5,1,6.0,5.0,4,5,Easy,16,Low,315,yes,Airport,Railway Station,23.030674,90.10923,2.5,26911,"Sightseeing, Photography",Local Market,,"Hindi, English",Tourism,Couple,NO,N,yes,YES,https://example.com/image.jpg
530,Varanasi Ghats,Uttar Pradesh,Varanasi,Palace,,Winter,Summer,Five Days,Unknown,5000,30000,,1162,Yes,NO,YES,No,NO,N,0,4,6,9,,,3,7,Easy,38,High,2373,NO,Airport,Railway Station,14.978107,73.952042,2.5,5035,"Sightseeing, Photography",Local Market,"Nov, Dec","Hindi, English",Tourism,Luxury Travelers,N,Yes,N,Y,https://example.com/image.jpg
531,Jaipur,Rajasthan,Jaipur,Forest,Popular tourist destination,Winter,Summer,5,Low,250,100,,1735,yes,No,Yes,N,No,N,7,9,9,9,,4.0,4,4,NA,27,Low,892,Y,Airport,Railway Station,21.870965,95.69893,2.9,9248,"Sightseeing, Photography",Local Market,Jan-Mar,"Hindi, English",Tourism,Backpackers,Yes,NO,No,no,https://example.com/image.jpg
532,Ooty,Tamil Nadu,Ooty,Island,Popular tourist destination,Winter,Summer,05 Days,Luxury,999999,3000,200.0,1246,no,YES,NO,Y,yes,No,6,4,7,6,,9.0,5,5,Moderate,8,Medium,1552,yes,Airport,Railway Station,34.932094,81.408414,2.9,35997,"Sightseeing, Photography",Local Market,January to March,"Hindi, English",Tourism,Backpackers,N,no,yes,Y,https://example.com/image.jpg
533,Amritsar,Punjab,Amritsar,Adventure,Popular tourist destination,Winter,Summer,5,Medium,5000,1500,200.0,445,YES,yes,N,No,NO,YES,5,7,6,1,,3.0,6,4,Moderate,9,High,451,yes,Airport,Railway Station,8.999473,94.447863,4.3,13667,"Sightseeing, Photography",Local Market,January to March,"Hindi, English",Tourism,Backpackers,YES,Y,no,no,https://example.com/image.jpg
534,Mysuru Palace,Karnataka,Mysuru,Island,Popular tourist destination,Winter,Summer,5 Days,Unknown,12000,30000,200.0,1614,no,no,yes,yes,NO,yes,0,9,1,8,,4.0,5,7,Moderate,6,Medium,251,NO,Airport,Railway Station,15.390997,76.401245,3.3,2984,"Sightseeing, Photography",Local Market,"Nov, Dec","Hindi, English",Tourism,Solo,No,Y,YES,yes,https://example.com/image.jpg
535,Goa Beaches,Goa,Panaji,Religious,Popular tourist destination,Winter,Summer,5 Days,Medium,250,30000,200.0,555,yes,yes,No,No,No,Y,4,6,9,1,,,7,7,Difficult,38,High,2081,NO,Airport,Railway Station,,95.458318,3.2,8247,"Sightseeing, Photography",Local Market,"Nov, Dec","Hindi, English",Tourism,Other,No,no,Y,no,https://example.com/image.jpg
536,Manali,Himachal Pradesh,Manali,Lake,Popular tourist destination,Winter,Summer,5,High,12000,30000,500.0,1727,Yes,Yes,NO,yes,No,NO,5,7,2,1,,,4,5,Easy,31,Medium,2151,no,Airport,Railway Station,26.364763,75.743164,4.4,49191,"Sightseeing, Photography",Local Market,,"Hindi, English",Tourism,Luxury Travelers,No,NO,No,yes,https://example.com/image.jpg
537,Munnar,Kerala,Munnar,Religious,Popular tourist destination,Winter,Summer,5 Days,High,12000,30000,200.0,1330,Yes,no,yes,YES,Yes,no,1,9,2,5,6.0,2.0,1,1,Difficult,9,High,1887,No,Airport,Railway Station,24.257367,95.046057,3.8,43447,"Sightseeing, Photography",Local Market,,"Hindi, English",Tourism,Luxury Travelers,yes,Yes,yes,YES,https://example.com/image.jpg
538,Goa Beaches,Goa,Panaji,Wildlife,Popular tourist destination,Winter,Summer,05 Days,Unknown,12000,100,500.0,636,NO,N,YES,No,no,No,2,4,4,8,3.0,,3,3,Moderate,27,Low,2199,NO,Airport,Railway Station,9.724994,71.419762,3.7,29857,"Sightseeing, Photography",Local Market,Jan-Mar,"Hindi, English",Tourism,Family,yes,N,N,yes,https://example.com/image.jpg
539,Manali,Himachal Pradesh,Manali,Lake,Popular tourist destination,Winter,Summer,5 Days,Medium,999999,1500,1000.0,131,no,No,YES,No,NO,Y,0,4,1,8,9.0,5.0,5,4,Easy,24,Medium,1925,NO,Airport,Railway Station,8.999739,69.31714,2.7,35411,"Sightseeing, Photography",Local Market,"Nov, Dec","Hindi, English",Tourism,Backpackers,N,Y,yes,Yes,https://example.com/image.jpg
540,Munnar,Kerala,Munnar,Adventure,Popular tourist destination,Winter,Summer,Five Days,Low,5000,3000,1000.0,1901,yes,YES,YES,N,Yes,YES,6,8,9,7,10.0,1.0,5,8,NA,7,High,934,N,Airport,Railway Station,33.906592,75.734781,,12526,"Sightseeing, Photography",Local Market,Jan-Mar,"Hindi, English",Tourism,Friends,NO,no,N,yes,https://example.com/image.jpg
541,Manali,Himachal Pradesh,Manali,Forest,Popular tourist destination,Winter,Summer,Five Days,Unknown,12000,1500,1000.0,597,Y,Yes,Y,NO,Y,N,4,3,9,6,,,5,4,NA,27,Low,715,No,Airport,Railway Station,22.990892,75.565509,3.9,48520,"Sightseeing, Photography",Local Market,Apr-Jun,"Hindi, English",Tourism,Senior Citizens,Y,No,yes,Y,https://example.com/image.jpg
542,Mysuru Palace,Karnataka,Mysuru,Palace,Popular tourist destination,Winter,Summer,Five Days,High,250,1500,500.0,1825,Yes,no,yes,no,YES,N,4,8,2,3,7.0,,1,3,Moderate,17,Low,3267,NO,Airport,Railway Station,34.842274,88.606866,3.4,24442,"Sightseeing, Photography",Local Market,Apr-Jun,"Hindi, English",Tourism,Couple,N,no,No,NO,https://example.com/image.jpg
543,Goa Beaches,Goa,Panaji,Palace,Popular tourist destination,Winter,Summer,Five Days,Medium,12000,30000,,229,YES,N,No,Y,YES,NO,6,8,1,8,,,6,10,NA,14,Medium,90,Yes,Airport,Railway Station,13.037717,78.471542,4.3,44091,"Sightseeing, Photography",Local Market,January to March,"Hindi, English",Tourism,Luxury Travelers,no,no,YES,No,https://example.com/image.jpg
544,Manali,Himachal Pradesh,Manali,Palace,Popular tourist destination,Winter,Summer,5,Low,5000,3000,500.0,1161,Y,no,yes,no,no,yes,2,7,2,5,3.0,,9,3,Easy,21,Low,635,no,Airport,Railway Station,31.222435,96.614425,3.9,45347,"Sightseeing, Photography",Local Market,Apr-Jun,"Hindi, English",Tourism,Senior Citizens,YES,No,No,Y,https://example.com/image.jpg
545,Amritsar,Punjab,Amritsar,Forest,Popular tourist destination,Winter,Summer,5,Unknown,12000,100,500.0,490,YES,Yes,Yes,no,Yes,YES,7,9,2,8,,,4,4,Difficult,15,Medium,2750,N,Airport,Railway Station,33.9727,85.232482,4.0,43610,"Sightseeing, Photography",Local Market,"Nov, Dec","Hindi, English",Tourism,Luxury Travelers,Yes,YES,YES,Y,https://example.com/image.jpg
546,Mysuru Palace,Karnataka,Mysuru,Adventure,Popular tourist destination,Winter,Summer,Five Days,Low,5000,1500,1000.0,913,YES,YES,Yes,N,N,NO,4,7,7,4,,8.0,10,9,Moderate,24,Low,2093,Yes,Airport,Railway Station,11.688571,,4.4,13512,"Sightseeing, Photography",Local Market,,"Hindi, English",Tourism,Luxury Travelers,No,YES,yes,no,https://example.com/image.jpg
547,Jaipur,Rajasthan,Jaipur,Historical,Popular tourist destination,Winter,Summer,Five Days,Low,5000,3000,200.0,1907,no,Y,NO,yes,yes,yes,2,1,4,3,,1.0,8,4,Moderate,7,Low,2045,Y,Airport,Railway Station,16.209225,88.124031,4.0,41481,"Sightseeing, Photography",Local Market,Winter,"Hindi, English",Tourism,Friends,No,YES,No,NO,https://example.com/image.jpg
548,Goa Beaches,Goa,Panaji,Lake,Popular tourist destination,Winter,Summer,5 Days,Low,999999,30000,500.0,1744,Y,N,Yes,Y,Y,no,6,9,6,7,2.0,8.0,1,8,Easy,35,Medium,3432,N,Airport,Railway Station,20.337967,75.027787,4.6,4108,"Sightseeing, Photography",Local Market,Winter,"Hindi, English",Tourism,Senior Citizens,yes,yes,YES,Yes,https://example.com/image.jpg
549,Amritsar,Punjab,Amritsar,Fort,Popular tourist destination,Winter,Summer,5 Days,Low,250,100,1000.0,103,yes,Yes,N,N,YES,no,7,5,3,9,1.0,,4,1,NA,14,Medium,454,no,Airport,Railway Station,,77.306901,3.1,13859,"Sightseeing, Photography",Local Market,January to March,"Hindi, English",Tourism,Backpackers,yes,N,yes,YES,https://example.com/image.jpg
550,Ooty,Tamil Nadu,Ooty,Island,Popular tourist destination,Winter,Summer,Five Days,High,250,1500,500.0,1192,YES,Yes,no,N,no,No,4,3,5,5,,,7,9,NA,13,Medium,2296,yes,Airport,Railway Station,22.541401,89.917078,2.7,33048,"Sightseeing, Photography",Local Market,Winter,"Hindi, English",Tourism,Family,NO,yes,Y,No,https://example.com/image.jpg
551,Ooty,Tamil Nadu,Ooty,Religious,Popular tourist destination,Winter,Summer,05 Days,Low,250,30000,1000.0,1456,no,N,Yes,N,NO,YES,0,10,10,2,,,9,9,NA,19,Low,2836,Yes,Airport,Railway Station,21.096939,,4.8,36030,"Sightseeing, Photography",Local Market,January to March,"Hindi, English",Tourism,Family,NO,NO,NO,yes,https://example.com/image.jpg
552,Goa Beaches,Goa,Panaji,Pilgrimage,Popular tourist destination,Winter,Summer,5,Medium,5000,3000,1000.0,1900,No,Y,N,NO,Yes,yes,4,4,10,4,6.0,7.0,5,1,Easy,26,High,686,no,Airport,Railway Station,24.169562,78.16648,4.7,32461,"Sightseeing, Photography",Local Market,Jan-Mar,"Hindi, English",Tourism,Luxury Travelers,YES,No,yes,YES,https://example.com/image.jpg
553,Varanasi Ghats,uttar pradesh,Varanasi,Beach,Popular tourist destination,Winter,Summer,5 Days,Medium,250,1500,1000.0,1366,yes,N,N,YES,yes,NO,4,6,10,6,1.0,,6,10,Moderate,15,High,1608,yes,Airport,Railway Station,23.557944,92.679808,4.4,705,"Sightseeing, Photography",Local Market,,"Hindi, English",Tourism,Backpackers,Yes,Y,Yes,No,https://example.com/image.jpg
554,Mysuru Palace,Karnataka,Mysuru,Pilgrimage,Popular tourist destination,Winter,Summer,05 Days,Unknown,12000,100,,1198,No,yes,yes,No,N,YES,1,1,8,7,,6.0,2,5,Moderate,18,Low,1387,no,Airport,Railway Station,23.109705,80.006709,2.8,2614,"Sightseeing, Photography",Local Market,"Nov, Dec","Hindi, English",Tourism,Family,Y,NO,N,No,https://example.com/image.jpg
555,Manali,Himachal Pradesh,Manali,Fort,Popular tourist destination,Winter,Summer,5 Days,Low,999999,3000,500.0,1719,NO,Yes,NO,Y,YES,NO,5,6,1,5,,,9,4,Difficult,8,Low,368,Y,Airport,Railway Station,18.273188,79.007406,2.7,5362,"Sightseeing, Photography",Local Market,Apr-Jun,"Hindi, English",Tourism,Senior Citizens,no,N,no,YES,https://example.com/image.jpg
556,Manali,Himachal Pradesh,Manali,Religious,Popular tourist destination,Winter,Summer,5,Luxury,5000,1500,,1233,Yes,Y,No,YES,yes,No,6,3,5,4,,2.0,8,1,Difficult,23,High,2821,yes,Airport,Railway Station,19.579576,78.327503,4.8,15922,"Sightseeing, Photography",Local Market,,"Hindi, English",Tourism,Luxury Travelers,no,NO,No,no,https://example.com/image.jpg
557,Varanasi Ghats,Uttar Pradesh,Varanasi,Palace,Popular tourist destination,Winter,Summer,5 Days,Medium,999999,30000,,1140,No,Y,yes,N,Yes,NO,4,8,6,2,6.0,6.0,9,5,Difficult,10,Low,972,NO,Airport,Railway Station,14.662753,91.608157,2.6,41321,"Sightseeing, Photography",Local Market,,"Hindi, English",Tourism,Luxury Travelers,yes,Yes,no,YES,https://example.com/image.jpg
558,Varanasi Ghats,Uttar Pradesh,Varanasi,Desert,Popular tourist destination,Winter,Summer,5 Days,Low,250,3000,200.0,1752,NO,No,yes,Yes,Y,Y,7,5,1,9,,8.0,7,6,Difficult,32,Low,1614,NO,Airport,Railway Station,29.716947,83.280769,3.7,46204,"Sightseeing, Photography",Local Market,Apr-Jun,"Hindi, English",Tourism,Backpackers,Y,N,Y,N,https://example.com/image.jpg
559,Munnar,Kerala,Munnar,Fort,,Winter,Summer,05 Days,Low,250,100,1000.0,1399,NO,no,Y,YES,no,N,5,7,8,2,2.0,5.0,6,9,Moderate,34,Medium,2084,NO,Airport,Railway Station,,,2.6,40044,"Sightseeing, Photography",Local Market,,"Hindi, English",Tourism,Backpackers,Yes,no,no,Y,https://example.com/image.jpg
560,Ooty,Tamil Nadu,Ooty,National Park,Popular tourist destination,Winter,Summer,5,Low,5000,30000,500.0,177,yes,Yes,no,NO,no,No,4,3,10,7,,1.0,2,8,Moderate,21,Medium,243,yes,Airport,Railway Station,11.171851,86.885501,3.2,2292,"Sightseeing, Photography",Local Market,Winter,"Hindi, English",Tourism,Family,Yes,YES,no,N,https://example.com/image.jpg
561,Jaipur,Rajasthan,Jaipur,Pilgrimage,Popular tourist destination,Winter,Summer,5 Days,Unknown,250,3000,200.0,1012,N,YES,no,Y,yes,YES,1,1,9,5,7.0,5.0,3,6,Difficult,30,High,1710,NO,Airport,Railway Station,27.257614,89.074236,3.7,1282,"Sightseeing, Photography",Local Market,January to March,"Hindi, English",Tourism,Backpackers,yes,N,No,YES,https://example.com/image.jpg
562,Amritsar,Punjab,Amritsar,Island,Popular tourist destination,Winter,Summer,5 Days,Unknown,999999,30000,,1879,No,NO,N,no,Y,YES,5,4,3,2,,8.0,4,1,NA,25,Medium,1599,NO,Airport,Railway Station,17.803648,85.15252,3.0,23017,"Sightseeing, Photography",Local Market,Winter,"Hindi, English",Tourism,Backpackers,N,no,Y,N,https://example.com/image.jpg
563,Munnar,Kerala,Munnar,Religious,Popular tourist destination,Winter,Summer,5 Days,Luxury,12000,3000,500.0,222,No,NO,yes,YES,No,YES,7,3,2,7,,7.0,5,4,Easy,29,Medium,3019,No,Airport,Railway Station,28.286967,,4.7,32320,"Sightseeing, Photography",Local Market,Jan-Mar,"Hindi, English",Tourism,Solo,N,No,YES,YES,https://example.com/image.jpg
564,Amritsar,Punjab,Amritsar,Desert,Popular tourist destination,Winter,Summer,5,Low,5000,1500,1000.0,1653,yes,No,N,NO,NO,Yes,4,5,1,4,10.0,,2,8,Difficult,37,High,3262,no,Airport,Railway Station,12.108132,,4.9,14399,"Sightseeing, Photography",Local Market,,"Hindi, English",Tourism,Friends,yes,Yes,yes,No,https://example.com/image.jpg
565,Varanasi Ghats,Uttar Pradesh,Varanasi,Wildlife,Popular tourist destination,Winter,Summer,5 Days,High,5000,1500,500.0,1207,N,YES,N,no,no,yes,0,1,6,8,9.0,6.0,1,7,Moderate,5,High,21,yes,Airport,Railway Station,31.958109,74.936726,2.7,3741,"Sightseeing, Photography",Local Market,Winter,"Hindi, English",Tourism,Backpackers,No,NO,yes,N,https://example.com/image.jpg
566,Munnar,Kerala,Munnar,National Park,Popular tourist destination,Winter,Summer,5,Medium,999999,1500,200.0,1477,No,No,yes,Y,yes,Yes,0,4,10,9,3.0,,1,2,Difficult,20,Medium,1115,no,Airport,Railway Station,17.646787,85.027733,3.8,26498,"Sightseeing, Photography",Local Market,Jan-Mar,"Hindi, English",Tourism,Friends,no,N,YES,Yes,https://example.com/image.jpg
567,Manali,Himachal Pradesh,Manali,Desert,Popular tourist destination,Winter,Summer,5,Unknown,12000,30000,200.0,740,NO,N,YES,yes,Yes,yes,3,4,1,8,,6.0,3,3,NA,12,High,3466,yes,Airport,Railway Station,19.077523,73.887084,2.5,16369,"Sightseeing, Photography",Local Market,Jan-Mar,"Hindi, English",Tourism,Couple,N,Yes,N,Yes,https://example.com/image.jpg
568,Ooty,Tamil Nadu,Ooty,Religious,Popular tourist destination,Winter,Summer,5 Days,Unknown,250,3000,200.0,1331,Yes,N,NO,Y,YES,No,0,10,10,6,,7.0,1,10,Difficult,38,Low,2541,NO,Airport,Railway Station,24.920418,70.065818,4.8,34041,"Sightseeing, Photography",Local Market,Apr-Jun,"Hindi, English",Tourism,Family,YES,N,no,NO,https://example.com/image.jpg
569,Goa Beaches,Goa,Panaji,Lake,Popular tourist destination,Winter,Summer,05 Days,Luxury,250,100,200.0,1170,yes,N,yes,NO,No,Y,3,8,10,3,5.0,,9,7,Easy,8,Medium,1377,Y,Airport,Railway Station,15.649931,96.512028,3.6,6790,"Sightseeing, Photography",Local Market,Winter,"Hindi, English",Tourism,Couple,No,N,Y,YES,https://example.com/image.jpg
570,Jaipur,Rajasthan,Jaipur,Nature,Popular tourist destination,Winter,Summer,5,Medium,12000,100,1000.0,514,no,N,YES,NO,Yes,Yes,7,4,10,6,9.0,3.0,8,10,Easy,25,Low,2464,No,Airport,Railway Station,12.475828,79.402389,2.6,49935,"Sightseeing, Photography",Local Market,Apr-Jun,"Hindi, English",Tourism,Other,Y,No,no,No,https://example.com/image.jpg
571,Varanasi Ghats,Uttar Pradesh,Varanasi,Adventure,Popular tourist destination,Winter,Summer,Five Days,High,250,100,500.0,456,N,no,Y,Yes,no,Y,3,2,8,8,,9.0,3,2,Easy,20,Low,1616,Yes,Airport,Railway Station,20.213197,82.15306,4.8,29986,"Sightseeing, Photography",Local Market,,"Hindi, English",Tourism,Couple,Yes,NO,Y,No,https://example.com/image.jpg
572,Amritsar,Punjab,Amritsar,Forest,Popular tourist destination,Winter,Summer,Five Days,Low,250,3000,,1888,N,Yes,Y,Yes,YES,yes,0,2,4,8,6.0,,6,5,Difficult,38,Medium,2401,YES,Airport,Railway Station,18.195153,95.644733,2.6,20868,"Sightseeing, Photography",Local Market,Winter,"Hindi, English",Tourism,Friends,Yes,NO,no,YES,https://example.com/image.jpg
573,Jaipur,Rajasthan,Jaipur,Island,Popular tourist destination,Winter,Summer,05 Days,Low,250,100,,1534,No,yes,No,No,N,Yes,4,9,3,8,,,4,7,Difficult,24,High,2612,YES,,Railway Station,34.076105,82.336567,3.0,35466,"Sightseeing, Photography",Local Market,,"Hindi, English",Tourism,Solo,YES,yes,No,Y,https://example.com/image.jpg
574,Varanasi Ghats,Uttar Pradesh,Varanasi,Waterfall,Popular tourist destination,Winter,Summer,Five Days,Medium,12000,3000,200.0,1464,Y,N,No,YES,Yes,NO,0,4,10,2,5.0,,10,1,NA,8,High,298,Y,Airport,Railway Station,14.921998,80.118136,4.8,43357,"Sightseeing, Photography",Local Market,Apr-Jun,"Hindi, English",Tourism,Friends,NO,NO,Yes,yes,https://example.com/image.jpg
575,Ooty,Tamil Nadu,Ooty,Nature,Popular tourist destination,Winter,Summer,5,High,5000,100,500.0,667,NO,yes,no,N,NO,Yes,6,6,1,6,8.0,,3,8,Easy,26,Low,1757,no,Airport,Railway Station,26.263364,89.044459,3.9,25781,"Sightseeing, Photography",Local Market,,"Hindi, English",Tourism,Friends,YES,Yes,yes,no,https://example.com/image.jpg
576,Jaipur,Rajasthan,Jaipur,Palace,Popular tourist destination,Winter,Summer,5,High,12000,3000,1000.0,297,NO,yes,yes,No,no,no,7,4,7,6,,7.0,3,2,Difficult,24,Low,1700,Yes,Airport,Railway Station,26.603321,93.218425,3.5,36719,"Sightseeing, Photography",Local Market,,"Hindi, English",Tourism,Other,yes,Y,NO,NO,https://example.com/image.jpg
577,Varanasi Ghats,Uttar Pradesh,Varanasi,Historical,Popular tourist destination,Winter,Summer,05 Days,Medium,999999,100,200.0,641,Yes,no,NO,N,YES,yes,2,3,5,7,7.0,8.0,2,9,Moderate,31,Medium,3040,YES,Airport,Railway Station,31.978711,81.728484,4.1,47957,"Sightseeing, Photography",Local Market,Apr-Jun,"Hindi, English",Tourism,Family,no,YES,NO,YES,https://example.com/image.jpg
578,Ooty,Tamil Nadu,Ooty,Pilgrimage,Popular tourist destination,Winter,Summer,Five Days,Medium,12000,30000,200.0,336,No,yes,no,yes,Y,YES,7,6,4,10,,5.0,4,8,NA,7,Low,1095,YES,Airport,Railway Station,15.162544,70.053975,3.5,46725,"Sightseeing, Photography",Local Market,Jan-Mar,"Hindi, English",Tourism,Solo,no,NO,No,yes,https://example.com/image.jpg
579,Manali,Himachal Pradesh,Manali,Pilgrimage,Popular tourist destination,Winter,Summer,Five Days,Low,250,1500,200.0,1450,no,Yes,YES,No,NO,Yes,3,6,10,5,3.0,,10,8,Easy,34,High,1721,N,Airport,Railway Station,18.280561,76.604272,3.5,33341,"Sightseeing, Photography",Local Market,"Nov, Dec","Hindi, English",Tourism,Backpackers,N,YES,no,N,https://example.com/image.jpg
580,Munnar,Kerala,Munnar,Historical,Popular tourist destination,Winter,Summer,5 Days,Medium,5000,3000,1000.0,379,yes,Y,YES,NO,No,Yes,5,10,6,10,5.0,3.0,3,6,Moderate,27,High,3014,Yes,Airport,Railway Station,10.883252,78.805638,4.6,40613,"Sightseeing, Photography",Local Market,January to March,"Hindi, English",Tourism,Senior Citizens,yes,N,yes,NO,https://example.com/image.jpg
581,Ooty,Tamil Nadu,Ooty,Desert,Popular tourist destination,Winter,Summer,Five Days,Unknown,999999,30000,500.0,968,yes,Y,Y,NO,NO,NO,4,9,5,8,9.0,,10,5,Moderate,23,Medium,1275,no,Airport,Railway Station,10.269674,92.368702,4.9,36375,"Sightseeing, Photography",Local Market,Apr-Jun,"Hindi, English",Tourism,Backpackers,no,no,Y,Yes,https://example.com/image.jpg
582,Varanasi Ghats,Uttar Pradesh,Varanasi,Fort,Popular tourist destination,Winter,Summer,5,Low,5000,3000,200.0,1062,NO,no,No,no,N,no,3,6,6,3,8.0,,6,3,Difficult,13,High,3461,Y,,Railway Station,22.046893,,4.5,20280,"Sightseeing, Photography",Local Market,Winter,"Hindi, English",Tourism,Luxury Travelers,no,YES,YES,no,https://example.com/image.jpg
583,Mysuru Palace,Karnataka,Mysuru,Palace,Popular tourist destination,Winter,Summer,Five Days,Medium,250,30000,200.0,1955,Y,No,N,YES,yes,Y,5,10,7,10,10.0,,6,10,Difficult,19,High,1821,yes,Airport,Railway Station,23.740374,84.122786,3.9,16381,"Sightseeing, Photography",Local Market,,"Hindi, English",Tourism,Couple,NO,Y,YES,Y,https://example.com/image.jpg
584,Goa Beaches,Goa,Panaji,Desert,Popular tourist destination,Winter,Summer,5 Days,High,250,100,,1002,no,yes,N,no,yes,No,0,8,4,9,,7.0,1,8,Difficult,32,Medium,2698,N,Airport,Railway Station,27.839444,74.455971,3.3,10485,"Sightseeing, Photography",Local Market,Winter,"Hindi, English",Tourism,Friends,N,No,YES,N,https://example.com/image.jpg
585,Ooty,Tamil Nadu,Ooty,Religious,Popular tourist destination,Winter,Summer,5,High,250,100,500.0,357,YES,yes,yes,N,YES,NO,6,7,10,2,,9.0,2,9,Easy,30,Medium,475,YES,Airport,Railway Station,19.250277,87.777543,2.9,24140,"Sightseeing, Photography",Local Market,"Nov, Dec","Hindi, English",Tourism,Backpackers,yes,Yes,YES,no,https://example.com/image.jpg
586,Varanasi Ghats,Uttar Pradesh,Varanasi,Desert,Popular tourist destination,Winter,Summer,5,Unknown,250,1500,,1299,No,no,N,YES,N,Yes,1,10,4,2,6.0,,9,2,Difficult,16,Low,863,NO,Airport,Railway Station,33.953725,96.896067,2.7,7207,"Sightseeing, Photography",Local Market,Jan-Mar,"Hindi, English",Tourism,Friends,YES,no,yes,no,https://example.com/image.jpg
587,Jaipur,Rajasthan,Jaipur,Adventure,Popular tourist destination,Winter,Summer,05 Days,High,5000,1500,200.0,1333,yes,NO,NO,no,no,YES,7,8,10,8,9.0,10.0,6,3,NA,34,Low,2467,yes,Airport,Railway Station,19.236664,95.85651,4.9,26138,"Sightseeing, Photography",Local Market,Winter,"Hindi, English",Tourism,Luxury Travelers,no,Yes,N,no,https://example.com/image.jpg
588,Mysuru Palace,Karnataka,Mysuru,Waterfall,Popular tourist destination,Winter,Summer,5 Days,High,5000,1500,,830,yes,YES,N,yes,No,yes,7,9,8,8,,,4,10,NA,32,Low,2148,NO,Airport,Railway Station,18.809952,94.286447,4.9,818,"Sightseeing, Photography",Local Market,"Nov, Dec","Hindi, English",Tourism,Family,No,yes,no,no,https://example.com/image.jpg
589,Ooty,tamil nadu,Ooty,Lake,Popular tourist destination,Winter,Summer,5 Days,High,999999,100,200.0,551,YES,no,no,no,Y,No,3,9,9,7,,9.0,6,3,Difficult,26,Low,2647,Y,,Railway Station,34.755303,,3.8,23420,"Sightseeing, Photography",Local Market,Apr-Jun,"Hindi, English",Tourism,Backpackers,No,YES,No,Y,https://example.com/image.jpg
590,Manali,Himachal Pradesh,Manali,Palace,Popular tourist destination,Winter,Summer,05 Days,Medium,12000,100,200.0,607,YES,No,YES,N,N,yes,4,1,3,8,,,1,10,NA,20,Medium,2201,NO,Airport,Railway Station,17.91691,88.170747,3.9,43314,"Sightseeing, Photography",Local Market,January to March,"Hindi, English",Tourism,Luxury Travelers,No,yes,No,yes,https://example.com/image.jpg
591,Goa Beaches,Goa,Panaji,Nature,Popular tourist destination,Winter,Summer,05 Days,Low,999999,3000,1000.0,174,No,Y,YES,yes,YES,Y,0,9,8,9,8.0,3.0,9,2,Difficult,10,High,2524,YES,Airport,Railway Station,34.754125,78.307396,3.8,27328,"Sightseeing, Photography",Local Market,January to March,"Hindi, English",Tourism,Family,NO,yes,no,no,https://example.com/image.jpg
592,Jaipur,Rajasthan,Jaipur,Fort,,Winter,Summer,5 Days,Low,5000,100,1000.0,1131,YES,no,YES,YES,NO,N,0,1,7,5,3.0,3.0,10,9,Difficult,30,Low,94,N,Airport,Railway Station,13.491757,95.83663,2.7,35894,"Sightseeing, Photography",Local Market,Apr-Jun,"Hindi, English",Tourism,Other,N,Y,N,YES,https://example.com/image.jpg
593,Manali,Himachal Pradesh,Manali,Religious,Popular tourist destination,Winter,Summer,Five Days,Unknown,12000,1500,,1186,no,YES,yes,Y,yes,NO,5,7,4,7,,,4,10,NA,10,High,3096,Y,Airport,Railway Station,33.818645,75.575466,3.6,25225,"Sightseeing, Photography",Local Market,Jan-Mar,"Hindi, English",Tourism,Luxury Travelers,No,No,N,NO,https://example.com/image.jpg
594,Goa Beaches,Goa,Panaji,Wildlife,Popular tourist destination,Winter,Summer,5,High,5000,1500,500.0,1423,Yes,no,Yes,Y,yes,YES,3,8,1,5,,3.0,10,10,Easy,6,Medium,1956,N,Airport,Railway Station,20.560742,82.973202,3.0,4714,"Sightseeing, Photography",Local Market,January to March,"Hindi, English",Tourism,Friends,Y,yes,Yes,NO,https://example.com/image.jpg
595,Varanasi Ghats,Uttar Pradesh,Varanasi,Fort,Popular tourist destination,Winter,Summer,5 Days,Luxury,12000,1500,,1455,N,no,N,yes,NO,NO,4,7,10,4,10.0,,10,7,Easy,7,Medium,415,Yes,Airport,Railway Station,25.523089,95.309025,3.7,47168,"Sightseeing, Photography",Local Market,Jan-Mar,"Hindi, English",Tourism,Solo,No,Yes,yes,NO,https://example.com/image.jpg
596,Jaipur,Rajasthan,Jaipur,Historical,Popular tourist destination,Winter,Summer,Five Days,High,250,100,500.0,1555,NO,Y,Y,Y,Yes,no,3,5,8,3,,,9,2,NA,14,Low,2741,No,Airport,Railway Station,31.994636,89.166582,4.1,40174,"Sightseeing, Photography",Local Market,January to March,"Hindi, English",Tourism,Senior Citizens,Y,no,No,Y,https://example.com/image.jpg
597,Manali,Himachal Pradesh,Manali,Forest,Popular tourist destination,Winter,Summer,05 Days,Medium,12000,100,1000.0,1711,Y,N,NO,NO,no,Yes,7,9,8,5,1.0,8.0,1,4,NA,31,Low,1338,no,Airport,Railway Station,16.807065,86.962949,4.2,16103,"Sightseeing, Photography",Local Market,Jan-Mar,"Hindi, English",Tourism,Other,N,N,N,N,https://example.com/image.jpg
598,Munnar,Kerala,Munnar,Wildlife,Popular tourist destination,Winter,Summer,5,Medium,250,30000,1000.0,1828,no,Y,no,No,yes,NO,1,10,6,4,,6.0,2,3,Easy,16,High,1443,N,Airport,Railway Station,8.752272,92.663031,4.4,14771,"Sightseeing, Photography",Local Market,Jan-Mar,"Hindi, English",Tourism,Couple,NO,no,yes,no,https://example.com/image.jpg
599,Ooty,Tamil Nadu,Ooty,Religious,Popular tourist destination,Winter,Summer,5 Days,Low,5000,30000,200.0,1463,NO,NO,Y,yes,no,yes,1,10,10,8,,3.0,9,7,Moderate,5,High,1663,yes,Airport,Railway Station,24.832681,68.470513,,29954,"Sightseeing, Photography",Local Market,Apr-Jun,"Hindi, English",Tourism,Solo,YES,No,yes,N,https://example.com/image.jpg
600,Varanasi Ghats,Uttar Pradesh,Varanasi,Lake,Popular tourist destination,Winter,Summer,5 Days,Unknown,5000,1500,500.0,224,Y,NO,YES,N,YES,NO,5,4,3,9,10.0,,7,4,NA,11,Low,2250,Y,Airport,Railway Station,26.997119,89.086206,4.2,49087,"Sightseeing, Photography",Local Market,,"Hindi, English",Tourism,Other,YES,NO,N,No,https://example.com/image.jpg
601,Goa Beaches,Goa,Panaji,Fort,Popular tourist destination,Winter,Summer,5 Days,Medium,12000,30000,200.0,1160,N,Y,no,NO,N,No,7,6,6,1,,,1,4,Difficult,30,Medium,1542,N,Airport,Railway Station,25.032733,,2.6,8985,"Sightseeing, Photography",Local Market,Winter,"Hindi, English",Tourism,Family,Yes,NO,YES,Yes,https://example.com/image.jpg
602,Manali,Himachal Pradesh,Manali,Beach,Popular tourist destination,Winter,Summer,05 Days,Low,5000,30000,1000.0,1935,N,N,Yes,YES,yes,Y,7,8,6,9,8.0,,6,4,NA,31,Low,2582,yes,Airport,Railway Station,,79.639998,4.1,3059,"Sightseeing, Photography",Local Market,"Nov, Dec","Hindi, English",Tourism,Senior Citizens,NO,NO,N,no,https://example.com/image.jpg
603,Varanasi Ghats,uttar pradesh,Varanasi,Beach,Popular tourist destination,Winter,Summer,05 Days,High,999999,30000,500.0,1941,yes,yes,No,YES,yes,N,4,3,7,2,1.0,6.0,5,3,Difficult,11,High,2164,NO,Airport,Railway Station,19.287768,80.110019,2.9,8449,"Sightseeing, Photography",Local Market,Jan-Mar,"Hindi, English",Tourism,Family,Y,yes,No,yes,https://example.com/image.jpg
604,Munnar,Kerala,Munnar,Fort,Popular tourist destination,Winter,Summer,5 Days,Low,250,3000,200.0,1384,Y,No,N,no,NO,YES,4,6,9,10,2.0,,10,6,NA,25,Low,1276,No,Airport,Railway Station,32.241778,80.094462,3.0,47994,"Sightseeing, Photography",Local Market,January to March,"Hindi, English",Tourism,Solo,Y,no,Yes,NO,https://example.com/image.jpg
605,Goa Beaches,Goa,Panaji,Lake,Popular tourist destination,Winter,Summer,Five Days,Medium,5000,1500,500.0,1527,no,no,NO,YES,N,N,3,7,7,7,10.0,,7,4,Moderate,21,Low,1631,N,Airport,Railway Station,32.278067,92.808103,2.6,24935,"Sightseeing, Photography",Local Market,Apr-Jun,"Hindi, English",Tourism,Backpackers,NO,yes,Y,N,https://example.com/image.jpg
606,Goa Beaches,Goa,Panaji,Desert,Popular tourist destination,Winter,Summer,5 Days,Low,12000,100,500.0,574,Yes,no,NO,YES,N,YES,4,6,8,1,,,2,5,Moderate,28,High,3302,Y,Airport,Railway Station,14.657262,69.433463,,31923,"Sightseeing, Photography",Local Market,Apr-Jun,"Hindi, English",Tourism,Solo,YES,yes,YES,yes,https://example.com/image.jpg
607,Mysuru Palace,Karnataka,Mysuru,Waterfall,Popular tourist destination,Winter,Summer,Five Days,High,5000,1500,,529,yes,Yes,yes,Y,no,No,4,1,1,5,1.0,8.0,5,5,Easy,37,Low,3162,N,Airport,Railway Station,25.905882,86.600795,3.8,24931,"Sightseeing, Photography",Local Market,"Nov, Dec","Hindi, English",Tourism,Solo,YES,YES,N,N,https://example.com/image.jpg
608,Munnar,Kerala,Munnar,Lake,,Winter,Summer,5 Days,Medium,999999,100,,654,N,N,NO,Yes,YES,Y,5,2,2,2,6.0,2.0,1,6,Easy,31,Low,1414,NO,Airport,Railway Station,8.380387,,,22623,"Sightseeing, Photography",Local Market,,"Hindi, English",Tourism,Backpackers,Y,no,YES,N,https://example.com/image.jpg
609,Munnar,Kerala,Munnar,Wildlife,Popular tourist destination,Winter,Summer,Five Days,Low,12000,1500,200.0,684,no,yes,yes,yes,no,no,2,9,4,6,6.0,3.0,7,9,Moderate,7,Medium,1234,YES,Airport,Railway Station,8.492595,79.354997,2.5,30711,"Sightseeing, Photography",Local Market,Apr-Jun,"Hindi, English",Tourism,Solo,N,Yes,NO,yes,https://example.com/image.jpg
610,Goa Beaches,Goa,Panaji,Desert,Popular tourist destination,Winter,Summer,05 Days,Unknown,5000,100,,1346,yes,NO,Y,NO,YES,Yes,2,2,10,2,1.0,5.0,9,1,Difficult,26,Low,1882,Yes,Airport,Railway Station,21.835281,80.290848,4.5,40652,"Sightseeing, Photography",Local Market,,"Hindi, English",Tourism,Couple,no,Y,Yes,no,https://example.com/image.jpg
611,Varanasi Ghats,Uttar Pradesh,Varanasi,Adventure,Popular tourist destination,Winter,Summer,Five Days,Low,12000,3000,200.0,408,no,Y,Y,YES,no,N,1,3,9,4,,,9,2,Easy,6,Low,1314,NO,Airport,Railway Station,32.409071,77.581236,3.0,16945,"Sightseeing, Photography",Local Market,"Nov, Dec","Hindi, English",Tourism,Couple,Yes,NO,no,Yes,https://example.com/image.jpg
612,Jaipur,Rajasthan,Jaipur,National Park,Popular tourist destination,Winter,Summer,05 Days,Unknown,999999,100,200.0,380,yes,no,No,NO,Y,N,3,4,8,5,5.0,3.0,10,9,Moderate,18,Low,2301,N,Airport,Railway Station,18.864407,70.278992,4.6,21196,"Sightseeing, Photography",Local Market,"Nov, Dec","Hindi, English",Tourism,Backpackers,NO,No,N,no,https://example.com/image.jpg
613,Jaipur,Rajasthan,Jaipur,Forest,Popular tourist destination,Winter,Summer,5,Medium,999999,30000,1000.0,852,YES,NO,YES,Yes,YES,YES,5,6,10,4,,,10,1,Moderate,20,Low,2705,NO,Airport,Railway Station,33.660772,75.21956,2.5,43829,"Sightseeing, Photography",Local Market,Apr-Jun,"Hindi, English",Tourism,Backpackers,Yes,N,Y,yes,https://example.com/image.jpg
614,Goa Beaches,Goa,Panaji,Nature,Popular tourist destination,Winter,Summer,5 Days,Unknown,5000,100,500.0,1782,no,Y,No,yes,Y,No,6,8,5,3,10.0,5.0,8,1,NA,20,Medium,1941,Y,Airport,Railway Station,28.163851,81.161962,,611,"Sightseeing, Photography",Local Market,January to March,"Hindi, English",Tourism,Luxury Travelers,NO,yes,No,No,https://example.com/image.jpg
615,Varanasi Ghats, Uttar Pradesh ,Varanasi,National Park,Popular tourist destination,Winter,Summer,5,Low,12000,3000,500.0,698,Y,No,Yes,no,Yes,Yes,5,1,3,1,9.0,,10,4,Easy,38,High,5,yes,Airport,Railway Station,15.591863,84.328823,3.5,12781,"Sightseeing, Photography",Local Market,Winter,"Hindi, English",Tourism,Couple,N,no,yes,YES,https://example.com/image.jpg
616,Munnar,Kerala,Munnar,Palace,Popular tourist destination,Winter,Summer,05 Days,High,5000,100,500.0,1074,yes,yes,N,NO,Y,No,1,8,3,1,,10.0,5,7,Easy,16,High,2786,YES,Airport,Railway Station,27.69668,68.467072,3.1,26644,"Sightseeing, Photography",Local Market,Jan-Mar,"Hindi, English",Tourism,Couple,yes,Y,no,N,https://example.com/image.jpg
617,Manali,Himachal Pradesh,Manali,Pilgrimage,Popular tourist destination,Winter,Summer,05 Days,Medium,12000,30000,,641,N,Yes,yes,YES,Y,YES,7,7,9,7,,,5,3,Moderate,34,Low,691,NO,Airport,Railway Station,8.119365,88.40726,2.7,41869,"Sightseeing, Photography",Local Market,"Nov, Dec","Hindi, English",Tourism,Friends,N,No,Y,yes,https://example.com/image.jpg
618,Amritsar,Punjab,Amritsar,Nature,Popular tourist destination,Winter,Summer,05 Days,Unknown,12000,3000,500.0,1719,YES,YES,N,Yes,No,YES,2,10,4,4,,,4,4,Difficult,23,Medium,1304,NO,Airport,Railway Station,,95.3096,3.3,41128,"Sightseeing, Photography",Local Market,Winter,"Hindi, English",Tourism,Senior Citizens,NO,No,no,yes,https://example.com/image.jpg
619,Jaipur,Rajasthan,Jaipur,Pilgrimage,Popular tourist destination,Winter,Summer,5 Days,Unknown,999999,100,,272,NO,yes,YES,Yes,Y,NO,5,4,3,9,,,4,4,Easy,36,High,2869,Yes,Airport,Railway Station,17.103925,96.887188,3.2,3123,"Sightseeing, Photography",Local Market,Winter,"Hindi, English",Tourism,Backpackers,Yes,no,YES,N,https://example.com/image.jpg
620,Mysuru Palace,Karnataka,Mysuru,Religious,Popular tourist destination,Winter,Summer,05 Days,High,5000,3000,200.0,946,N,Y,No,Yes,No,Yes,6,6,7,8,,,1,10,NA,29,High,2848,yes,Airport,Railway Station,28.299075,68.679485,4.0,3388,"Sightseeing, Photography",Local Market,January to March,"Hindi, English",Tourism,Luxury Travelers,YES,Yes,no,NO,https://example.com/image.jpg
621,Varanasi Ghats,Uttar Pradesh,Varanasi,Lake,Popular tourist destination,Winter,Summer,Five Days,Luxury,5000,100,,149,Yes,Yes,No,YES,NO,No,3,3,8,5,,,5,10,Difficult,35,High,274,Yes,Airport,Railway Station,33.098567,78.644176,2.7,26033,"Sightseeing, Photography",Local Market,January to March,"Hindi, English",Tourism,Friends,NO,Yes,no,No,https://example.com/image.jpg
622,Amritsar,Punjab,Amritsar,Nature,Popular tourist destination,Winter,Summer,5,Medium,5000,100,200.0,470,N,No,no,N,N,YES,5,8,1,9,,1.0,2,2,NA,26,Medium,1977,Y,Airport,Railway Station,21.988359,69.902521,4.9,15534,"Sightseeing, Photography",Local Market,Apr-Jun,"Hindi, English",Tourism,Solo,N,YES,YES,Yes,https://example.com/image.jpg
623,Manali,Himachal Pradesh,Manali,Island,Popular tourist destination,Winter,Summer,5,Low,250,1500,1000.0,1250,Yes,No,no,no,yes,Yes,1,4,4,10,2.0,6.0,2,8,NA,29,Medium,1165,Yes,Airport,Railway Station,19.67173,86.191975,2.6,41929,"Sightseeing, Photography",Local Market,Jan-Mar,"Hindi, English",Tourism,Friends,Y,YES,Yes,No,https://example.com/image.jpg
624,Amritsar,Punjab,Amritsar,Waterfall,Popular tourist destination,Winter,Summer,05 Days,Medium,12000,30000,500.0,1329,yes,No,no,YES,N,YES,5,9,5,7,3.0,6.0,3,7,Easy,29,Low,732,Y,Airport,Railway Station,33.810534,75.553223,,48796,"Sightseeing, Photography",Local Market,"Nov, Dec","Hindi, English",Tourism,Senior Citizens,yes,N,N,YES,https://example.com/image.jpg
625,Mysuru Palace,Karnataka,Mysuru,Pilgrimage,Popular tourist destination,Winter,Summer,5 Days,Unknown,999999,3000,200.0,821,YES,no,yes,YES,yes,Yes,7,5,6,4,,,4,5,Difficult,16,Low,857,Y,Airport,Railway Station,28.143391,96.195506,4.9,30477,"Sightseeing, Photography",Local Market,Apr-Jun,"Hindi, English",Tourism,Other,NO,Yes,Yes,Y,https://example.com/image.jpg
626,Mysuru Palace,Karnataka,Mysuru,Historical,Popular tourist destination,Winter,Summer,05 Days,High,5000,30000,500.0,870,Y,YES,N,No,NO,No,7,3,10,7,2.0,,9,3,Easy,28,High,166,No,Airport,Railway Station,32.793761,89.230723,4.2,45160,"Sightseeing, Photography",Local Market,January to March,"Hindi, English",Tourism,Backpackers,Yes,NO,N,N,https://example.com/image.jpg
627,Munnar,Kerala,Munnar,National Park,,Winter,Summer,5,Unknown,12000,100,,1726,No,NO,Y,YES,NO,NO,5,5,2,8,7.0,5.0,9,10,NA,37,High,2133,Yes,Airport,Railway Station,24.515897,93.759599,3.2,31934,"Sightseeing, Photography",Local Market,Apr-Jun,"Hindi, English",Tourism,Family,yes,yes,yes,yes,https://example.com/image.jpg
628,Varanasi Ghats,Uttar Pradesh,Varanasi,Religious,Popular tourist destination,Winter,Summer,5 Days,Unknown,999999,100,1000.0,804,Y,Y,no,N,no,yes,5,3,2,2,,,5,6,Easy,29,Medium,3277,yes,Airport,Railway Station,19.992368,,3.2,14271,"Sightseeing, Photography",Local Market,Apr-Jun,"Hindi, English",Tourism,Solo,Yes,Y,Y,N,https://example.com/image.jpg
629,Amritsar,Punjab,Amritsar,Fort,Popular tourist destination,Winter,Summer,5 Days,High,999999,3000,500.0,709,Yes,N,NO,NO,No,No,3,1,10,3,,6.0,4,8,Easy,20,Low,40,NO,Airport,Railway Station,9.008369,88.379074,3.4,11770,"Sightseeing, Photography",Local Market,Winter,"Hindi, English",Tourism,Solo,Y,N,No,YES,https://example.com/image.jpg
630,Ooty,Tamil Nadu,Ooty,National Park,Popular tourist destination,Winter,Summer,05 Days,Medium,5000,30000,,417,Y,no,yes,NO,YES,Y,1,5,2,7,,,1,8,NA,35,High,1800,YES,Airport,Railway Station,32.617633,72.078452,3.5,22154,"Sightseeing, Photography",Local Market,"Nov, Dec","Hindi, English",Tourism,Couple,yes,no,NO,Y,https://example.com/image.jpg
631,Ooty,Tamil Nadu,Ooty,Lake,Popular tourist destination,Winter,Summer,5 Days,Medium,5000,1500,1000.0,1309,Y,N,NO,no,yes,Y,1,10,8,6,10.0,,5,3,Moderate,23,High,255,NO,Airport,Railway Station,29.835744,80.091883,2.7,46388,"Sightseeing, Photography",Local Market,January to March,"Hindi, English",Tourism,Senior Citizens,No,NO,NO,No,https://example.com/image.jpg
632,Ooty,Tamil Nadu,Ooty,Religious,,Winter,Summer,5 Days,Low,250,100,500.0,260,yes,Y,No,No,yes,No,5,2,7,1,9.0,3.0,8,1,Easy,5,Low,1297,Yes,Airport,Railway Station,15.307174,85.619371,3.2,47206,"Sightseeing, Photography",Local Market,"Nov, Dec","Hindi, English",Tourism,Family,No,Y,Yes,Y,https://example.com/image.jpg
633,Ooty,Tamil Nadu,Ooty,Historical,Popular tourist destination,Winter,Summer,5 Days,Medium,999999,1500,1000.0,1920,Yes,YES,Y,YES,No,NO,2,8,1,8,,9.0,5,10,Difficult,29,Low,702,yes,Airport,Railway Station,,76.372556,2.9,43674,"Sightseeing, Photography",Local Market,January to March,"Hindi, English",Tourism,Solo,NO,NO,yes,N,https://example.com/image.jpg
634,Mysuru Palace,Karnataka,Mysuru,Historical,Popular tourist destination,Winter,Summer,5,Luxury,250,1500,,1332,yes,YES,NO,Yes,YES,no,5,10,4,2,1.0,4.0,8,9,Difficult,36,Low,3492,N,Airport,Railway Station,25.99132,76.307012,4.4,20072,"Sightseeing, Photography",Local Market,Winter,"Hindi, English",Tourism,Family,N,Y,No,Yes,https://example.com/image.jpg
635,Amritsar,Punjab,Amritsar,Forest,Popular tourist destination,Winter,Summer,5,Unknown,5000,30000,1000.0,1417,no,N,N,Y,Yes,YES,0,10,9,7,6.0,9.0,6,9,Easy,13,High,2238,YES,Airport,Railway Station,8.987767,82.39933,2.8,11510,"Sightseeing, Photography",Local Market,Jan-Mar,"Hindi, English",Tourism,Backpackers,Y,Y,yes,Yes,https://example.com/image.jpg
636,Ooty,Tamil Nadu,Ooty,Religious,Popular tourist destination,Winter,Summer,5,Luxury,250,1500,500.0,131,no,NO,Y,no,No,YES,0,3,8,7,8.0,,6,9,Easy,15,Medium,182,NO,Airport,Railway Station,34.211316,74.880029,4.5,21853,"Sightseeing, Photography",Local Market,,"Hindi, English",Tourism,Solo,Y,no,Y,Y,https://example.com/image.jpg
637,Manali,Himachal Pradesh,Manali,Palace,Popular tourist destination,Winter,Summer,Five Days,Medium,999999,1500,,935,No,yes,yes,Y,no,Y,6,6,7,8,,5.0,6,9,Moderate,6,High,1109,no,Airport,Railway Station,,84.07757,3.1,35377,"Sightseeing, Photography",Local Market,Winter,"Hindi, English",Tourism,Senior Citizens,NO,Y,yes,no,https://example.com/image.jpg
638,Munnar,Kerala,Munnar,Palace,Popular tourist destination,Winter,Summer,Five Days,Medium,12000,30000,1000.0,1946,No,YES,Y,Yes,no,NO,5,7,10,10,7.0,5.0,3,9,Difficult,32,Low,3211,N,Airport,Railway Station,28.379817,74.088274,4.1,31853,"Sightseeing, Photography",Local Market,"Nov, Dec","Hindi, English",Tourism,Backpackers,No,yes,yes,yes,https://example.com/image.jpg
639,Munnar,Kerala,Munnar,Hill Station,Popular tourist destination,Winter,Summer,05 Days,Luxury,999999,30000,200.0,1748,Y,N,No,N,N,yes,6,10,3,5,4.0,,2,3,Easy,27,High,1795,YES,Airport,Railway Station,31.207415,73.2628,3.8,14031,"Sightseeing, Photography",Local Market,Apr-Jun,"Hindi, English",Tourism,Friends,N,Yes,Yes,YES,https://example.com/image.jpg
640,Munnar,Kerala,Munnar,Waterfall,Popular tourist destination,Winter,Summer,5 Days,Unknown,12000,100,500.0,1292,NO,no,no,No,Y,N,2,7,1,2,5.0,,9,2,Moderate,28,Medium,3410,No,Airport,Railway Station,14.389395,96.497819,4.8,26114,"Sightseeing, Photography",Local Market,Winter,"Hindi, English",Tourism,Solo,No,No,YES,no,https://example.com/image.jpg
641,Mysuru Palace,Karnataka,Mysuru,Waterfall,Popular tourist destination,Winter,Summer,Five Days,Luxury,999999,30000,,833,no,NO,yes,yes,Y,Yes,4,1,3,2,,6.0,6,5,NA,35,Medium,1309,Y,Airport,Railway Station,24.871218,78.902888,4.6,42516,"Sightseeing, Photography",Local Market,,"Hindi, English",Tourism,Backpackers,YES,Yes,NO,Y,https://example.com/image.jpg
642,Amritsar,Punjab,Amritsar,Waterfall,Popular tourist destination,Winter,Summer,5 Days,Luxury,250,3000,500.0,273,N,No,No,NO,no,no,7,4,9,8,9.0,1.0,6,2,Easy,6,High,3389,yes,Airport,Railway Station,8.527158,75.614127,4.2,16130,"Sightseeing, Photography",Local Market,,"Hindi, English",Tourism,Other,N,No,Y,No,https://example.com/image.jpg
643,Amritsar, Punjab ,Amritsar,Pilgrimage,Popular tourist destination,Winter,Summer,5,Unknown,5000,3000,,1375,YES,yes,No,No,no,no,2,1,9,4,4.0,,4,3,Difficult,33,Low,21,YES,Airport,Railway Station,19.904096,73.571945,,18624,"Sightseeing, Photography",Local Market,Winter,"Hindi, English",Tourism,Luxury Travelers,NO,NO,no,N,https://example.com/image.jpg
644,Varanasi Ghats,Uttar Pradesh,Varanasi,Religious,Popular tourist destination,Winter,Summer,5 Days,Luxury,250,3000,1000.0,877,NO,No,yes,NO,NO,Y,4,6,8,2,9.0,8.0,3,6,NA,13,Medium,384,Yes,Airport,Railway Station,34.4538,70.805462,,4668,"Sightseeing, Photography",Local Market,Jan-Mar,"Hindi, English",Tourism,Luxury Travelers,YES,Y,no,No,https://example.com/image.jpg
645,Amritsar,Punjab,Amritsar,Waterfall,Popular tourist destination,Winter,Summer,Five Days,Low,250,3000,200.0,1696,No,N,no,Y,YES,Y,5,7,9,2,,,2,2,Easy,12,Low,368,N,Airport,Railway Station,12.926927,94.83636,,33015,"Sightseeing, Photography",Local Market,,"Hindi, English",Tourism,Backpackers,yes,YES,NO,no,https://example.com/image.jpg
646,Varanasi Ghats,Uttar Pradesh,Varanasi,Island,,Winter,Summer,05 Days,High,999999,100,,435,no,N,Y,no,yes,Y,0,2,8,3,,,9,5,Difficult,11,Low,2272,No,Airport,Railway Station,24.048402,96.627347,4.3,6929,"Sightseeing, Photography",Local Market,,"Hindi, English",Tourism,Senior Citizens,N,N,No,Y,https://example.com/image.jpg
647,Jaipur,Rajasthan,Jaipur,Nature,Popular tourist destination,Winter,Summer,Five Days,Low,999999,3000,,797,yes,no,Y,yes,YES,Y,5,7,2,10,4.0,5.0,4,2,Moderate,23,Medium,814,YES,Airport,Railway Station,27.553032,93.693966,4.6,33606,"Sightseeing, Photography",Local Market,Winter,"Hindi, English",Tourism,Other,YES,No,no,yes,https://example.com/image.jpg
648,Amritsar,Punjab,Amritsar,Fort,Popular tourist destination,Winter,Summer,Five Days,Medium,999999,30000,,738,NO,no,Yes,NO,Y,no,1,2,9,8,,,4,10,Difficult,31,Low,251,yes,Airport,Railway Station,31.463135,,2.5,21485,"Sightseeing, Photography",Local Market,"Nov, Dec","Hindi, English",Tourism,Friends,Y,N,yes,no,https://example.com/image.jpg
649,Jaipur,Rajasthan,Jaipur,Forest,Popular tourist destination,Winter,Summer,5 Days,High,12000,30000,,665,yes,Yes,yes,no,NO,yes,0,6,1,1,,,10,7,NA,33,High,1543,NO,Airport,Railway Station,,82.263537,4.7,14950,"Sightseeing, Photography",Local Market,Winter,"Hindi, English",Tourism,Family,no,YES,no,NO,https://example.com/image.jpg
650,Goa Beaches,Goa,Panaji,Wildlife,,Winter,Summer,5 Days,Medium,999999,1500,200.0,983,no,YES,Y,Yes,no,No,4,6,6,4,,,8,6,Difficult,15,High,2762,yes,Airport,Railway Station,15.268807,86.449496,3.9,32183,"Sightseeing, Photography",Local Market,,"Hindi, English",Tourism,Family,Yes,Y,YES,no,https://example.com/image.jpg
651,Munnar,Kerala,Munnar,Desert,Popular tourist destination,Winter,Summer,Five Days,Luxury,999999,1500,,1383,NO,YES,NO,No,N,No,1,10,1,8,,6.0,9,1,Difficult,18,Medium,1010,no,Airport,Railway Station,13.230485,81.078279,3.2,6069,"Sightseeing, Photography",Local Market,"Nov, Dec","Hindi, English",Tourism,Luxury Travelers,yes,YES,Y,Y,https://example.com/image.jpg
652,Munnar,Kerala,Munnar,Beach,Popular tourist destination,Winter,Summer,Five Days,High,999999,100,500.0,910,No,YES,No,yes,No,NO,4,8,1,3,,,9,8,Easy,22,Medium,1959,no,Airport,Railway Station,30.090127,,4.1,38262,"Sightseeing, Photography",Local Market,,"Hindi, English",Tourism,Backpackers,No,Y,Yes,Yes,https://example.com/image.jpg
653,Ooty,Tamil Nadu,Ooty,Wildlife,Popular tourist destination,Winter,Summer,5 Days,High,5000,30000,200.0,1802,Yes,Yes,Y,N,yes,YES,4,8,2,8,6.0,10.0,2,10,Moderate,17,High,2644,NO,Airport,Railway Station,10.083304,73.60757,2.5,47192,"Sightseeing, Photography",Local Market,"Nov, Dec","Hindi, English",Tourism,Senior Citizens,Yes,N,N,YES,https://example.com/image.jpg
654,Ooty,Tamil Nadu,Ooty,Wildlife,Popular tourist destination,Winter,Summer,5 Days,Medium,999999,1500,1000.0,137,Yes,yes,No,Yes,N,YES,6,3,2,4,5.0,10.0,7,2,Moderate,14,Low,333,no,Airport,Railway Station,32.175367,85.49869,4.5,25699,"Sightseeing, Photography",Local Market,Jan-Mar,"Hindi, English",Tourism,Senior Citizens,Y,Yes,YES,NO,https://example.com/image.jpg
655,Mysuru Palace,Karnataka,Mysuru,Palace,Popular tourist destination,Winter,Summer,5 Days,Low,999999,100,500.0,188,Y,NO,Yes,NO,N,NO,1,2,5,9,2.0,,2,5,Moderate,37,High,2524,Y,Airport,Railway Station,12.824375,76.579322,4.9,41382,"Sightseeing, Photography",Local Market,Apr-Jun,"Hindi, English",Tourism,Couple,Yes,No,NO,YES,https://example.com/image.jpg
656,Jaipur,Rajasthan,Jaipur,Forest,Popular tourist destination,Winter,Summer,Five Days,Low,999999,1500,1000.0,1358,Yes,N,Y,yes,YES,YES,1,5,2,1,,,2,10,Moderate,21,High,2490,NO,Airport,Railway Station,30.602074,92.911511,2.6,21321,"Sightseeing, Photography",Local Market,January to March,"Hindi, English",Tourism,Couple,No,Yes,yes,YES,https://example.com/image.jpg
657,Varanasi Ghats,Uttar Pradesh,Varanasi,Pilgrimage,Popular tourist destination,Winter,Summer,Five Days,Low,250,3000,,299,no,No,N,Y,N,YES,4,1,4,5,2.0,5.0,7,5,NA,18,High,477,N,Airport,Railway Station,30.57476,86.317366,4.0,44593,"Sightseeing, Photography",Local Market,Jan-Mar,"Hindi, English",Tourism,Friends,NO,Yes,Yes,yes,https://example.com/image.jpg
658,Jaipur,Rajasthan,Jaipur,Fort,Popular tourist destination,Winter,Summer,05 Days,Medium,999999,1500,500.0,1456,YES,yes,Y,no,N,no,6,9,3,9,9.0,,1,4,Moderate,18,High,2876,YES,Airport,Railway Station,,78.15557,2.8,13298,"Sightseeing, Photography",Local Market,"Nov, Dec","Hindi, English",Tourism,Senior Citizens,Yes,NO,No,YES,https://example.com/image.jpg
659,Munnar,Kerala,Munnar,Waterfall,,Winter,Summer,05 Days,Low,250,30000,500.0,412,NO,Yes,N,Yes,Y,NO,0,8,2,1,7.0,,9,8,Difficult,19,Low,3364,N,,Railway Station,,88.939996,3.2,32014,"Sightseeing, Photography",Local Market,Apr-Jun,"Hindi, English",Tourism,Friends,N,NO,Yes,NO,https://example.com/image.jpg
660,Goa Beaches,Goa,Panaji,Beach,,Winter,Summer,Five Days,Medium,12000,100,1000.0,450,N,No,YES,no,Yes,Y,5,2,5,1,,,6,5,Moderate,16,Medium,2639,yes,Airport,Railway Station,14.777658,95.459029,3.0,46297,"Sightseeing, Photography",Local Market,Winter,"Hindi, English",Tourism,Other,Yes,Yes,yes,N,https://example.com/image.jpg
661,Goa Beaches,Goa,Panaji,Palace,Popular tourist destination,Winter,Summer,Five Days,Low,5000,100,1000.0,192,No,no,YES,N,Y,no,2,6,8,9,6.0,,7,2,Difficult,15,Medium,1746,Y,Airport,Railway Station,32.883791,92.151304,4.6,33665,"Sightseeing, Photography",Local Market,January to March,"Hindi, English",Tourism,Family,No,N,Yes,N,https://example.com/image.jpg
662,Amritsar,Punjab,Amritsar,Fort,Popular tourist destination,Winter,Summer,5,Low,12000,1500,,1660,Y,Yes,yes,Y,Yes,no,7,2,6,7,6.0,6.0,9,7,NA,32,High,2161,Y,Airport,Railway Station,15.980841,71.412149,4.1,33182,"Sightseeing, Photography",Local Market,January to March,"Hindi, English",Tourism,Other,no,Yes,N,NO,https://example.com/image.jpg
663,Varanasi Ghats,Uttar Pradesh,Varanasi,Nature,Popular tourist destination,Winter,Summer,Five Days,Low,999999,3000,200.0,816,YES,Y,Yes,Y,YES,NO,0,7,9,1,,9.0,9,8,Difficult,7,Medium,2804,Y,Airport,Railway Station,28.633943,92.286246,4.4,41878,"Sightseeing, Photography",Local Market,Winter,"Hindi, English",Tourism,Couple,No,NO,Yes,YES,https://example.com/image.jpg
664,Ooty,Tamil Nadu,Ooty,Lake,Popular tourist destination,Winter,Summer,5 Days,Unknown,5000,30000,,587,no,yes,N,No,YES,Yes,2,4,7,10,4.0,9.0,5,1,Easy,28,Medium,852,yes,Airport,Railway Station,21.347769,68.538674,4.7,27586,"Sightseeing, Photography",Local Market,January to March,"Hindi, English",Tourism,Backpackers,Y,Yes,Y,YES,https://example.com/image.jpg
665,Jaipur,Rajasthan,Jaipur,Forest,Popular tourist destination,Winter,Summer,5,Low,12000,100,1000.0,1881,N,yes,NO,NO,NO,No,0,7,8,9,9.0,,8,5,Easy,28,High,1412,yes,Airport,Railway Station,33.990085,79.714689,3.9,12737,"Sightseeing, Photography",Local Market,January to March,"Hindi, English",Tourism,Solo,Y,NO,YES,Yes,https://example.com/image.jpg
666,Ooty,Tamil Nadu,Ooty,Fort,Popular tourist destination,Winter,Summer,05 Days,High,5000,1500,,1314,Yes,NO,No,Y,Y,Yes,4,7,1,1,1.0,6.0,7,9,Easy,35,High,3393,yes,Airport,Railway Station,10.705437,92.904126,4.5,23003,"Sightseeing, Photography",Local Market,"Nov, Dec","Hindi, English",Tourism,Other,yes,N,no,N,https://example.com/image.jpg
667,Manali,Himachal Pradesh,Manali,Wildlife,Popular tourist destination,Winter,Summer,Five Days,High,999999,100,200.0,1651,no,NO,YES,yes,Yes,yes,6,6,3,5,2.0,3.0,7,9,Easy,15,Low,2340,NO,Airport,Railway Station,20.669888,79.768899,4.9,9434,"Sightseeing, Photography",Local Market,Winter,"Hindi, English",Tourism,Backpackers,YES,yes,Y,YES,https://example.com/image.jpg
668,Amritsar,Punjab,Amritsar,Wildlife,Popular tourist destination,Winter,Summer,Five Days,High,5000,1500,200.0,1383,YES,no,Yes,Yes,Yes,no,2,10,10,9,,7.0,9,8,Difficult,34,Low,2531,Yes,Airport,Railway Station,25.894023,73.904167,4.7,41190,"Sightseeing, Photography",Local Market,Apr-Jun,"Hindi, English",Tourism,Other,No,Y,no,YES,https://example.com/image.jpg
669,Munnar,kerala,Munnar,Wildlife,Popular tourist destination,Winter,Summer,05 Days,High,999999,3000,500.0,1877,N,no,Y,Yes,yes,no,2,2,5,1,,7.0,2,10,Easy,21,High,1812,NO,Airport,Railway Station,11.897978,93.872638,5.8,2460,"Sightseeing, Photography",Local Market,January to March,"Hindi, English",Tourism,Other,NO,Yes,yes,yes,https://example.com/image.jpg
670,Manali,Himachal Pradesh,Manali,Beach,Popular tourist destination,Winter,Summer,5 Days,Medium,999999,100,,1289,NO,Y,yes,No,NO,N,2,10,3,8,,,4,4,Easy,36,High,1029,no,Airport,Railway Station,16.732557,88.796446,3.7,35748,"Sightseeing, Photography",Local Market,Jan-Mar,"Hindi, English",Tourism,Senior Citizens,yes,YES,YES,YES,https://example.com/image.jpg
671,Mysuru Palace,Karnataka,Mysuru,Waterfall,Popular tourist destination,Winter,Summer,5 Days,Low,250,30000,500.0,1104,yes,no,No,NO,NO,No,3,3,2,2,,9.0,9,2,NA,17,Low,3112,Y,Airport,Railway Station,17.948055,88.293341,4.8,47453,"Sightseeing, Photography",Local Market,,"Hindi, English",Tourism,Other,YES,Yes,Yes,no,https://example.com/image.jpg
672,Mysuru Palace,Karnataka,Mysuru,Religious,Popular tourist destination,Winter,Summer,5,Luxury,999999,30000,,515,YES,No,N,NO,No,Yes,4,7,10,7,,10.0,6,8,Easy,26,High,1099,N,Airport,Railway Station,13.870575,80.797803,,48499,"Sightseeing, Photography",Local Market,Apr-Jun,"Hindi, English",Tourism,Senior Citizens,yes,No,yes,YES,https://example.com/image.jpg
673,Varanasi Ghats,Uttar Pradesh,Varanasi,Lake,Popular tourist destination,Winter,Summer,05 Days,Medium,250,3000,500.0,229,YES,No,yes,YES,N,Y,7,4,9,8,,9.0,2,4,Difficult,7,Low,3087,no,Airport,Railway Station,34.072684,81.336781,3.6,657,"Sightseeing, Photography",Local Market,Jan-Mar,"Hindi, English",Tourism,Backpackers,yes,N,N,YES,https://example.com/image.jpg
674,Amritsar,Punjab,Amritsar,Historical,Popular tourist destination,Winter,Summer,5,Low,5000,100,1000.0,708,YES,NO,yes,NO,NO,no,7,7,8,7,5.0,4.0,5,6,Moderate,36,High,2643,yes,Airport,Railway Station,27.650597,93.78214,3.7,24522,"Sightseeing, Photography",Local Market,January to March,"Hindi, English",Tourism,Senior Citizens,yes,YES,NO,Y,https://example.com/image.jpg
675,Jaipur,Rajasthan,Jaipur,Wildlife,Popular tourist destination,Winter,Summer,5 Days,Low,250,100,200.0,1803,no,N,Y,Yes,NO,Y,3,3,3,8,6.0,6.0,10,3,Difficult,12,High,1585,NO,Airport,Railway Station,19.235995,93.051644,4.1,16059,"Sightseeing, Photography",Local Market,January to March,"Hindi, English",Tourism,Luxury Travelers,yes,Yes,N,YES,https://example.com/image.jpg
676,Mysuru Palace,Karnataka,Mysuru,Adventure,Popular tourist destination,Winter,Summer,Five Days,High,12000,3000,500.0,933,NO,NO,Y,yes,YES,no,2,3,6,3,,9.0,2,4,NA,36,High,2293,yes,Airport,Railway Station,24.053645,81.913687,4.9,8011,"Sightseeing, Photography",Local Market,,"Hindi, English",Tourism,Backpackers,Y,N,NO,NO,https://example.com/image.jpg
677,Goa Beaches,Goa,Panaji,Adventure,Popular tourist destination,Winter,Summer,Five Days,Low,999999,100,,410,yes,yes,YES,yes,Yes,Yes,5,9,3,3,4.0,1.0,2,1,NA,9,High,2709,yes,Airport,Railway Station,34.498174,85.142004,5.8,34925,"Sightseeing, Photography",Local Market,Apr-Jun,"Hindi, English",Tourism,Backpackers,Y,Y,Yes,Yes,https://example.com/image.jpg
678,Mysuru Palace,Karnataka,Mysuru,Pilgrimage,Popular tourist destination,Winter,Summer,5,Medium,5000,1500,500.0,688,N,Y,Yes,Yes,yes,No,0,4,8,8,,,4,5,Moderate,26,High,2782,No,Airport,Railway Station,10.126317,89.267688,4.4,32167,"Sightseeing, Photography",Local Market,Winter,"Hindi, English",Tourism,Luxury Travelers,N,YES,NO,NO,https://example.com/image.jpg
679,Amritsar,Punjab,Amritsar,Forest,Popular tourist destination,Winter,Summer,5,Medium,5000,3000,500.0,1550,yes,NO,yes,yes,YES,Y,0,8,5,5,4.0,2.0,4,8,Difficult,18,Medium,507,yes,Airport,Railway Station,23.433049,72.637672,4.2,30795,"Sightseeing, Photography",Local Market,Jan-Mar,"Hindi, English",Tourism,Couple,NO,yes,N,YES,https://example.com/image.jpg
680,Manali,Himachal Pradesh,Manali,Palace,Popular tourist destination,Winter,Summer,5,High,999999,3000,500.0,178,yes,yes,Yes,No,N,no,0,7,5,2,,,9,1,Easy,6,Low,2502,Yes,Airport,Railway Station,10.056566,91.305553,4.7,25031,"Sightseeing, Photography",Local Market,January to March,"Hindi, English",Tourism,Couple,N,YES,yes,No,https://example.com/image.jpg
681,Mysuru Palace,Karnataka,Mysuru,Island,Popular tourist destination,Winter,Summer,Five Days,Low,5000,100,200.0,1442,no,YES,Y,Y,N,yes,7,2,9,3,2.0,,2,6,NA,28,Medium,3204,No,Airport,Railway Station,10.456318,72.431105,2.5,43021,"Sightseeing, Photography",Local Market,Winter,"Hindi, English",Tourism,Senior Citizens,YES,YES,Yes,YES,https://example.com/image.jpg
682,Amritsar,Punjab,Amritsar,Fort,Popular tourist destination,Winter,Summer,5,Low,12000,1500,1000.0,1062,YES,yes,N,NO,YES,YES,1,4,4,4,10.0,,6,8,Moderate,8,Medium,667,yes,Airport,Railway Station,9.634567,68.295151,3.3,46930,"Sightseeing, Photography",Local Market,Winter,"Hindi, English",Tourism,Solo,N,YES,No,yes,https://example.com/image.jpg
683,Varanasi Ghats,Uttar Pradesh,Varanasi,Island,Popular tourist destination,Winter,Summer,5 Days,Low,5000,100,200.0,376,No,yes,NO,YES,no,Y,4,10,8,5,,,2,9,Moderate,16,High,3410,No,Airport,Railway Station,22.728236,73.575132,3.0,9474,"Sightseeing, Photography",Local Market,January to March,"Hindi, English",Tourism,Luxury Travelers,N,Yes,no,Y,https://example.com/image.jpg
684,Varanasi Ghats,Uttar Pradesh,Varanasi,Hill Station,Popular tourist destination,Winter,Summer,5 Days,Unknown,250,100,1000.0,436,Yes,No,yes,Y,Yes,Y,6,10,1,3,,3.0,10,6,Easy,15,Medium,1124,YES,Airport,Railway Station,14.455265,94.004855,4.7,49739,"Sightseeing, Photography",Local Market,Jan-Mar,"Hindi, English",Tourism,Solo,yes,yes,yes,No,https://example.com/image.jpg
685,Ooty,Tamil Nadu,Ooty,Palace,Popular tourist destination,Winter,Summer,05 Days,High,5000,100,,1453,Y,yes,Yes,yes,yes,N,1,1,4,3,8.0,,10,5,Moderate,12,High,509,yes,Airport,Railway Station,14.75315,77.569449,3.7,27416,"Sightseeing, Photography",Local Market,Jan-Mar,"Hindi, English",Tourism,Backpackers,No,no,yes,YES,https://example.com/image.jpg
686,Amritsar, Punjab ,Amritsar,Palace,Popular tourist destination,Winter,Summer,Five Days,High,5000,100,,897,Yes,No,NO,NO,N,YES,6,1,10,5,5.0,10.0,5,4,NA,18,Low,3048,YES,Airport,Railway Station,13.345703,94.253819,4.7,8378,"Sightseeing, Photography",Local Market,January to March,"Hindi, English",Tourism,Other,no,Yes,Y,no,https://example.com/image.jpg
687,Ooty,Tamil Nadu,Ooty,Historical,Popular tourist destination,Winter,Summer,05 Days,Low,250,100,200.0,852,No,YES,yes,N,YES,Yes,3,7,1,8,2.0,4.0,1,6,Moderate,27,Low,492,yes,Airport,Railway Station,26.448888,95.094698,3.2,19910,"Sightseeing, Photography",Local Market,Apr-Jun,"Hindi, English",Tourism,Luxury Travelers,no,Yes,Y,No,https://example.com/image.jpg
688,Amritsar,Punjab,Amritsar,Beach,Popular tourist destination,Winter,Summer,Five Days,High,250,30000,1000.0,1934,YES,Y,Yes,no,YES,N,7,6,2,1,5.0,10.0,2,9,NA,21,Low,2548,Yes,Airport,Railway Station,29.505198,91.263449,3.2,18947,"Sightseeing, Photography",Local Market,,"Hindi, English",Tourism,Other,NO,Yes,No,N,https://example.com/image.jpg
689,Ooty,Tamil Nadu,Ooty,Historical,Popular tourist destination,Winter,Summer,Five Days,Low,999999,100,,426,No,No,YES,yes,Yes,NO,2,6,5,6,,,6,5,Difficult,34,High,497,YES,Airport,Railway Station,21.818195,75.126047,4.4,11145,"Sightseeing, Photography",Local Market,January to March,"Hindi, English",Tourism,Friends,yes,Yes,NO,No,https://example.com/image.jpg
690,Goa Beaches,Goa,Panaji,Desert,Popular tourist destination,Winter,Summer,5,Luxury,12000,1500,500.0,1146,YES,Y,YES,N,N,YES,3,3,2,5,,,2,9,Moderate,36,High,50,yes,,Railway Station,28.004212,93.743548,2.9,32434,"Sightseeing, Photography",Local Market,Winter,"Hindi, English",Tourism,Family,Yes,yes,No,yes,https://example.com/image.jpg
691,Mysuru Palace, Karnataka ,Mysuru,Historical,Popular tourist destination,Winter,Summer,Five Days,Low,250,1500,500.0,1046,No,YES,Y,YES,NO,YES,0,3,2,5,,1.0,9,10,NA,18,Medium,2100,N,,Railway Station,30.892823,84.673818,3.2,903,"Sightseeing, Photography",Local Market,Apr-Jun,"Hindi, English",Tourism,Other,Yes,N,Y,No,https://example.com/image.jpg
692,Goa Beaches,Goa,Panaji,Historical,Popular tourist destination,Winter,Summer,5 Days,Medium,12000,1500,1000.0,462,YES,Y,No,Y,Yes,Y,3,8,2,7,3.0,,3,5,Moderate,11,High,2102,YES,Airport,Railway Station,30.332455,80.309292,3.3,31632,"Sightseeing, Photography",Local Market,,"Hindi, English",Tourism,Other,yes,yes,NO,N,https://example.com/image.jpg
693,Amritsar,Punjab,Amritsar,Desert,Popular tourist destination,Winter,Summer,Five Days,Unknown,12000,30000,200.0,1004,No,No,Yes,no,NO,Y,1,9,5,4,,,4,3,Moderate,31,Medium,1503,YES,Airport,Railway Station,14.881769,71.859275,2.8,23872,"Sightseeing, Photography",Local Market,,"Hindi, English",Tourism,Friends,yes,yes,NO,Y,https://example.com/image.jpg
694,Varanasi Ghats,Uttar Pradesh,Varanasi,National Park,Popular tourist destination,Winter,Summer,Five Days,Low,5000,30000,200.0,925,no,no,YES,N,Yes,Y,4,10,1,10,9.0,6.0,2,5,Moderate,34,High,562,Yes,Airport,Railway Station,24.970789,91.944211,4.0,10868,"Sightseeing, Photography",Local Market,,"Hindi, English",Tourism,Senior Citizens,NO,no,no,yes,https://example.com/image.jpg
695,Mysuru Palace,Karnataka,Mysuru,Nature,,Winter,Summer,Five Days,Low,999999,100,1000.0,1912,Y,Yes,Y,yes,no,Yes,7,1,7,9,10.0,,4,3,NA,7,High,839,yes,Airport,Railway Station,20.282103,,2.8,28587,"Sightseeing, Photography",Local Market,Jan-Mar,"Hindi, English",Tourism,Luxury Travelers,yes,yes,NO,N,https://example.com/image.jpg
696,Amritsar,Punjab,Amritsar,Nature,Popular tourist destination,Winter,Summer,5,Low,12000,100,500.0,1823,N,yes,yes,yes,YES,NO,7,1,9,3,,5.0,7,6,Moderate,16,Low,2046,Yes,Airport,Railway Station,24.035915,96.921202,,22639,"Sightseeing, Photography",Local Market,Apr-Jun,"Hindi, English",Tourism,Luxury Travelers,Yes,no,Yes,Y,https://example.com/image.jpg
697,Ooty,Tamil Nadu,Ooty,Palace,Popular tourist destination,Winter,Summer,Five Days,Unknown,250,100,200.0,1208,Y,Y,Yes,Y,YES,No,6,4,10,3,,,3,8,Moderate,13,Medium,1644,NO,Airport,Railway Station,14.108971,71.504129,4.2,41525,"Sightseeing, Photography",Local Market,January to March,"Hindi, English",Tourism,Family,N,NO,Yes,yes,https://example.com/image.jpg
698,Mysuru Palace,Karnataka,Mysuru,Forest,Popular tourist destination,Winter,Summer,5 Days,Luxury,5000,1500,,1606,YES,NO,Y,YES,No,Y,5,4,2,8,,,8,2,NA,38,Low,1361,N,Airport,Railway Station,27.856603,74.33366,3.4,36145,"Sightseeing, Photography",Local Market,"Nov, Dec","Hindi, English",Tourism,Backpackers,NO,NO,NO,Y,https://example.com/image.jpg
699,Munnar,Kerala,Munnar,Beach,Popular tourist destination,Winter,Summer,05 Days,High,250,30000,200.0,1861,Y,No,YES,YES,Yes,Y,2,7,6,9,9.0,,2,4,Difficult,19,High,571,yes,Airport,Railway Station,13.40068,86.160213,3.9,2542,"Sightseeing, Photography",Local Market,"Nov, Dec","Hindi, English",Tourism,Other,N,yes,No,Y,https://example.com/image.jpg
700,Amritsar,Punjab,Amritsar,Desert,Popular tourist destination,Winter,Summer,05 Days,Medium,250,1500,200.0,1435,N,YES,NO,No,no,YES,4,6,4,7,,,6,3,Easy,21,Low,404,yes,Airport,Railway Station,25.957159,74.656637,4.5,40281,"Sightseeing, Photography",Local Market,"Nov, Dec","Hindi, English",Tourism,Couple,N,Y,YES,no,https://example.com/image.jpg
701,Amritsar,punjab,Amritsar,National Park,Popular tourist destination,Winter,Summer,5,Unknown,999999,100,1000.0,1703,Yes,Y,Yes,N,YES,N,5,10,7,1,,5.0,7,9,NA,29,Low,2011,Yes,,Railway Station,9.448704,89.413065,2.8,10867,"Sightseeing, Photography",Local Market,"Nov, Dec","Hindi, English",Tourism,Solo,NO,N,no,N,https://example.com/image.jpg
702,Goa Beaches,Goa,Panaji,Waterfall,Popular tourist destination,Winter,Summer,5,High,999999,3000,500.0,868,NO,N,N,N,N,yes,2,7,2,5,,4.0,1,9,Difficult,24,High,2922,Yes,Airport,Railway Station,8.728086,70.580599,2.9,3907,"Sightseeing, Photography",Local Market,,"Hindi, English",Tourism,Family,NO,YES,Yes,Y,https://example.com/image.jpg
703,Jaipur,Rajasthan,Jaipur,Nature,Popular tourist destination,Winter,Summer,5 Days,Medium,250,1500,1000.0,1980,YES,NO,YES,YES,no,yes,0,8,7,7,,4.0,4,1,Easy,17,Low,2337,Yes,Airport,Railway Station,11.347322,74.920792,4.3,37287,"Sightseeing, Photography",Local Market,,"Hindi, English",Tourism,Senior Citizens,Y,yes,NO,No,https://example.com/image.jpg
704,Mysuru Palace,Karnataka,Mysuru,Desert,Popular tourist destination,Winter,Summer,5,Medium,250,3000,200.0,1638,YES,YES,N,NO,no,yes,2,5,10,4,8.0,2.0,4,8,Moderate,14,Low,813,no,Airport,Railway Station,16.106984,84.1573,3.8,27689,"Sightseeing, Photography",Local Market,,"Hindi, English",Tourism,Family,yes,NO,No,NO,https://example.com/image.jpg
705,Munnar,Kerala,Munnar,Adventure,Popular tourist destination,Winter,Summer,5 Days,Low,12000,3000,200.0,1842,Yes,N,N,NO,yes,Y,6,8,1,7,2.0,,9,4,Moderate,10,Medium,1265,N,Airport,Railway Station,29.030758,77.646414,3.5,16319,"Sightseeing, Photography",Local Market,Apr-Jun,"Hindi, English",Tourism,Backpackers,YES,Y,NO,Yes,https://example.com/image.jpg
706,Amritsar,Punjab,Amritsar,National Park,Popular tourist destination,Winter,Summer,Five Days,Luxury,5000,3000,200.0,450,Y,N,NO,YES,NO,Y,3,1,3,1,9.0,1.0,3,6,Difficult,6,Medium,1755,no,Airport,Railway Station,28.727011,95.932889,4.1,22304,"Sightseeing, Photography",Local Market,,"Hindi, English",Tourism,Couple,No,yes,Y,N,https://example.com/image.jpg
707,Jaipur,Rajasthan,Jaipur,Desert,Popular tourist destination,Winter,Summer,05 Days,High,5000,30000,1000.0,927,yes,NO,YES,no,yes,no,5,9,3,5,7.0,,1,4,Moderate,29,High,1255,NO,Airport,Railway Station,9.613679,71.925089,4.7,26040,"Sightseeing, Photography",Local Market,Apr-Jun,"Hindi, English",Tourism,Solo,yes,Y,yes,Yes,https://example.com/image.jpg
708,Goa Beaches,Goa,Panaji,Forest,Popular tourist destination,Winter,Summer,5,Luxury,12000,1500,500.0,1676,No,yes,YES,Y,No,No,7,4,6,10,,1.0,8,10,Difficult,34,High,2100,NO,Airport,Railway Station,24.794238,81.867764,4.7,32401,"Sightseeing, Photography",Local Market,January to March,"Hindi, English",Tourism,Family,Yes,no,N,no,https://example.com/image.jpg
709,Amritsar,Punjab,Amritsar,Historical,,Winter,Summer,05 Days,High,999999,100,500.0,239,No,Yes,N,YES,YES,Y,3,9,4,4,,3.0,1,9,NA,16,Low,950,NO,Airport,Railway Station,12.029587,77.405906,4.6,22379,"Sightseeing, Photography",Local Market,Winter,"Hindi, English",Tourism,Other,Yes,YES,No,YES,https://example.com/image.jpg
710,Mysuru Palace,Karnataka,Mysuru,Historical,Popular tourist destination,Winter,Summer,05 Days,High,5000,1500,1000.0,1384,Y,N,no,no,YES,NO,6,8,1,10,9.0,,7,5,Moderate,16,High,2819,No,Airport,Railway Station,10.652454,73.427449,3.9,27556,"Sightseeing, Photography",Local Market,January to March,"Hindi, English",Tourism,Family,Yes,NO,Y,NO,https://example.com/image.jpg
711,Munnar,Kerala,Munnar,National Park,Popular tourist destination,Winter,Summer,Five Days,High,12000,3000,1000.0,891,N,yes,No,Y,N,Yes,5,10,2,7,,4.0,5,7,Difficult,14,Medium,2965,Y,Airport,Railway Station,22.060172,86.541138,3.3,41547,"Sightseeing, Photography",Local Market,January to March,"Hindi, English",Tourism,Friends,yes,Yes,YES,yes,https://example.com/image.jpg
712,Goa Beaches,Goa,Panaji,Pilgrimage,Popular tourist destination,Winter,Summer,5 Days,Unknown,5000,1500,200.0,1798,no,Yes,Y,YES,Y,Y,0,5,7,10,,2.0,1,7,Moderate,17,High,2185,YES,Airport,Railway Station,,86.890081,,4028,"Sightseeing, Photography",Local Market,Apr-Jun,"Hindi, English",Tourism,Luxury Travelers,No,Yes,Yes,No,https://example.com/image.jpg
713,Manali,Himachal Pradesh,Manali,Lake,Popular tourist destination,Winter,Summer,5,Unknown,250,100,1000.0,1989,no,N,Yes,No,no,Yes,4,7,7,7,,,9,10,Moderate,18,High,1385,no,Airport,Railway Station,12.116678,83.809731,3.3,3538,"Sightseeing, Photography",Local Market,Apr-Jun,"Hindi, English",Tourism,Family,Yes,NO,N,No,https://example.com/image.jpg
714,Jaipur,Rajasthan,Jaipur,Religious,Popular tourist destination,Winter,Summer,5,Low,250,30000,,316,No,NO,yes,NO,no,YES,2,8,5,6,,,5,2,Easy,15,Low,1899,YES,Airport,Railway Station,19.518211,73.911861,2.8,32417,"Sightseeing, Photography",Local Market,"Nov, Dec","Hindi, English",Tourism,Friends,No,no,YES,yes,https://example.com/image.jpg
715,Munnar,Kerala,Munnar,Wildlife,Popular tourist destination,Winter,Summer,5 Days,Unknown,999999,3000,1000.0,308,Yes,yes,Y,yes,yes,Yes,3,3,9,7,4.0,,5,7,Easy,14,Medium,3101,YES,Airport,Railway Station,9.463947,70.427367,3.9,30465,"Sightseeing, Photography",Local Market,Winter,"Hindi, English",Tourism,Solo,N,N,N,No,https://example.com/image.jpg
716,Amritsar,Punjab,Amritsar,Pilgrimage,Popular tourist destination,Winter,Summer,5,Unknown,12000,100,200.0,1766,yes,N,NO,N,yes,No,7,7,6,2,1.0,4.0,6,1,Easy,11,High,3334,Yes,Airport,Railway Station,34.146301,96.018946,,29497,"Sightseeing, Photography",Local Market,January to March,"Hindi, English",Tourism,Luxury Travelers,N,no,No,NO,https://example.com/image.jpg
717,Amritsar,Punjab,Amritsar,Historical,Popular tourist destination,Winter,Summer,Five Days,Medium,999999,100,200.0,1991,YES,no,No,yes,Yes,YES,1,7,6,5,,,8,4,Moderate,25,Medium,2725,NO,Airport,Railway Station,11.109861,75.897849,4.2,2200,"Sightseeing, Photography",Local Market,January to March,"Hindi, English",Tourism,Solo,No,No,NO,Yes,https://example.com/image.jpg
718,Amritsar,Punjab,Amritsar,Hill Station,Popular tourist destination,Winter,Summer,05 Days,High,999999,1500,1000.0,896,N,Yes,Yes,No,NO,Y,3,1,7,7,10.0,9.0,9,2,NA,15,Medium,1634,N,Airport,Railway Station,15.120844,83.717698,4.1,12721,"Sightseeing, Photography",Local Market,Apr-Jun,"Hindi, English",Tourism,Senior Citizens,Y,N,yes,Yes,https://example.com/image.jpg
719,Jaipur,Rajasthan,Jaipur,Desert,Popular tourist destination,Winter,Summer,5,Unknown,250,30000,200.0,1238,Yes,NO,Y,Y,Yes,No,6,7,5,2,,,10,2,Difficult,11,Medium,3491,yes,Airport,Railway Station,32.470157,84.085962,2.8,20908,"Sightseeing, Photography",Local Market,Apr-Jun,"Hindi, English",Tourism,Senior Citizens,Yes,no,No,yes,https://example.com/image.jpg
720,Varanasi Ghats,Uttar Pradesh,Varanasi,Religious,Popular tourist destination,Winter,Summer,5 Days,Unknown,12000,30000,200.0,388,yes,no,no,Y,yes,Yes,6,7,7,3,5.0,,10,8,NA,9,High,3491,No,Airport,Railway Station,9.916817,77.665764,4.0,46516,"Sightseeing, Photography",Local Market,Jan-Mar,"Hindi, English",Tourism,Other,YES,Yes,N,YES,https://example.com/image.jpg
721,Jaipur,Rajasthan,Jaipur,Desert,Popular tourist destination,Winter,Summer,Five Days,Medium,5000,1500,200.0,147,No,YES,yes,YES,Yes,no,2,10,3,6,5.0,2.0,5,8,NA,26,High,2983,Yes,Airport,Railway Station,28.001802,96.961914,4.5,29510,"Sightseeing, Photography",Local Market,,"Hindi, English",Tourism,Backpackers,yes,no,no,NO,https://example.com/image.jpg
722,Jaipur,Rajasthan,Jaipur,Lake,Popular tourist destination,Winter,Summer,5 Days,High,5000,30000,200.0,787,no,NO,Yes,Yes,yes,No,7,5,8,2,,2.0,5,7,Moderate,5,High,3253,no,Airport,Railway Station,19.371625,88.958818,4.5,49112,"Sightseeing, Photography",Local Market,Jan-Mar,"Hindi, English",Tourism,Friends,YES,yes,Yes,No,https://example.com/image.jpg
723,Ooty, Tamil Nadu ,Ooty,National Park,Popular tourist destination,Winter,Summer,Five Days,Medium,250,100,200.0,973,Yes,no,no,YES,Y,YES,3,3,9,9,,,9,3,NA,28,Medium,1952,Yes,Airport,Railway Station,26.740755,91.504563,5.0,26598,"Sightseeing, Photography",Local Market,Apr-Jun,"Hindi, English",Tourism,Family,N,YES,Yes,Y,https://example.com/image.jpg
724,Mysuru Palace,Karnataka,Mysuru,Forest,Popular tourist destination,Winter,Summer,05 Days,Medium,5000,30000,,1906,Yes,YES,no,N,YES,Yes,3,1,6,6,,,4,10,Difficult,6,Medium,2909,yes,Airport,Railway Station,25.517429,77.605974,4.4,32276,"Sightseeing, Photography",Local Market,,"Hindi, English",Tourism,Backpackers,NO,Yes,YES,No,https://example.com/image.jpg
725,Munnar,Kerala,Munnar,Fort,Popular tourist destination,Winter,Summer,05 Days,Low,12000,1500,500.0,190,YES,yes,NO,no,no,NO,5,2,8,7,3.0,10.0,5,10,Difficult,31,High,1610,Y,Airport,Railway Station,32.822334,68.931752,4.0,9637,"Sightseeing, Photography",Local Market,January to March,"Hindi, English",Tourism,Solo,Y,no,YES,NO,https://example.com/image.jpg
726,Ooty,Tamil Nadu,Ooty,Lake,Popular tourist destination,Winter,Summer,05 Days,Low,250,3000,200.0,1517,NO,NO,YES,N,yes,YES,1,3,9,3,10.0,2.0,8,8,Moderate,17,Medium,903,N,Airport,Railway Station,25.508492,,3.4,16420,"Sightseeing, Photography",Local Market,,"Hindi, English",Tourism,Senior Citizens,Yes,N,Y,No,https://example.com/image.jpg
727,Ooty,Tamil Nadu,Ooty,Historical,Popular tourist destination,Winter,Summer,5 Days,Luxury,250,3000,,1368,YES,Y,No,Yes,No,NO,0,4,7,6,,9.0,7,1,Moderate,19,Medium,2375,yes,Airport,Railway Station,15.570528,73.152948,4.8,36458,"Sightseeing, Photography",Local Market,Apr-Jun,"Hindi, English",Tourism,Luxury Travelers,Y,N,Yes,no,https://example.com/image.jpg
728,Varanasi Ghats,Uttar Pradesh,Varanasi,Pilgrimage,Popular tourist destination,Winter,Summer,05 Days,Low,999999,30000,200.0,581,yes,No,YES,YES,NO,N,6,8,1,1,,,7,9,NA,13,High,76,NO,Airport,Railway Station,13.342396,74.198888,4.7,6124,"Sightseeing, Photography",Local Market,Apr-Jun,"Hindi, English",Tourism,Friends,No,no,Y,YES,https://example.com/image.jpg
729,Varanasi Ghats,Uttar Pradesh,Varanasi,Island,Popular tourist destination,Winter,Summer,5,Luxury,999999,1500,200.0,797,yes,Yes,NO,N,yes,no,2,8,7,4,,,4,4,Moderate,18,High,1795,No,Airport,Railway Station,29.352155,72.418137,3.4,18899,"Sightseeing, Photography",Local Market,Jan-Mar,"Hindi, English",Tourism,Other,NO,Y,N,No,https://example.com/image.jpg
730,Munnar,Kerala,Munnar,Historical,Popular tourist destination,Winter,Summer,05 Days,Luxury,999999,1500,500.0,602,No,Yes,YES,N,NO,YES,3,4,5,1,2.0,3.0,6,9,Easy,18,Medium,2676,Y,Airport,Railway Station,28.035991,80.440353,4.4,22325,"Sightseeing, Photography",Local Market,,"Hindi, English",Tourism,Solo,YES,Yes,no,yes,https://example.com/image.jpg
731,Mysuru Palace,Karnataka,Mysuru,Adventure,,Winter,Summer,5 Days,Low,5000,1500,500.0,1754,No,no,no,N,YES,Y,6,9,1,5,3.0,3.0,3,5,NA,37,Low,1784,N,Airport,Railway Station,27.156197,85.257144,4.8,24861,"Sightseeing, Photography",Local Market,"Nov, Dec","Hindi, English",Tourism,Other,N,yes,Y,NO,https://example.com/image.jpg
732,Mysuru Palace,Karnataka,Mysuru,Lake,Popular tourist destination,Winter,Summer,05 Days,Low,999999,30000,,208,No,N,NO,yes,No,no,3,3,1,1,7.0,,9,8,Easy,34,High,2314,No,Airport,Railway Station,12.497551,88.760225,2.7,31826,"Sightseeing, Photography",Local Market,Jan-Mar,"Hindi, English",Tourism,Couple,No,Y,YES,YES,https://example.com/image.jpg
733,Manali,Himachal Pradesh,Manali,Adventure,Popular tourist destination,Winter,Summer,5 Days,Luxury,999999,100,500.0,240,NO,NO,YES,Yes,yes,Yes,0,9,2,4,,,1,2,Moderate,22,Medium,2760,Yes,Airport,Railway Station,,72.257609,3.6,1990,"Sightseeing, Photography",Local Market,Apr-Jun,"Hindi, English",Tourism,Solo,no,no,Y,Y,https://example.com/image.jpg
734,Munnar,Kerala,Munnar,Desert,Popular tourist destination,Winter,Summer,5 Days,High,250,3000,200.0,492,N,no,No,N,YES,N,6,9,9,1,8.0,,10,10,NA,16,High,836,N,Airport,Railway Station,,71.193051,4.7,24157,"Sightseeing, Photography",Local Market,"Nov, Dec","Hindi, English",Tourism,Family,yes,N,NO,no,https://example.com/image.jpg
735,Varanasi Ghats,Uttar Pradesh,Varanasi,Pilgrimage,Popular tourist destination,Winter,Summer,5 Days,High,12000,3000,1000.0,685,yes,Yes,Yes,no,NO,no,0,5,6,7,6.0,5.0,8,7,Moderate,16,Low,922,YES,Airport,Railway Station,29.376248,85.47757,4.9,26367,"Sightseeing, Photography",Local Market,January to March,"Hindi, English",Tourism,Couple,no,NO,YES,no,https://example.com/image.jpg
736,Mysuru Palace,Karnataka,Mysuru,Forest,Popular tourist destination,Winter,Summer,Five Days,Luxury,250,3000,1000.0,283,no,Yes,No,N,N,Y,3,1,1,9,,10.0,1,3,NA,19,Low,130,no,Airport,Railway Station,34.841593,95.077032,3.8,17476,"Sightseeing, Photography",Local Market,Apr-Jun,"Hindi, English",Tourism,Other,yes,YES,Y,NO,https://example.com/image.jpg
737,Ooty,Tamil Nadu,Ooty,Adventure,Popular tourist destination,Winter,Summer,5 Days,Medium,250,3000,200.0,910,No,N,YES,YES,NO,No,0,10,2,7,,,6,4,Moderate,32,Low,1319,no,Airport,Railway Station,14.374722,85.719714,4.0,21934,"Sightseeing, Photography",Local Market,Apr-Jun,"Hindi, English",Tourism,Luxury Travelers,yes,no,YES,YES,https://example.com/image.jpg
738,Goa Beaches, Goa ,Panaji,Hill Station,Popular tourist destination,Winter,Summer,5 Days,Unknown,999999,30000,,432,No,no,no,N,No,No,5,8,5,5,,2.0,5,3,NA,10,Low,2417,NO,Airport,Railway Station,23.168764,89.851648,3.3,11713,"Sightseeing, Photography",Local Market,Apr-Jun,"Hindi, English",Tourism,Other,no,yes,Y,NO,https://example.com/image.jpg
739,Amritsar,Punjab,Amritsar,Pilgrimage,Popular tourist destination,Winter,Summer,5 Days,High,5000,1500,1000.0,641,N,No,Y,Yes,Y,Yes,6,2,3,3,,,2,2,Difficult,14,Medium,492,NO,Airport,Railway Station,24.718972,75.624514,4.9,33775,"Sightseeing, Photography",Local Market,"Nov, Dec","Hindi, English",Tourism,Friends,YES,Y,N,Y,https://example.com/image.jpg
740,Manali,Himachal Pradesh,Manali,Forest,Popular tourist destination,Winter,Summer,5 Days,Low,12000,3000,500.0,144,Yes,No,No,no,no,Y,2,9,6,3,,,2,4,NA,34,Medium,1848,NO,Airport,Railway Station,,71.551189,2.8,29604,"Sightseeing, Photography",Local Market,Winter,"Hindi, English",Tourism,Solo,yes,YES,Yes,NO,https://example.com/image.jpg
741,Varanasi Ghats,Uttar Pradesh,Varanasi,Waterfall,Popular tourist destination,Winter,Summer,5,Medium,999999,1500,200.0,538,Yes,N,No,no,Y,yes,2,8,4,6,5.0,,7,3,NA,35,Low,1769,N,Airport,Railway Station,13.261726,72.725512,4.2,41328,"Sightseeing, Photography",Local Market,Apr-Jun,"Hindi, English",Tourism,Friends,no,No,No,No,https://example.com/image.jpg
742,Jaipur,Rajasthan,Jaipur,Adventure,Popular tourist destination,Winter,Summer,Five Days,High,12000,100,1000.0,1907,Yes,No,NO,N,YES,Yes,6,4,9,9,3.0,8.0,10,9,Difficult,30,High,598,Y,Airport,Railway Station,18.871777,,3.1,7450,"Sightseeing, Photography",Local Market,Apr-Jun,"Hindi, English",Tourism,Other,no,yes,Y,no,https://example.com/image.jpg
743,Mysuru Palace,Karnataka,Mysuru,Fort,Popular tourist destination,Winter,Summer,05 Days,Low,12000,1500,200.0,878,YES,no,no,yes,no,Yes,7,8,5,3,9.0,8.0,6,4,Difficult,18,Medium,3309,yes,Airport,Railway Station,33.463459,91.360356,4.9,43424,"Sightseeing, Photography",Local Market,January to March,"Hindi, English",Tourism,Other,No,NO,yes,yes,https://example.com/image.jpg
744,Munnar,Kerala,Munnar,National Park,Popular tourist destination,Winter,Summer,05 Days,Low,5000,30000,500.0,590,no,Yes,N,Yes,No,yes,2,7,2,3,,,8,4,NA,20,High,3278,no,Airport,Railway Station,12.819711,73.572354,4.6,5332,"Sightseeing, Photography",Local Market,Winter,"Hindi, English",Tourism,Friends,N,No,N,yes,https://example.com/image.jpg
745,Manali,Himachal Pradesh,Manali,Island,Popular tourist destination,Winter,Summer,5,Unknown,999999,3000,200.0,1339,yes,YES,yes,yes,Yes,No,7,7,1,6,8.0,,2,1,Moderate,29,Medium,958,No,Airport,Railway Station,10.773125,84.852929,4.6,12956,"Sightseeing, Photography",Local Market,Apr-Jun,"Hindi, English",Tourism,Other,Yes,no,Y,no,https://example.com/image.jpg
746,Ooty,Tamil Nadu,Ooty,Beach,Popular tourist destination,Winter,Summer,Five Days,Unknown,12000,3000,500.0,1526,No,Yes,NO,NO,NO,NO,6,7,1,10,,,5,1,Easy,31,Medium,1700,no,Airport,Railway Station,28.13397,88.661794,4.5,16533,"Sightseeing, Photography",Local Market,,"Hindi, English",Tourism,Family,yes,No,NO,Yes,https://example.com/image.jpg
747,Varanasi Ghats,Uttar Pradesh,Varanasi,Beach,Popular tourist destination,Winter,Summer,5 Days,Unknown,999999,1500,200.0,1715,Yes,YES,yes,no,YES,no,2,8,8,2,2.0,,6,3,Moderate,37,High,2894,No,Airport,Railway Station,21.610712,,5.8,36137,"Sightseeing, Photography",Local Market,Winter,"Hindi, English",Tourism,Luxury Travelers,Y,Yes,Y,Y,https://example.com/image.jpg
748,Goa Beaches,Goa,Panaji,Waterfall,Popular tourist destination,Winter,Summer,05 Days,Low,999999,1500,1000.0,648,yes,NO,Yes,NO,Y,N,4,1,6,6,,,2,5,Easy,26,Medium,2484,N,Airport,Railway Station,14.117436,95.413844,2.9,24625,"Sightseeing, Photography",Local Market,January to March,"Hindi, English",Tourism,Couple,Yes,no,NO,YES,https://example.com/image.jpg
749,Varanasi Ghats,Uttar Pradesh,Varanasi,Desert,Popular tourist destination,Winter,Summer,Five Days,High,250,1500,,282,YES,Y,N,NO,Y,N,5,5,3,10,7.0,7.0,7,2,Difficult,17,Medium,380,Yes,Airport,Railway Station,29.221577,,3.4,32205,"Sightseeing, Photography",Local Market,"Nov, Dec","Hindi, English",Tourism,Solo,YES,NO,Yes,yes,https://example.com/image.jpg
750,Manali,Himachal Pradesh,Manali,Palace,Popular tourist destination,Winter,Summer,5,Luxury,250,3000,200.0,900,Y,No,no,Yes,No,no,2,10,3,5,,3.0,1,7,NA,23,Low,2818,No,Airport,Railway Station,14.365629,74.392887,5.0,12119,"Sightseeing, Photography",Local Market,Apr-Jun,"Hindi, English",Tourism,Senior Citizens,N,N,NO,NO,https://example.com/image.jpg
751,Ooty, Tamil Nadu ,Ooty,Beach,Popular tourist destination,Winter,Summer,05 Days,Luxury,5000,3000,1000.0,1797,no,No,Y,yes,Y,Yes,0,9,9,4,6.0,,3,10,Moderate,25,Low,1990,NO,Airport,Railway Station,15.12357,72.26678,4.2,11928,"Sightseeing, Photography",Local Market,Jan-Mar,"Hindi, English",Tourism,Luxury Travelers,No,YES,Y,yes,https://example.com/image.jpg
752,Amritsar,Punjab,Amritsar,Pilgrimage,Popular tourist destination,Winter,Summer,Five Days,Medium,999999,1500,200.0,1259,NO,No,yes,NO,NO,Y,7,9,9,10,,,6,5,NA,13,Medium,3105,Yes,Airport,Railway Station,24.005071,91.7953,3.8,6283,"Sightseeing, Photography",Local Market,,"Hindi, English",Tourism,Backpackers,no,Yes,no,Yes,https://example.com/image.jpg
753,Goa Beaches,Goa,Panaji,Pilgrimage,Popular tourist destination,Winter,Summer,05 Days,Low,999999,1500,200.0,225,No,yes,Yes,N,YES,Yes,6,5,10,4,8.0,,9,10,Moderate,12,High,1043,YES,Airport,Railway Station,33.730816,90.82891,5.8,44875,"Sightseeing, Photography",Local Market,"Nov, Dec","Hindi, English",Tourism,Backpackers,no,No,no,yes,https://example.com/image.jpg
754,Goa Beaches,Goa,Panaji,Island,Popular tourist destination,Winter,Summer,Five Days,Luxury,250,30000,1000.0,1839,yes,NO,No,N,YES,N,1,1,1,5,,,1,4,NA,13,Low,2353,Y,Airport,Railway Station,26.077948,91.425915,3.1,46699,"Sightseeing, Photography",Local Market,January to March,"Hindi, English",Tourism,Backpackers,yes,N,yes,N,https://example.com/image.jpg
755,Varanasi Ghats,uttar pradesh,Varanasi,Adventure,Popular tourist destination,Winter,Summer,5 Days,Luxury,5000,30000,500.0,113,NO,No,Yes,Y,No,NO,1,1,6,9,,3.0,9,7,NA,38,Medium,3025,yes,Airport,Railway Station,19.401052,77.50247,3.6,22073,"Sightseeing, Photography",Local Market,Winter,"Hindi, English",Tourism,Couple,N,YES,NO,no,https://example.com/image.jpg
756,Mysuru Palace,Karnataka,Mysuru,Adventure,Popular tourist destination,Winter,Summer,5 Days,Medium,250,30000,1000.0,303,No,no,Y,YES,no,Yes,4,10,6,9,7.0,,6,10,Easy,8,Low,1529,N,Airport,Railway Station,27.263124,94.73156,5.8,969,"Sightseeing, Photography",Local Market,Winter,"Hindi, English",Tourism,Backpackers,no,yes,N,no,https://example.com/image.jpg
757,Amritsar,Punjab,Amritsar,Palace,Popular tourist destination,Winter,Summer,05 Days,Low,250,1500,200.0,336,YES,NO,NO,Yes,N,NO,3,5,10,3,7.0,4.0,2,7,Easy,15,Medium,3084,no,Airport,Railway Station,22.572135,93.370618,4.5,48307,"Sightseeing, Photography",Local Market,,"Hindi, English",Tourism,Solo,yes,N,no,NO,https://example.com/image.jpg
758,Manali,Himachal Pradesh,Manali,Lake,Popular tourist destination,Winter,Summer,5 Days,Luxury,12000,1500,,937,yes,NO,Yes,No,yes,no,1,5,10,6,,6.0,1,5,Difficult,19,High,200,N,Airport,Railway Station,12.940622,85.528146,4.4,4458,"Sightseeing, Photography",Local Market,"Nov, Dec","Hindi, English",Tourism,Couple,No,yes,YES,No,https://example.com/image.jpg
759,Munnar,Kerala,Munnar,Island,Popular tourist destination,Winter,Summer,5 Days,High,250,3000,500.0,915,YES,YES,No,YES,N,NO,3,7,10,7,1.0,5.0,8,5,Moderate,38,High,3000,N,Airport,Railway Station,26.542605,85.909065,3.7,33705,"Sightseeing, Photography",Local Market,"Nov, Dec","Hindi, English",Tourism,Backpackers,no,YES,Y,No,https://example.com/image.jpg
760,Varanasi Ghats,Uttar Pradesh,Varanasi,National Park,Popular tourist destination,Winter,Summer,Five Days,High,12000,100,1000.0,908,NO,yes,YES,Y,YES,NO,6,10,7,9,,,1,8,Difficult,22,High,772,yes,Airport,Railway Station,13.655879,79.367981,5.0,44487,"Sightseeing, Photography",Local Market,,"Hindi, English",Tourism,Luxury Travelers,Yes,No,YES,yes,https://example.com/image.jpg
761,Goa Beaches,Goa,Panaji,Pilgrimage,Popular tourist destination,Winter,Summer,5,Low,5000,30000,500.0,1985,YES,N,yes,Yes,no,Yes,1,5,7,9,2.0,,6,4,Easy,33,Low,763,yes,,Railway Station,29.865059,81.738588,4.3,30601,"Sightseeing, Photography",Local Market,Jan-Mar,"Hindi, English",Tourism,Backpackers,NO,Y,Y,YES,https://example.com/image.jpg
762,Varanasi Ghats,Uttar Pradesh,Varanasi,Religious,Popular tourist destination,Winter,Summer,Five Days,Luxury,5000,100,500.0,1963,No,Yes,Yes,No,no,Yes,3,7,10,4,3.0,9.0,2,5,Moderate,7,Low,1627,no,Airport,Railway Station,33.213094,77.214123,3.8,36000,"Sightseeing, Photography",Local Market,"Nov, Dec","Hindi, English",Tourism,Family,YES,yes,yes,yes,https://example.com/image.jpg
763,Amritsar,Punjab,Amritsar,Adventure,Popular tourist destination,Winter,Summer,Five Days,Unknown,250,3000,500.0,813,NO,Y,YES,No,no,YES,0,9,8,4,,,1,9,Difficult,26,Medium,963,no,Airport,Railway Station,9.713791,70.451693,3.0,35279,"Sightseeing, Photography",Local Market,Jan-Mar,"Hindi, English",Tourism,Senior Citizens,yes,no,NO,No,https://example.com/image.jpg
764,Goa Beaches,Goa,Panaji,Hill Station,Popular tourist destination,Winter,Summer,05 Days,Low,5000,3000,200.0,1066,N,Yes,No,No,No,N,7,2,3,3,10.0,10.0,3,4,NA,23,Medium,2680,N,Airport,Railway Station,17.523981,96.385841,3.6,4618,"Sightseeing, Photography",Local Market,,"Hindi, English",Tourism,Friends,NO,N,N,YES,https://example.com/image.jpg
765,Jaipur,Rajasthan,Jaipur,Desert,Popular tourist destination,Winter,Summer,5,Medium,5000,30000,500.0,1805,Y,NO,yes,Y,Y,Y,2,7,2,7,,7.0,2,5,Difficult,11,Medium,554,Yes,Airport,Railway Station,28.531407,93.880164,4.1,49507,"Sightseeing, Photography",Local Market,,"Hindi, English",Tourism,Couple,Y,No,no,NO,https://example.com/image.jpg
766,Munnar,Kerala,Munnar,Hill Station,Popular tourist destination,Winter,Summer,5,High,12000,30000,,719,Y,N,no,No,YES,yes,6,6,7,2,,,7,4,Difficult,10,Low,859,Yes,Airport,Railway Station,34.176844,75.074708,4.8,7024,"Sightseeing, Photography",Local Market,Jan-Mar,"Hindi, English",Tourism,Other,no,No,Y,No,https://example.com/image.jpg
767,Manali,Himachal Pradesh,Manali,Hill Station,Popular tourist destination,Winter,Summer,5,Low,5000,100,200.0,1323,yes,YES,No,Yes,YES,NO,5,10,10,2,2.0,3.0,6,1,NA,21,High,2879,N,Airport,Railway Station,9.439706,77.414407,2.7,12892,"Sightseeing, Photography",Local Market,"Nov, Dec","Hindi, English",Tourism,Family,Y,Y,Yes,N,https://example.com/image.jpg
768,Amritsar,Punjab,Amritsar,Historical,Popular tourist destination,Winter,Summer,Five Days,Luxury,999999,1500,,679,Yes,Yes,yes,YES,NO,Yes,3,10,1,5,,10.0,9,9,Moderate,8,Low,2191,No,Airport,Railway Station,24.425632,,4.8,3701,"Sightseeing, Photography",Local Market,January to March,"Hindi, English",Tourism,Luxury Travelers,NO,Y,YES,NO,https://example.com/image.jpg
769,Goa Beaches,Goa,Panaji,Hill Station,Popular tourist destination,Winter,Summer,05 Days,Low,12000,100,1000.0,1260,no,No,No,NO,NO,Yes,2,3,3,3,,,3,2,NA,27,High,2773,N,Airport,Railway Station,24.229862,71.29742,3.9,7040,"Sightseeing, Photography",Local Market,Winter,"Hindi, English",Tourism,Backpackers,N,No,NO,NO,https://example.com/image.jpg
770,Ooty,Tamil Nadu,Ooty,Nature,,Winter,Summer,Five Days,High,250,100,,1925,No,Yes,No,Yes,N,N,2,3,8,7,9.0,,8,5,Moderate,30,Medium,1756,NO,Airport,Railway Station,11.797879,85.977448,2.6,29801,"Sightseeing, Photography",Local Market,"Nov, Dec","Hindi, English",Tourism,Solo,Y,NO,N,YES,https://example.com/image.jpg
771,Amritsar,Punjab,Amritsar,Beach,Popular tourist destination,Winter,Summer,05 Days,Luxury,999999,1500,200.0,255,NO,no,Yes,NO,NO,NO,1,4,8,1,,5.0,10,4,NA,6,Low,359,No,Airport,Railway Station,20.608485,82.401718,4.6,48982,"Sightseeing, Photography",Local Market,Apr-Jun,"Hindi, English",Tourism,Solo,yes,no,yes,YES,https://example.com/image.jpg
772,Munnar,Kerala,Munnar,Beach,Popular tourist destination,Winter,Summer,05 Days,Unknown,5000,3000,,752,NO,yes,yes,YES,yes,YES,2,10,8,2,5.0,10.0,7,8,Easy,24,High,504,no,Airport,Railway Station,21.530006,80.155593,4.2,47672,"Sightseeing, Photography",Local Market,,"Hindi, English",Tourism,Backpackers,yes,YES,Yes,Y,https://example.com/image.jpg
773,Mysuru Palace,Karnataka,Mysuru,Palace,Popular tourist destination,Winter,Summer,5 Days,High,12000,30000,,1429,NO,N,Y,NO,no,Y,3,6,5,4,9.0,2.0,3,4,Easy,30,High,3304,NO,Airport,Railway Station,34.093551,78.009498,4.3,26235,"Sightseeing, Photography",Local Market,"Nov, Dec","Hindi, English",Tourism,Friends,yes,N,no,Yes,https://example.com/image.jpg
774,Varanasi Ghats,Uttar Pradesh,Varanasi,National Park,Popular tourist destination,Winter,Summer,5 Days,High,12000,100,200.0,283,NO,yes,N,Yes,No,no,1,7,1,5,6.0,9.0,1,5,NA,34,High,923,Yes,Airport,Railway Station,26.973828,76.034241,4.9,12858,"Sightseeing, Photography",Local Market,Jan-Mar,"Hindi, English",Tourism,Family,NO,no,NO,NO,https://example.com/image.jpg
775,Manali,Himachal Pradesh,Manali,Lake,Popular tourist destination,Winter,Summer,5 Days,Unknown,250,100,1000.0,1248,YES,Y,No,N,Y,No,7,7,9,6,,,2,7,NA,28,High,2926,N,Airport,Railway Station,8.112353,,5.0,8117,"Sightseeing, Photography",Local Market,"Nov, Dec","Hindi, English",Tourism,Luxury Travelers,No,No,N,N,https://example.com/image.jpg
776,Amritsar,Punjab,Amritsar,Palace,Popular tourist destination,Winter,Summer,5 Days,Low,12000,100,200.0,1540,Yes,Y,Y,N,Y,N,3,7,1,1,7.0,,8,10,Moderate,25,Low,456,No,Airport,Railway Station,15.491516,94.988464,4.2,18317,"Sightseeing, Photography",Local Market,"Nov, Dec","Hindi, English",Tourism,Luxury Travelers,No,NO,Y,no,https://example.com/image.jpg
777,Ooty,Tamil Nadu,Ooty,Forest,Popular tourist destination,Winter,Summer,5,Luxury,5000,100,,1353,no,Y,Yes,Y,Y,Yes,7,1,3,6,3.0,,2,1,Difficult,18,Low,779,NO,Airport,Railway Station,,69.970376,3.2,18287,"Sightseeing, Photography",Local Market,,"Hindi, English",Tourism,Family,no,Yes,No,NO,https://example.com/image.jpg
778,Amritsar,Punjab,Amritsar,Wildlife,,Winter,Summer,5,Medium,12000,3000,500.0,1630,YES,Yes,Yes,YES,Y,Y,4,6,6,1,,10.0,7,4,Difficult,18,Medium,3462,Yes,Airport,Railway Station,24.934219,71.321462,2.9,9775,"Sightseeing, Photography",Local Market,Jan-Mar,"Hindi, English",Tourism,Family,NO,no,no,NO,https://example.com/image.jpg
779,Amritsar,Punjab,Amritsar,Nature,,Winter,Summer,5 Days,Unknown,5000,100,,562,no,YES,no,NO,yes,N,3,2,3,7,7.0,,10,5,NA,33,High,707,Yes,Airport,Railway Station,29.05397,,5.8,38674,"Sightseeing, Photography",Local Market,Jan-Mar,"Hindi, English",Tourism,Luxury Travelers,yes,Yes,NO,N,https://example.com/image.jpg
780,Mysuru Palace,Karnataka,Mysuru,Adventure,Popular tourist destination,Winter,Summer,5 Days,Luxury,5000,3000,500.0,412,Y,N,NO,NO,Yes,NO,1,8,10,4,,7.0,1,1,Easy,29,High,1097,NO,Airport,Railway Station,25.107153,93.767845,3.2,25433,"Sightseeing, Photography",Local Market,January to March,"Hindi, English",Tourism,Friends,No,no,yes,no,https://example.com/image.jpg
781,Jaipur,Rajasthan,Jaipur,Palace,Popular tourist destination,Winter,Summer,Five Days,High,12000,3000,200.0,721,no,yes,No,YES,NO,YES,4,6,2,1,2.0,9.0,10,7,Easy,7,High,2099,YES,Airport,Railway Station,25.873182,69.731612,3.7,28727,"Sightseeing, Photography",Local Market,Jan-Mar,"Hindi, English",Tourism,Senior Citizens,YES,YES,no,N,https://example.com/image.jpg
782,Mysuru Palace,Karnataka,Mysuru,Nature,Popular tourist destination,Winter,Summer,5 Days,Medium,250,100,500.0,1834,Yes,yes,YES,NO,no,Yes,0,10,6,5,3.0,5.0,3,2,Difficult,35,Low,3101,No,Airport,Railway Station,32.37943,88.00729,3.8,34254,"Sightseeing, Photography",Local Market,January to March,"Hindi, English",Tourism,Solo,Yes,No,Yes,no,https://example.com/image.jpg
783,Mysuru Palace,Karnataka,Mysuru,Forest,Popular tourist destination,Winter,Summer,Five Days,Low,5000,3000,,106,No,N,YES,NO,Y,no,0,6,6,10,1.0,,2,5,Difficult,7,High,1391,No,Airport,Railway Station,32.296113,80.175192,2.9,3620,"Sightseeing, Photography",Local Market,Winter,"Hindi, English",Tourism,Backpackers,YES,no,N,Y,https://example.com/image.jpg
784,Jaipur,Rajasthan,Jaipur,National Park,Popular tourist destination,Winter,Summer,05 Days,High,5000,3000,,886,No,No,no,N,Y,Y,1,5,3,2,2.0,,3,6,NA,21,Low,2025,Yes,Airport,Railway Station,13.154836,77.259751,2.6,29005,"Sightseeing, Photography",Local Market,Apr-Jun,"Hindi, English",Tourism,Couple,Yes,Yes,yes,N,https://example.com/image.jpg
785,Amritsar,Punjab,Amritsar,Historical,Popular tourist destination,Winter,Summer,5 Days,Luxury,12000,30000,200.0,1167,no,no,no,yes,Y,yes,1,9,5,9,,2.0,9,1,Easy,21,High,1189,Yes,Airport,Railway Station,19.61939,85.06605,4.1,33151,"Sightseeing, Photography",Local Market,Apr-Jun,"Hindi, English",Tourism,Family,no,Yes,Y,Yes,https://example.com/image.jpg
786,Varanasi Ghats,Uttar Pradesh,Varanasi,Lake,Popular tourist destination,Winter,Summer,05 Days,Medium,5000,100,,1685,NO,YES,no,YES,YES,NO,2,8,5,7,8.0,,10,5,Difficult,8,High,2662,YES,Airport,Railway Station,34.744473,74.132894,4.9,30599,"Sightseeing, Photography",Local Market,January to March,"Hindi, English",Tourism,Couple,YES,no,N,Y,https://example.com/image.jpg
787,Varanasi Ghats,Uttar Pradesh,Varanasi,Nature,Popular tourist destination,Winter,Summer,05 Days,High,999999,30000,,1210,NO,no,Y,NO,No,YES,2,1,8,10,10.0,6.0,4,6,Moderate,28,High,1652,Yes,Airport,Railway Station,24.402106,89.322239,2.7,41339,"Sightseeing, Photography",Local Market,Jan-Mar,"Hindi, English",Tourism,Friends,Yes,yes,yes,no,https://example.com/image.jpg
788,Jaipur,Rajasthan,Jaipur,Beach,Popular tourist destination,Winter,Summer,5,Medium,999999,1500,,1491,No,Y,YES,Yes,No,No,0,8,2,5,,,3,5,Difficult,18,High,3340,YES,Airport,Railway Station,21.388175,83.772178,3.3,525,"Sightseeing, Photography",Local Market,Apr-Jun,"Hindi, English",Tourism,Senior Citizens,Y,No,YES,no,https://example.com/image.jpg
789,Munnar,Kerala,Munnar,Pilgrimage,Popular tourist destination,Winter,Summer,Five Days,Unknown,999999,3000,200.0,505,NO,Y,NO,yes,no,N,1,8,10,2,,,8,5,Easy,6,Medium,3401,Y,Airport,Railway Station,24.91979,79.084453,3.4,8730,"Sightseeing, Photography",Local Market,Winter,"Hindi, English",Tourism,Backpackers,No,yes,Y,N,https://example.com/image.jpg
790,Goa Beaches,Goa,Panaji,Waterfall,Popular tourist destination,Winter,Summer,05 Days,High,250,100,500.0,615,NO,YES,Y,Yes,no,no,0,3,8,3,,,1,8,Moderate,9,Medium,2307,Y,Airport,Railway Station,34.848545,74.693799,4.2,18421,"Sightseeing, Photography",Local Market,Winter,"Hindi, English",Tourism,Family,N,Y,NO,NO,https://example.com/image.jpg
791,Jaipur,Rajasthan,Jaipur,Waterfall,Popular tourist destination,Winter,Summer,5 Days,Low,999999,1500,1000.0,1772,no,yes,N,N,yes,yes,1,3,4,1,,6.0,2,5,NA,23,Medium,1806,NO,Airport,Railway Station,19.913399,92.645781,2.9,19454,"Sightseeing, Photography",Local Market,,"Hindi, English",Tourism,Family,no,yes,N,NO,https://example.com/image.jpg
792,Amritsar,Punjab,Amritsar,Hill Station,Popular tourist destination,Winter,Summer,5 Days,Low,999999,3000,,265,NO,YES,NO,yes,Yes,Yes,7,10,10,2,10.0,,1,3,Difficult,38,Low,749,No,Airport,Railway Station,30.35598,91.710857,4.5,13438,"Sightseeing, Photography",Local Market,"Nov, Dec","Hindi, English",Tourism,Friends,NO,Y,no,yes,https://example.com/image.jpg
793,Munnar,Kerala,Munnar,Religious,Popular tourist destination,Winter,Summer,5 Days,Luxury,12000,1500,,228,YES,No,yes,Y,N,NO,3,4,8,9,,,3,10,NA,28,Low,2707,N,Airport,Railway Station,8.363549,83.35276,2.8,16895,"Sightseeing, Photography",Local Market,"Nov, Dec","Hindi, English",Tourism,Solo,N,no,yes,no,https://example.com/image.jpg
794,Jaipur,Rajasthan,Jaipur,Palace,,Winter,Summer,5,Low,5000,1500,500.0,1100,yes,N,YES,No,NO,Y,0,6,3,7,,10.0,7,2,Easy,12,Low,993,N,Airport,Railway Station,15.500214,78.827408,2.9,4936,"Sightseeing, Photography",Local Market,,"Hindi, English",Tourism,Family,No,no,NO,Yes,https://example.com/image.jpg
795,Munnar,Kerala,Munnar,Island,,Winter,Summer,5,Medium,12000,30000,500.0,1412,no,no,No,NO,N,Yes,0,6,1,6,5.0,,1,5,Moderate,16,Low,2525,YES,Airport,Railway Station,8.050033,70.768678,3.4,38057,"Sightseeing, Photography",Local Market,Winter,"Hindi, English",Tourism,Family,Yes,YES,No,No,https://example.com/image.jpg
796,Munnar,Kerala,Munnar,Desert,Popular tourist destination,Winter,Summer,5,Low,999999,1500,500.0,1592,N,Y,yes,Y,N,N,1,1,9,5,,,2,2,NA,19,Medium,919,NO,Airport,Railway Station,22.251525,77.59707,,30199,"Sightseeing, Photography",Local Market,"Nov, Dec","Hindi, English",Tourism,Couple,N,Y,no,No,https://example.com/image.jpg
797,Goa Beaches,Goa,Panaji,Island,Popular tourist destination,Winter,Summer,5,Low,5000,3000,1000.0,498,N,no,YES,NO,NO,N,0,3,1,3,4.0,,3,8,Difficult,14,Medium,2814,no,Airport,Railway Station,27.850653,77.421603,4.7,18055,"Sightseeing, Photography",Local Market,Jan-Mar,"Hindi, English",Tourism,Luxury Travelers,Yes,no,YES,N,https://example.com/image.jpg
798,Varanasi Ghats,Uttar Pradesh,Varanasi,Island,,Winter,Summer,5,Medium,250,100,,903,N,N,NO,yes,Y,YES,4,5,3,9,10.0,2.0,5,6,Moderate,13,Low,1639,No,,Railway Station,24.335342,72.630249,3.6,7953,"Sightseeing, Photography",Local Market,Jan-Mar,"Hindi, English",Tourism,Friends,YES,N,no,N,https://example.com/image.jpg
799,Munnar,Kerala,Munnar,Waterfall,Popular tourist destination,Winter,Summer,5,Unknown,250,3000,,1650,yes,Y,Yes,no,no,yes,5,6,8,3,,10.0,2,1,NA,16,High,2779,NO,Airport,Railway Station,34.373623,92.270343,3.8,44567,"Sightseeing, Photography",Local Market,Winter,"Hindi, English",Tourism,Couple,No,YES,NO,N,https://example.com/image.jpg
800,Mysuru Palace,Karnataka,Mysuru,Forest,Popular tourist destination,Winter,Summer,5,High,250,1500,500.0,1984,Yes,N,yes,No,Yes,YES,1,6,8,1,9.0,4.0,5,4,NA,19,Low,505,yes,Airport,Railway Station,33.164731,76.109213,4.8,34832,"Sightseeing, Photography",Local Market,Winter,"Hindi, English",Tourism,Luxury Travelers,YES,Y,N,N,https://example.com/image.jpg
801,Munnar,Kerala,Munnar,Beach,Popular tourist destination,Winter,Summer,Five Days,Low,250,30000,500.0,661,N,yes,NO,no,yes,NO,7,9,4,9,,3.0,5,10,Easy,7,Medium,2092,No,Airport,Railway Station,11.364192,72.96275,3.9,38619,"Sightseeing, Photography",Local Market,"Nov, Dec","Hindi, English",Tourism,Luxury Travelers,N,YES,Yes,yes,https://example.com/image.jpg
802,Mysuru Palace,Karnataka,Mysuru,Historical,Popular tourist destination,Winter,Summer,Five Days,Luxury,999999,1500,500.0,1233,yes,NO,YES,Y,NO,NO,2,6,1,1,,10.0,3,5,Easy,14,Medium,84,yes,Airport,Railway Station,25.167608,,3.9,11954,"Sightseeing, Photography",Local Market,Jan-Mar,"Hindi, English",Tourism,Family,Y,N,Yes,YES,https://example.com/image.jpg
803,Manali,himachal pradesh,Manali,Nature,Popular tourist destination,Winter,Summer,5,Low,250,1500,500.0,1214,yes,No,Y,Yes,YES,NO,6,2,4,8,,,1,4,NA,7,Medium,1638,N,,Railway Station,34.324714,81.853105,2.8,46061,"Sightseeing, Photography",Local Market,January to March,"Hindi, English",Tourism,Solo,N,Y,NO,Yes,https://example.com/image.jpg
804,Jaipur,Rajasthan,Jaipur,Palace,Popular tourist destination,Winter,Summer,Five Days,High,5000,1500,1000.0,786,No,Y,Y,Y,no,NO,3,5,7,4,5.0,10.0,6,1,Difficult,23,Medium,2315,yes,Airport,Railway Station,21.689876,95.548409,2.9,11825,"Sightseeing, Photography",Local Market,January to March,"Hindi, English",Tourism,Senior Citizens,NO,Yes,Y,no,https://example.com/image.jpg
805,Varanasi Ghats,Uttar Pradesh,Varanasi,Beach,Popular tourist destination,Winter,Summer,5,Low,5000,30000,1000.0,371,Yes,N,N,No,Y,No,0,4,9,9,,8.0,6,1,Difficult,38,Medium,1888,No,Airport,Railway Station,32.106637,75.678348,4.6,41335,"Sightseeing, Photography",Local Market,"Nov, Dec","Hindi, English",Tourism,Senior Citizens,yes,Y,N,NO,https://example.com/image.jpg
806,Goa Beaches,Goa,Panaji,Hill Station,,Winter,Summer,05 Days,Luxury,5000,30000,,962,Yes,NO,no,NO,Y,Y,1,4,1,6,,,7,10,Moderate,8,Medium,665,YES,Airport,Railway Station,27.105094,86.042857,4.8,24998,"Sightseeing, Photography",Local Market,Jan-Mar,"Hindi, English",Tourism,Senior Citizens,NO,YES,Yes,yes,https://example.com/image.jpg
807,Goa Beaches,goa,Panaji,Wildlife,Popular tourist destination,Winter,Summer,5 Days,Luxury,5000,1500,200.0,1064,No,N,No,No,No,Yes,7,8,7,10,,,10,8,Moderate,35,Medium,2215,yes,Airport,Railway Station,30.7407,82.130847,3.6,23561,"Sightseeing, Photography",Local Market,January to March,"Hindi, English",Tourism,Solo,Y,Yes,no,yes,https://example.com/image.jpg
808,Jaipur,rajasthan,Jaipur,National Park,Popular tourist destination,Winter,Summer,Five Days,Luxury,12000,1500,200.0,1352,Y,Yes,yes,NO,YES,N,0,9,6,6,9.0,,5,4,Moderate,25,Medium,1773,no,Airport,Railway Station,11.265446,94.826046,,5484,"Sightseeing, Photography",Local Market,,"Hindi, English",Tourism,Solo,yes,no,NO,yes,https://example.com/image.jpg
809,Goa Beaches,Goa,Panaji,Island,Popular tourist destination,Winter,Summer,Five Days,Unknown,12000,3000,500.0,888,no,yes,NO,Yes,no,yes,1,7,6,3,,10.0,3,10,Easy,17,High,2097,Yes,Airport,Railway Station,24.725919,83.83373,3.9,43606,"Sightseeing, Photography",Local Market,Winter,"Hindi, English",Tourism,Senior Citizens,No,No,yes,Yes,https://example.com/image.jpg
810,Mysuru Palace,Karnataka,Mysuru,Forest,,Winter,Summer,5,Low,999999,100,200.0,1919,yes,yes,N,NO,YES,Y,7,8,4,3,,10.0,1,9,NA,8,Medium,1026,Y,Airport,Railway Station,33.549961,94.405527,3.3,41514,"Sightseeing, Photography",Local Market,"Nov, Dec","Hindi, English",Tourism,Friends,no,YES,Yes,YES,https://example.com/image.jpg
811,Munnar,Kerala,Munnar,Wildlife,Popular tourist destination,Winter,Summer,5 Days,Medium,250,1500,1000.0,1264,Yes,NO,N,N,yes,NO,3,4,6,8,10.0,3.0,5,3,Difficult,15,Medium,3159,NO,Airport,Railway Station,17.508362,84.795881,3.6,8611,"Sightseeing, Photography",Local Market,"Nov, Dec","Hindi, English",Tourism,Solo,Yes,YES,N,no,https://example.com/image.jpg
812,Munnar,Kerala,Munnar,Nature,Popular tourist destination,Winter,Summer,05 Days,High,5000,3000,1000.0,1872,yes,N,No,no,yes,YES,2,10,10,3,,8.0,4,1,Moderate,12,Low,1875,YES,Airport,Railway Station,11.665495,92.71517,3.5,35664,"Sightseeing, Photography",Local Market,Jan-Mar,"Hindi, English",Tourism,Family,no,N,Yes,yes,https://example.com/image.jpg
813,Jaipur,Rajasthan,Jaipur,Lake,Popular tourist destination,Winter,Summer,05 Days,High,5000,30000,500.0,1338,NO,yes,No,YES,NO,no,3,9,8,8,10.0,,5,8,Easy,24,Low,3414,N,Airport,Railway Station,27.33032,95.342439,2.7,27346,"Sightseeing, Photography",Local Market,"Nov, Dec","Hindi, English",Tourism,Friends,No,NO,no,No,https://example.com/image.jpg
814,Goa Beaches,Goa,Panaji,Island,Popular tourist destination,Winter,Summer,Five Days,Low,5000,30000,200.0,1205,Y,N,Yes,NO,yes,YES,4,2,10,4,,,4,8,Easy,30,High,3423,no,Airport,Railway Station,29.165045,82.10223,3.7,1366,"Sightseeing, Photography",Local Market,Apr-Jun,"Hindi, English",Tourism,Senior Citizens,yes,No,No,Y,https://example.com/image.jpg
815,Amritsar,Punjab,Amritsar,Palace,,Winter,Summer,05 Days,Unknown,12000,30000,,837,N,no,Yes,Yes,Y,Y,1,5,2,3,,4.0,8,2,Moderate,18,High,1543,no,Airport,Railway Station,28.465136,71.966788,3.6,4971,"Sightseeing, Photography",Local Market,Jan-Mar,"Hindi, English",Tourism,Luxury Travelers,NO,No,yes,N,https://example.com/image.jpg
816,Munnar,Kerala,Munnar,Pilgrimage,Popular tourist destination,Winter,Summer,5 Days,High,250,100,1000.0,1159,yes,N,YES,NO,Yes,yes,4,2,10,10,,,1,7,NA,28,Medium,909,NO,Airport,Railway Station,22.577828,86.839979,3.0,12616,"Sightseeing, Photography",Local Market,"Nov, Dec","Hindi, English",Tourism,Friends,N,No,yes,Y,https://example.com/image.jpg
817,Manali,Himachal Pradesh,Manali,Pilgrimage,Popular tourist destination,Winter,Summer,5,High,250,30000,200.0,801,NO,NO,NO,Y,N,yes,4,4,1,8,8.0,,10,7,NA,33,Low,1206,NO,Airport,Railway Station,10.12984,,3.4,34508,"Sightseeing, Photography",Local Market,January to March,"Hindi, English",Tourism,Family,Yes,Y,N,yes,https://example.com/image.jpg
818,Goa Beaches,Goa,Panaji,Nature,Popular tourist destination,Winter,Summer,05 Days,Unknown,250,3000,200.0,387,Y,yes,Y,yes,yes,Yes,3,2,9,2,5.0,,3,1,Difficult,37,Low,2355,No,,Railway Station,14.76417,87.187996,3.4,46939,"Sightseeing, Photography",Local Market,January to March,"Hindi, English",Tourism,Friends,N,No,No,N,https://example.com/image.jpg
819,Manali,Himachal Pradesh,Manali,Forest,Popular tourist destination,Winter,Summer,Five Days,Unknown,12000,1500,,1532,NO,Yes,no,NO,Y,Y,3,2,1,1,1.0,,9,3,NA,33,Medium,3357,No,Airport,Railway Station,22.139281,,3.2,15018,"Sightseeing, Photography",Local Market,"Nov, Dec","Hindi, English",Tourism,Luxury Travelers,Yes,NO,yes,no,https://example.com/image.jpg
820,Ooty,Tamil Nadu,Ooty,Hill Station,Popular tourist destination,Winter,Summer,05 Days,Unknown,250,30000,1000.0,412,Yes,Yes,no,No,yes,No,4,9,7,1,,9.0,4,7,Moderate,26,High,1640,NO,,Railway Station,15.608951,68.344093,3.6,27148,"Sightseeing, Photography",Local Market,,"Hindi, English",Tourism,Other,No,Yes,no,Y,https://example.com/image.jpg
821,Amritsar,Punjab,Amritsar,Forest,Popular tourist destination,Winter,Summer,05 Days,High,12000,30000,500.0,743,NO,No,Y,Yes,no,YES,6,9,6,5,6.0,4.0,6,4,Easy,35,Medium,861,no,Airport,Railway Station,31.369681,70.139942,3.6,39294,"Sightseeing, Photography",Local Market,January to March,"Hindi, English",Tourism,Friends,NO,NO,N,Y,https://example.com/image.jpg
822,Ooty,Tamil Nadu,Ooty,Historical,Popular tourist destination,Winter,Summer,5 Days,Low,5000,3000,200.0,1197,No,N,N,yes,N,N,2,6,10,6,,,10,7,NA,33,Low,3362,YES,Airport,Railway Station,17.191238,72.934727,4.2,45909,"Sightseeing, Photography",Local Market,January to March,"Hindi, English",Tourism,Family,N,no,no,no,https://example.com/image.jpg
823,Jaipur,Rajasthan,Jaipur,Palace,,Winter,Summer,Five Days,Unknown,250,30000,,519,N,N,No,YES,No,N,7,4,7,7,5.0,,5,7,NA,27,Low,1917,yes,Airport,Railway Station,14.031242,82.671334,4.3,30450,"Sightseeing, Photography",Local Market,,"Hindi, English",Tourism,Luxury Travelers,Y,NO,yes,Yes,https://example.com/image.jpg
824,Jaipur, Rajasthan ,Jaipur,Hill Station,Popular tourist destination,Winter,Summer,05 Days,Unknown,5000,30000,200.0,1790,YES,NO,Yes,N,Yes,No,3,2,8,5,9.0,9.0,10,7,Easy,28,Low,3316,NO,,Railway Station,14.484771,76.509561,2.8,44386,"Sightseeing, Photography",Local Market,,"Hindi, English",Tourism,Luxury Travelers,NO,YES,N,Y,https://example.com/image.jpg
825,Munnar,Kerala,Munnar,Island,Popular tourist destination,Winter,Summer,Five Days,Medium,250,1500,,1136,No,No,yes,No,No,YES,7,6,3,5,1.0,,1,6,Difficult,10,Low,1581,YES,Airport,Railway Station,31.139441,76.612007,2.9,15785,"Sightseeing, Photography",Local Market,"Nov, Dec","Hindi, English",Tourism,Luxury Travelers,no,no,yes,NO,https://example.com/image.jpg
826,Varanasi Ghats,Uttar Pradesh,Varanasi,Palace,Popular tourist destination,Winter,Summer,05 Days,High,12000,3000,,804,yes,YES,No,N,NO,no,7,2,5,9,,7.0,4,4,Moderate,11,Medium,1985,N,Airport,Railway Station,22.85917,96.926019,2.9,26654,"Sightseeing, Photography",Local Market,Winter,"Hindi, English",Tourism,Backpackers,NO,N,no,YES,https://example.com/image.jpg
827,Ooty,Tamil Nadu,Ooty,Wildlife,Popular tourist destination,Winter,Summer,5,Medium,12000,1500,200.0,1263,N,Y,yes,YES,N,Yes,2,10,3,5,8.0,,6,9,Moderate,37,Low,797,No,Airport,Railway Station,33.651369,93.530387,3.7,17802,"Sightseeing, Photography",Local Market,Winter,"Hindi, English",Tourism,Luxury Travelers,Y,N,no,YES,https://example.com/image.jpg
828,Ooty,Tamil Nadu,Ooty,Nature,Popular tourist destination,Winter,Summer,5,Unknown,999999,100,1000.0,1393,Yes,Yes,No,NO,No,NO,2,7,9,2,6.0,,5,3,Easy,29,High,3336,no,Airport,Railway Station,28.26091,86.512793,2.9,48160,"Sightseeing, Photography",Local Market,Apr-Jun,"Hindi, English",Tourism,Luxury Travelers,Yes,N,no,Y,https://example.com/image.jpg
829,Goa Beaches,Goa,Panaji,Hill Station,Popular tourist destination,Winter,Summer,05 Days,Unknown,5000,3000,500.0,283,Yes,no,NO,Yes,yes,Y,3,3,7,7,,,2,6,Easy,37,Medium,814,No,Airport,Railway Station,8.738333,82.351084,3.7,33525,"Sightseeing, Photography",Local Market,Winter,"Hindi, English",Tourism,Luxury Travelers,no,no,yes,no,https://example.com/image.jpg
830,Goa Beaches,Goa,Panaji,Nature,,Winter,Summer,5 Days,Medium,250,3000,500.0,963,N,YES,N,yes,no,YES,1,3,8,3,6.0,6.0,1,8,Easy,31,Low,1861,No,Airport,Railway Station,31.735165,92.175233,4.0,44388,"Sightseeing, Photography",Local Market,Winter,"Hindi, English",Tourism,Backpackers,YES,yes,NO,N,https://example.com/image.jpg
831,Ooty,Tamil Nadu,Ooty,Fort,Popular tourist destination,Winter,Summer,5,High,250,3000,,1680,No,Yes,N,no,YES,Yes,2,10,10,9,9.0,6.0,6,3,Easy,30,Low,963,NO,Airport,Railway Station,13.739778,91.532144,5.0,23917,"Sightseeing, Photography",Local Market,Winter,"Hindi, English",Tourism,Luxury Travelers,yes,yes,Yes,N,https://example.com/image.jpg
832,Goa Beaches,goa,Panaji,Nature,Popular tourist destination,Winter,Summer,05 Days,Unknown,250,100,1000.0,846,N,No,NO,no,no,YES,7,3,1,10,9.0,3.0,6,3,Easy,38,Low,2192,YES,Airport,Railway Station,25.184723,89.926361,2.8,48088,"Sightseeing, Photography",Local Market,Jan-Mar,"Hindi, English",Tourism,Family,no,no,no,Yes,https://example.com/image.jpg
833,Amritsar,punjab,Amritsar,Wildlife,Popular tourist destination,Winter,Summer,5,Unknown,5000,3000,500.0,1091,YES,Y,no,yes,no,Y,7,2,2,2,,2.0,5,3,Easy,9,Low,106,No,Airport,Railway Station,,90.669656,4.0,9385,"Sightseeing, Photography",Local Market,"Nov, Dec","Hindi, English",Tourism,Family,N,YES,NO,yes,https://example.com/image.jpg
834,Manali,Himachal Pradesh,Manali,Historical,Popular tourist destination,Winter,Summer,5,Luxury,5000,30000,200.0,781,Y,Yes,no,Yes,No,YES,3,8,3,6,,8.0,6,3,NA,20,Medium,2013,No,,Railway Station,32.061582,94.752553,2.9,17597,"Sightseeing, Photography",Local Market,Apr-Jun,"Hindi, English",Tourism,Luxury Travelers,Y,YES,N,N,https://example.com/image.jpg
835,Amritsar,Punjab,Amritsar,Beach,Popular tourist destination,Winter,Summer,Five Days,Luxury,12000,3000,200.0,1382,No,Y,YES,NO,YES,yes,0,7,3,7,9.0,3.0,1,8,Difficult,37,Low,1928,N,,Railway Station,33.089315,80.255164,3.8,8859,"Sightseeing, Photography",Local Market,Apr-Jun,"Hindi, English",Tourism,Other,Y,Y,NO,N,https://example.com/image.jpg
836,Jaipur,Rajasthan,Jaipur,National Park,Popular tourist destination,Winter,Summer,05 Days,Unknown,999999,3000,1000.0,476,yes,Yes,YES,N,Y,NO,2,4,5,7,,7.0,5,1,NA,11,High,1744,NO,Airport,Railway Station,13.753883,72.155261,2.8,48390,"Sightseeing, Photography",Local Market,,"Hindi, English",Tourism,Friends,NO,YES,NO,No,https://example.com/image.jpg
837,Goa Beaches,Goa,Panaji,Nature,Popular tourist destination,Winter,Summer,5,Low,999999,1500,,1549,N,no,YES,No,N,Y,5,5,8,1,7.0,2.0,6,5,Easy,24,Medium,983,N,Airport,Railway Station,31.344189,90.618241,2.6,18403,"Sightseeing, Photography",Local Market,Jan-Mar,"Hindi, English",Tourism,Senior Citizens,Y,Y,NO,Y,https://example.com/image.jpg
838,Jaipur,Rajasthan,Jaipur,Island,Popular tourist destination,Winter,Summer,Five Days,Luxury,999999,100,,1262,N,yes,Y,YES,YES,Y,4,10,6,6,,8.0,1,6,Difficult,27,Medium,2873,yes,Airport,Railway Station,16.52218,72.626307,4.7,34382,"Sightseeing, Photography",Local Market,Winter,"Hindi, English",Tourism,Backpackers,YES,Yes,no,YES,https://example.com/image.jpg
839,Munnar,Kerala,Munnar,Religious,Popular tourist destination,Winter,Summer,05 Days,Low,5000,3000,,1278,no,no,Y,yes,no,no,7,1,9,9,10.0,,2,2,Difficult,22,Medium,2273,yes,Airport,Railway Station,32.403764,86.202769,3.2,48418,"Sightseeing, Photography",Local Market,,"Hindi, English",Tourism,Family,no,YES,yes,N,https://example.com/image.jpg
840,Manali,himachal pradesh,Manali,Desert,Popular tourist destination,Winter,Summer,5 Days,Low,12000,1500,200.0,891,Y,No,YES,NO,YES,no,3,6,4,1,1.0,,1,3,NA,21,Low,1812,No,Airport,Railway Station,17.047979,75.695034,3.6,17055,"Sightseeing, Photography",Local Market,Apr-Jun,"Hindi, English",Tourism,Other,no,YES,NO,Y,https://example.com/image.jpg
841,Munnar,Kerala,Munnar,Pilgrimage,Popular tourist destination,Winter,Summer,5,High,999999,30000,500.0,1722,Y,yes,N,Y,yes,No,3,10,5,7,,,9,9,Difficult,32,Low,426,Yes,Airport,Railway Station,33.900364,73.305972,4.1,8918,"Sightseeing, Photography",Local Market,January to March,"Hindi, English",Tourism,Friends,YES,YES,N,Y,https://example.com/image.jpg
842,Ooty,Tamil Nadu,Ooty,Beach,Popular tourist destination,Winter,Summer,5 Days,High,12000,3000,,1100,NO,yes,YES,N,N,YES,3,4,9,9,,,10,5,NA,31,Low,1032,Yes,Airport,Railway Station,25.666396,69.421489,4.2,14872,"Sightseeing, Photography",Local Market,,"Hindi, English",Tourism,Family,No,YES,No,Y,https://example.com/image.jpg
843,Jaipur,Rajasthan,Jaipur,Waterfall,Popular tourist destination,Winter,Summer,Five Days,Medium,5000,1500,500.0,520,YES,Y,Y,YES,YES,YES,1,5,3,8,,3.0,10,6,Moderate,28,Low,162,No,Airport,Railway Station,13.939207,88.123563,4.3,2394,"Sightseeing, Photography",Local Market,"Nov, Dec","Hindi, English",Tourism,Solo,Yes,Y,N,No,https://example.com/image.jpg
844,Mysuru Palace,Karnataka,Mysuru,Historical,Popular tourist destination,Winter,Summer,5 Days,Medium,999999,3000,200.0,1992,no,Yes,yes,NO,NO,YES,1,10,2,4,,,10,8,Easy,16,High,764,N,Airport,Railway Station,12.397926,87.732178,4.0,27880,"Sightseeing, Photography",Local Market,Winter,"Hindi, English",Tourism,Senior Citizens,Yes,Yes,NO,no,https://example.com/image.jpg
845,Ooty,Tamil Nadu,Ooty,Beach,Popular tourist destination,Winter,Summer,05 Days,Medium,999999,30000,,321,No,Yes,Y,yes,YES,Y,4,5,10,8,7.0,,1,7,Easy,29,Medium,1785,Y,Airport,Railway Station,,70.664474,4.8,26061,"Sightseeing, Photography",Local Market,January to March,"Hindi, English",Tourism,Senior Citizens,Yes,no,yes,YES,https://example.com/image.jpg
846,Jaipur,Rajasthan,Jaipur,Wildlife,Popular tourist destination,Winter,Summer,5,High,250,100,,1772,No,no,N,Yes,N,Yes,6,7,10,7,,,3,6,Moderate,10,High,2508,Yes,Airport,Railway Station,19.342789,84.678375,2.6,48306,"Sightseeing, Photography",Local Market,Jan-Mar,"Hindi, English",Tourism,Backpackers,no,No,YES,yes,https://example.com/image.jpg
847,Varanasi Ghats,Uttar Pradesh,Varanasi,Waterfall,Popular tourist destination,Winter,Summer,05 Days,Low,999999,3000,1000.0,1648,NO,yes,No,NO,Y,N,3,2,7,5,5.0,,6,9,NA,23,Medium,2293,N,Airport,Railway Station,27.299251,85.845973,4.7,7874,"Sightseeing, Photography",Local Market,January to March,"Hindi, English",Tourism,Other,no,no,NO,no,https://example.com/image.jpg
848,Ooty,Tamil Nadu,Ooty,National Park,Popular tourist destination,Winter,Summer,5,High,999999,100,,1837,Y,N,N,N,NO,No,1,3,6,10,,,5,10,Easy,38,Medium,3383,no,Airport,Railway Station,9.970675,78.839399,4.5,39585,"Sightseeing, Photography",Local Market,January to March,"Hindi, English",Tourism,Solo,NO,no,YES,Yes,https://example.com/image.jpg
849,Ooty,Tamil Nadu,Ooty,National Park,Popular tourist destination,Winter,Summer,05 Days,Low,999999,3000,1000.0,1868,yes,Yes,Yes,N,N,No,2,7,8,10,5.0,4.0,9,3,Moderate,19,Medium,3080,no,Airport,Railway Station,12.670964,79.25713,5.0,38575,"Sightseeing, Photography",Local Market,January to March,"Hindi, English",Tourism,Couple,yes,YES,NO,N,https://example.com/image.jpg
850,Amritsar,Punjab,Amritsar,Forest,,Winter,Summer,5,High,5000,30000,500.0,1250,no,No,no,NO,Yes,yes,6,10,9,8,,,4,9,Difficult,27,Low,429,NO,Airport,Railway Station,25.046708,91.67355,4.5,14142,"Sightseeing, Photography",Local Market,Apr-Jun,"Hindi, English",Tourism,Senior Citizens,No,NO,yes,N,https://example.com/image.jpg
851,Ooty,Tamil Nadu,Ooty,Forest,Popular tourist destination,Winter,Summer,5,Unknown,12000,100,,640,YES,Yes,No,Yes,N,no,2,7,8,1,1.0,,4,8,Difficult,16,Low,1971,N,Airport,Railway Station,25.173151,70.591566,3.9,47056,"Sightseeing, Photography",Local Market,January to March,"Hindi, English",Tourism,Solo,yes,N,Y,N,https://example.com/image.jpg
852,Ooty,Tamil Nadu,Ooty,National Park,Popular tourist destination,Winter,Summer,Five Days,Luxury,12000,3000,200.0,264,Yes,No,yes,Y,No,Yes,2,5,6,3,,,1,1,Moderate,33,Medium,486,N,Airport,Railway Station,25.690594,75.031415,3.9,13103,"Sightseeing, Photography",Local Market,,"Hindi, English",Tourism,Couple,YES,NO,N,yes,https://example.com/image.jpg
853,Manali,Himachal Pradesh,Manali,Forest,Popular tourist destination,Winter,Summer,5 Days,High,5000,30000,200.0,689,NO,N,no,no,NO,yes,0,10,4,2,10.0,,4,3,Difficult,34,High,1545,no,Airport,Railway Station,28.600471,80.620325,4.8,29827,"Sightseeing, Photography",Local Market,Winter,"Hindi, English",Tourism,Family,YES,Y,YES,YES,https://example.com/image.jpg
854,Manali,Himachal Pradesh,Manali,Island,Popular tourist destination,Winter,Summer,5 Days,Medium,250,100,200.0,1009,Y,no,NO,no,yes,N,2,6,10,4,4.0,,4,1,NA,29,High,1830,no,,Railway Station,13.714965,91.62505,3.0,25646,"Sightseeing, Photography",Local Market,January to March,"Hindi, English",Tourism,Family,NO,N,yes,N,https://example.com/image.jpg
855,Munnar,Kerala,Munnar,Religious,Popular tourist destination,Winter,Summer,Five Days,Low,250,1500,,381,Y,No,N,yes,No,No,3,6,5,2,8.0,,8,5,Easy,14,High,1391,Yes,Airport,Railway Station,23.946499,96.65657,3.3,4008,"Sightseeing, Photography",Local Market,Winter,"Hindi, English",Tourism,Backpackers,Yes,Y,Yes,no,https://example.com/image.jpg
856,Manali,Himachal Pradesh,Manali,Lake,Popular tourist destination,Winter,Summer,Five Days,Luxury,999999,3000,1000.0,1580,Y,YES,No,No,Yes,yes,6,6,5,5,7.0,8.0,10,7,Moderate,34,High,431,Y,Airport,Railway Station,29.806405,87.281704,4.2,37075,"Sightseeing, Photography",Local Market,January to March,"Hindi, English",Tourism,Luxury Travelers,NO,no,no,NO,https://example.com/image.jpg
857,Amritsar,Punjab,Amritsar,Adventure,Popular tourist destination,Winter,Summer,5 Days,Luxury,999999,1500,200.0,1162,yes,N,YES,no,NO,Yes,5,7,2,7,7.0,2.0,6,2,Easy,29,Medium,1625,N,Airport,Railway Station,28.749069,78.598735,2.6,21987,"Sightseeing, Photography",Local Market,Jan-Mar,"Hindi, English",Tourism,Friends,NO,NO,N,Y,https://example.com/image.jpg
858,Munnar,Kerala,Munnar,Beach,Popular tourist destination,Winter,Summer,5 Days,Unknown,5000,1500,,934,YES,yes,YES,yes,NO,Y,4,5,1,1,,,4,8,NA,18,Low,3303,no,Airport,Railway Station,16.252794,74.38842,3.6,42296,"Sightseeing, Photography",Local Market,January to March,"Hindi, English",Tourism,Couple,No,yes,Y,No,https://example.com/image.jpg
859,Amritsar,Punjab,Amritsar,Palace,Popular tourist destination,Winter,Summer,Five Days,Low,5000,100,200.0,123,Y,Y,NO,YES,no,NO,3,2,10,10,4.0,,3,7,Easy,5,High,1102,NO,Airport,Railway Station,8.382523,82.106611,2.6,15490,"Sightseeing, Photography",Local Market,January to March,"Hindi, English",Tourism,Other,NO,YES,Y,No,https://example.com/image.jpg
860,Mysuru Palace,Karnataka,Mysuru,Lake,Popular tourist destination,Winter,Summer,5,High,250,3000,200.0,1991,N,no,YES,N,Y,NO,5,9,9,8,,,1,7,Easy,7,High,2524,N,Airport,Railway Station,18.108523,90.295917,4.2,32957,"Sightseeing, Photography",Local Market,Apr-Jun,"Hindi, English",Tourism,Family,N,YES,yes,Y,https://example.com/image.jpg
861,Goa Beaches,Goa,Panaji,Island,,Winter,Summer,05 Days,High,12000,100,,210,Yes,yes,No,no,no,Y,2,4,10,4,8.0,,1,8,Difficult,12,Medium,440,no,Airport,Railway Station,14.638066,85.934498,4.0,34706,"Sightseeing, Photography",Local Market,January to March,"Hindi, English",Tourism,Luxury Travelers,Y,no,YES,yes,https://example.com/image.jpg
862,Manali,Himachal Pradesh,Manali,Palace,Popular tourist destination,Winter,Summer,5 Days,Medium,250,3000,,1425,NO,yes,Yes,Yes,Y,no,3,6,5,7,1.0,,7,8,Difficult,33,High,1238,No,Airport,Railway Station,11.363282,83.297678,5.0,390,"Sightseeing, Photography",Local Market,January to March,"Hindi, English",Tourism,Friends,YES,Yes,YES,Y,https://example.com/image.jpg
863,Jaipur,Rajasthan,Jaipur,Religious,Popular tourist destination,Winter,Summer,Five Days,High,250,30000,1000.0,1314,yes,no,No,No,Y,Y,7,4,6,1,1.0,1.0,4,4,Difficult,28,Low,2257,N,Airport,Railway Station,28.788408,92.162684,2.9,8019,"Sightseeing, Photography",Local Market,Jan-Mar,"Hindi, English",Tourism,Couple,N,N,yes,No,https://example.com/image.jpg
864,Mysuru Palace,Karnataka,Mysuru,Fort,Popular tourist destination,Winter,Summer,05 Days,Unknown,5000,3000,500.0,186,Y,no,N,no,yes,No,0,10,8,9,4.0,,1,9,Easy,24,Medium,2308,Y,Airport,Railway Station,25.326508,86.644135,4.8,39171,"Sightseeing, Photography",Local Market,Jan-Mar,"Hindi, English",Tourism,Luxury Travelers,yes,yes,Y,Yes,https://example.com/image.jpg
865,Goa Beaches,Goa,Panaji,Pilgrimage,Popular tourist destination,Winter,Summer,05 Days,Luxury,250,30000,500.0,775,No,YES,N,no,YES,NO,6,8,7,9,5.0,,2,5,Difficult,29,Medium,1976,No,Airport,Railway Station,15.202099,80.325921,3.5,5180,"Sightseeing, Photography",Local Market,Winter,"Hindi, English",Tourism,Couple,No,yes,Yes,YES,https://example.com/image.jpg
866,Manali,Himachal Pradesh,Manali,Nature,Popular tourist destination,Winter,Summer,Five Days,Low,999999,30000,,1845,NO,no,N,Y,no,YES,1,6,8,9,1.0,,9,1,Moderate,26,High,113,NO,Airport,Railway Station,22.998877,92.397066,2.6,3356,"Sightseeing, Photography",Local Market,Winter,"Hindi, English",Tourism,Backpackers,Y,YES,Y,YES,https://example.com/image.jpg
867,Manali,Himachal Pradesh,Manali,Adventure,Popular tourist destination,Winter,Summer,5,Luxury,999999,1500,500.0,988,No,yes,No,Yes,YES,Yes,3,2,8,7,9.0,4.0,5,9,NA,29,Medium,1441,yes,Airport,Railway Station,25.886851,75.243034,3.9,47185,"Sightseeing, Photography",Local Market,January to March,"Hindi, English",Tourism,Friends,Yes,N,YES,no,https://example.com/image.jpg
868,Munnar,Kerala,Munnar,Waterfall,Popular tourist destination,Winter,Summer,5 Days,Unknown,999999,30000,200.0,1512,Yes,yes,NO,no,No,no,4,2,2,6,4.0,,3,6,Easy,35,Low,779,no,Airport,Railway Station,33.603018,73.854399,4.0,34179,"Sightseeing, Photography",Local Market,"Nov, Dec","Hindi, English",Tourism,Solo,no,NO,Yes,No,https://example.com/image.jpg
869,Amritsar,Punjab,Amritsar,Wildlife,Popular tourist destination,Winter,Summer,5 Days,Unknown,5000,1500,,739,no,Yes,no,N,no,N,0,9,2,2,2.0,4.0,1,10,Moderate,37,Low,532,yes,Airport,Railway Station,22.361093,87.361488,3.2,37046,"Sightseeing, Photography",Local Market,Jan-Mar,"Hindi, English",Tourism,Solo,No,no,YES,Yes,https://example.com/image.jpg
870,Jaipur,Rajasthan,Jaipur,Pilgrimage,Popular tourist destination,Winter,Summer,05 Days,Low,5000,3000,500.0,968,No,NO,NO,NO,Yes,NO,4,10,9,5,7.0,,1,3,Easy,16,High,861,NO,Airport,Railway Station,13.041103,87.220991,3.7,35392,"Sightseeing, Photography",Local Market,,"Hindi, English",Tourism,Luxury Travelers,Y,YES,YES,No,https://example.com/image.jpg
871,Varanasi Ghats,Uttar Pradesh,Varanasi,Beach,Popular tourist destination,Winter,Summer,5 Days,High,12000,1500,1000.0,408,Y,Yes,NO,Yes,yes,No,4,9,9,9,10.0,9.0,6,1,Easy,6,Low,648,NO,Airport,Railway Station,30.044131,83.906628,2.6,23151,"Sightseeing, Photography",Local Market,Jan-Mar,"Hindi, English",Tourism,Other,no,No,Y,Yes,https://example.com/image.jpg
872,Goa Beaches,Goa,Panaji,Lake,Popular tourist destination,Winter,Summer,5 Days,Medium,999999,100,200.0,297,Yes,YES,YES,Yes,YES,N,6,1,8,10,7.0,9.0,10,4,NA,9,High,2022,Y,Airport,Railway Station,18.05333,80.257665,2.7,11311,"Sightseeing, Photography",Local Market,Apr-Jun,"Hindi, English",Tourism,Senior Citizens,N,Y,No,Y,https://example.com/image.jpg
873,Mysuru Palace,Karnataka,Mysuru,Hill Station,Popular tourist destination,Winter,Summer,5,Unknown,250,100,200.0,780,YES,yes,NO,N,yes,no,5,7,6,10,2.0,10.0,2,5,Moderate,20,Medium,1735,yes,Airport,Railway Station,20.136992,69.488992,,15339,"Sightseeing, Photography",Local Market,Winter,"Hindi, English",Tourism,Senior Citizens,YES,yes,Yes,Y,https://example.com/image.jpg
874,Amritsar,Punjab,Amritsar,Lake,Popular tourist destination,Winter,Summer,5,Medium,5000,3000,1000.0,1102,yes,NO,no,yes,Yes,Yes,6,4,3,10,,2.0,4,6,NA,38,Low,2874,YES,Airport,Railway Station,34.674051,92.78542,2.8,3509,"Sightseeing, Photography",Local Market,Apr-Jun,"Hindi, English",Tourism,Backpackers,NO,No,No,NO,https://example.com/image.jpg
875,Amritsar,Punjab,Amritsar,Nature,Popular tourist destination,Winter,Summer,05 Days,Medium,999999,30000,200.0,227,YES,Yes,N,N,yes,No,2,9,3,10,,,7,10,Difficult,13,High,3135,NO,Airport,Railway Station,31.704253,81.721495,4.2,35558,"Sightseeing, Photography",Local Market,Apr-Jun,"Hindi, English",Tourism,Luxury Travelers,NO,Yes,NO,no,https://example.com/image.jpg
876,Munnar,Kerala,Munnar,Waterfall,Popular tourist destination,Winter,Summer,5,High,250,1500,500.0,572,YES,YES,Y,No,YES,no,2,9,6,1,,7.0,2,10,NA,21,Medium,2728,no,Airport,Railway Station,8.076365,69.267307,3.6,31130,"Sightseeing, Photography",Local Market,Jan-Mar,"Hindi, English",Tourism,Family,yes,yes,No,no,https://example.com/image.jpg
877,Jaipur,Rajasthan,Jaipur,Wildlife,Popular tourist destination,Winter,Summer,5,Low,999999,1500,500.0,1083,yes,N,N,Yes,No,NO,2,6,7,9,3.0,10.0,10,1,Easy,13,Low,2994,YES,Airport,Railway Station,31.272047,71.408727,3.3,46460,"Sightseeing, Photography",Local Market,January to March,"Hindi, English",Tourism,Luxury Travelers,N,Yes,Yes,no,https://example.com/image.jpg
878,Munnar,Kerala,Munnar,Forest,Popular tourist destination,Winter,Summer,5,Unknown,250,3000,1000.0,623,NO,Y,Yes,Y,YES,Y,0,9,8,5,2.0,,10,2,Easy,27,Medium,2574,no,Airport,Railway Station,9.20124,69.582643,2.6,40165,"Sightseeing, Photography",Local Market,Apr-Jun,"Hindi, English",Tourism,Friends,no,No,Y,No,https://example.com/image.jpg
879,Mysuru Palace,Karnataka,Mysuru,Hill Station,Popular tourist destination,Winter,Summer,5,Unknown,5000,100,,1355,no,yes,Yes,N,No,NO,1,9,2,10,,2.0,8,10,Easy,36,High,401,No,Airport,Railway Station,25.444058,96.416737,3.7,12812,"Sightseeing, Photography",Local Market,Apr-Jun,"Hindi, English",Tourism,Other,NO,NO,No,Y,https://example.com/image.jpg
880,Munnar,Kerala,Munnar,Waterfall,Popular tourist destination,Winter,Summer,Five Days,Low,999999,100,,791,N,No,No,YES,YES,No,5,3,1,2,,9.0,10,10,NA,25,Medium,1366,No,Airport,Railway Station,8.470165,69.181573,3.0,30648,"Sightseeing, Photography",Local Market,Apr-Jun,"Hindi, English",Tourism,Family,yes,no,YES,no,https://example.com/image.jpg
881,Varanasi Ghats,Uttar Pradesh,Varanasi,Forest,Popular tourist destination,Winter,Summer,5 Days,Low,250,1500,1000.0,1755,N,NO,NO,No,Yes,Y,4,8,4,2,,3.0,2,8,Moderate,17,Low,2910,No,Airport,Railway Station,,,3.5,12510,"Sightseeing, Photography",Local Market,,"Hindi, English",Tourism,Friends,Y,N,yes,YES,https://example.com/image.jpg
882,Varanasi Ghats, Uttar Pradesh ,Varanasi,Pilgrimage,,Winter,Summer,5 Days,Unknown,999999,3000,500.0,1818,No,Yes,YES,YES,YES,yes,7,7,7,5,,,10,4,Easy,37,Medium,1413,Y,Airport,Railway Station,19.390372,83.574048,4.4,27888,"Sightseeing, Photography",Local Market,Apr-Jun,"Hindi, English",Tourism,Family,YES,yes,Yes,YES,https://example.com/image.jpg
883,Manali,Himachal Pradesh,Manali,Desert,Popular tourist destination,Winter,Summer,05 Days,High,999999,1500,500.0,1490,No,N,yes,No,Y,YES,4,6,2,4,,8.0,2,10,Easy,17,High,3019,YES,Airport,Railway Station,30.73984,86.802442,2.9,40063,"Sightseeing, Photography",Local Market,Apr-Jun,"Hindi, English",Tourism,Luxury Travelers,NO,No,No,N,https://example.com/image.jpg
884,Amritsar,Punjab,Amritsar,Hill Station,Popular tourist destination,Winter,Summer,Five Days,Luxury,250,1500,,1581,N,no,Yes,yes,NO,no,2,1,7,2,,,2,10,NA,7,Low,1479,Yes,Airport,Railway Station,23.152728,71.253258,4.2,1806,"Sightseeing, Photography",Local Market,Apr-Jun,"Hindi, English",Tourism,Friends,no,yes,YES,NO,https://example.com/image.jpg
885,Ooty,Tamil Nadu,Ooty,Forest,Popular tourist destination,Winter,Summer,05 Days,Luxury,12000,100,500.0,948,NO,Y,No,NO,no,NO,4,2,3,4,9.0,,5,1,Difficult,11,Low,2739,Yes,Airport,Railway Station,17.40795,82.443512,2.6,11045,"Sightseeing, Photography",Local Market,Apr-Jun,"Hindi, English",Tourism,Senior Citizens,Y,yes,No,NO,https://example.com/image.jpg
886,Amritsar,punjab,Amritsar,Island,Popular tourist destination,Winter,Summer,Five Days,Low,12000,30000,1000.0,1519,No,yes,Y,NO,Y,no,2,4,3,10,2.0,8.0,2,9,Moderate,28,Medium,1982,NO,,Railway Station,34.651791,93.824132,3.2,26223,"Sightseeing, Photography",Local Market,,"Hindi, English",Tourism,Senior Citizens,No,Y,Yes,NO,https://example.com/image.jpg
887,Munnar,Kerala,Munnar,Wildlife,Popular tourist destination,Winter,Summer,5 Days,Medium,250,1500,,1114,N,no,yes,YES,Yes,Yes,4,8,9,6,,5.0,8,9,NA,9,High,1457,no,Airport,Railway Station,28.322536,93.061152,3.2,8933,"Sightseeing, Photography",Local Market,January to March,"Hindi, English",Tourism,Family,No,yes,Y,Yes,https://example.com/image.jpg
888,Manali,Himachal Pradesh,Manali,Wildlife,Popular tourist destination,Winter,Summer,Five Days,Low,12000,1500,,1817,Y,NO,YES,yes,Y,N,4,7,8,8,,,3,1,Easy,12,Medium,48,YES,Airport,Railway Station,29.359202,79.721189,3.9,9011,"Sightseeing, Photography",Local Market,Winter,"Hindi, English",Tourism,Backpackers,NO,NO,No,Yes,https://example.com/image.jpg
889,Ooty,Tamil Nadu,Ooty,Waterfall,Popular tourist destination,Winter,Summer,Five Days,Low,12000,30000,500.0,284,No,yes,NO,YES,Yes,YES,0,10,7,7,,8.0,7,8,Easy,35,Medium,21,Y,Airport,Railway Station,10.019578,83.481126,2.7,48930,"Sightseeing, Photography",Local Market,Winter,"Hindi, English",Tourism,Other,Yes,YES,No,Y,https://example.com/image.jpg
890,Munnar,Kerala,Munnar,Island,Popular tourist destination,Winter,Summer,Five Days,High,12000,3000,,422,N,Y,yes,N,no,YES,4,8,5,8,,5.0,6,7,Easy,36,Low,2509,No,Airport,Railway Station,21.621271,76.095316,4.3,2561,"Sightseeing, Photography",Local Market,"Nov, Dec","Hindi, English",Tourism,Solo,YES,no,No,no,https://example.com/image.jpg
891,Manali,Himachal Pradesh,Manali,Religious,Popular tourist destination,Winter,Summer,5 Days,High,999999,1500,200.0,908,no,YES,no,no,yes,no,1,1,7,5,1.0,4.0,9,10,Difficult,32,Low,1976,no,Airport,Railway Station,28.196313,,3.6,17817,"Sightseeing, Photography",Local Market,Apr-Jun,"Hindi, English",Tourism,Family,N,no,Y,no,https://example.com/image.jpg
892,Goa Beaches,Goa,Panaji,Pilgrimage,Popular tourist destination,Winter,Summer,5,Luxury,250,1500,,1733,No,yes,NO,N,No,no,7,10,3,1,10.0,10.0,4,10,Easy,34,Medium,2698,N,Airport,Railway Station,11.70179,82.759588,3.8,14381,"Sightseeing, Photography",Local Market,"Nov, Dec","Hindi, English",Tourism,Friends,Y,yes,No,No,https://example.com/image.jpg
893,Manali,Himachal Pradesh,Manali,National Park,Popular tourist destination,Winter,Summer,5 Days,Luxury,12000,3000,1000.0,818,Yes,Yes,no,N,Y,no,7,3,6,5,2.0,5.0,4,7,Easy,14,High,2665,no,Airport,Railway Station,,92.728147,4.9,13176,"Sightseeing, Photography",Local Market,,"Hindi, English",Tourism,Family,Y,Yes,yes,N,https://example.com/image.jpg
894,Mysuru Palace,Karnataka,Mysuru,Fort,Popular tourist destination,Winter,Summer,5,Luxury,999999,30000,,127,yes,N,NO,No,Y,Y,1,4,9,7,,,9,7,Easy,5,Medium,610,yes,Airport,Railway Station,25.020152,95.397847,3.4,46435,"Sightseeing, Photography",Local Market,Jan-Mar,"Hindi, English",Tourism,Friends,NO,no,YES,no,https://example.com/image.jpg
895,Jaipur,Rajasthan,Jaipur,National Park,Popular tourist destination,Winter,Summer,05 Days,Luxury,12000,3000,200.0,1463,no,N,yes,no,Yes,YES,3,5,6,2,6.0,6.0,3,1,Easy,22,Low,2425,Y,Airport,Railway Station,16.604165,79.404904,4.7,16311,"Sightseeing, Photography",Local Market,"Nov, Dec","Hindi, English",Tourism,Couple,Y,No,N,Y,https://example.com/image.jpg
896,Mysuru Palace,Karnataka,Mysuru,Fort,Popular tourist destination,Winter,Summer,5,Luxury,250,1500,200.0,631,NO,NO,No,yes,No,yes,3,1,9,1,9.0,,1,9,Moderate,19,Medium,1214,no,Airport,Railway Station,21.872945,72.546091,3.5,10042,"Sightseeing, Photography",Local Market,January to March,"Hindi, English",Tourism,Luxury Travelers,YES,Yes,no,N,https://example.com/image.jpg
897,Munnar,Kerala,Munnar,Forest,Popular tourist destination,Winter,Summer,Five Days,High,12000,100,200.0,481,Y,Y,No,N,Yes,no,6,10,8,1,,,6,2,Moderate,24,High,2735,N,Airport,Railway Station,32.525262,71.594856,2.5,29659,"Sightseeing, Photography",Local Market,,"Hindi, English",Tourism,Backpackers,NO,no,Y,Y,https://example.com/image.jpg
898,Amritsar,Punjab,Amritsar,Hill Station,Popular tourist destination,Winter,Summer,5 Days,Luxury,12000,1500,1000.0,1630,No,NO,YES,yes,yes,No,6,7,2,9,7.0,7.0,5,6,Moderate,9,Medium,3457,yes,Airport,Railway Station,30.724945,76.753165,4.6,20465,"Sightseeing, Photography",Local Market,"Nov, Dec","Hindi, English",Tourism,Other,Y,YES,No,Yes,https://example.com/image.jpg
899,Varanasi Ghats,Uttar Pradesh,Varanasi,National Park,Popular tourist destination,Winter,Summer,5 Days,Medium,12000,1500,200.0,375,NO,Y,Y,N,Y,Yes,4,8,2,7,,,1,9,NA,22,High,1687,Yes,Airport,Railway Station,18.062377,72.767191,3.7,9024,"Sightseeing, Photography",Local Market,January to March,"Hindi, English",Tourism,Luxury Travelers,Y,NO,YES,N,https://example.com/image.jpg
900,Amritsar,Punjab,Amritsar,Hill Station,Popular tourist destination,Winter,Summer,Five Days,Medium,999999,100,1000.0,1970,yes,Y,yes,No,N,N,0,4,9,2,2.0,,8,1,Difficult,5,Medium,465,yes,Airport,Railway Station,13.042748,93.402956,,34396,"Sightseeing, Photography",Local Market,,"Hindi, English",Tourism,Friends,no,N,N,NO,https://example.com/image.jpg
901,Mysuru Palace,Karnataka,Mysuru,Pilgrimage,Popular tourist destination,Winter,Summer,Five Days,High,250,3000,500.0,1156,Yes,No,NO,N,YES,N,2,4,7,6,,,1,5,Moderate,38,High,1786,N,Airport,Railway Station,32.310433,91.991736,3.6,2490,"Sightseeing, Photography",Local Market,January to March,"Hindi, English",Tourism,Couple,yes,NO,no,Yes,https://example.com/image.jpg
902,Munnar,Kerala,Munnar,Historical,Popular tourist destination,Winter,Summer,Five Days,Medium,12000,100,,409,No,no,NO,YES,N,NO,2,6,8,5,9.0,,1,7,Difficult,36,High,695,no,Airport,Railway Station,21.853223,72.529357,2.9,42198,"Sightseeing, Photography",Local Market,Winter,"Hindi, English",Tourism,Other,Yes,Yes,NO,Yes,https://example.com/image.jpg
903,Goa Beaches,Goa,Panaji,Palace,Popular tourist destination,Winter,Summer,5,Low,250,30000,500.0,1763,N,Yes,No,No,No,YES,4,3,8,6,,4.0,8,2,Moderate,34,Medium,2142,no,Airport,Railway Station,31.728909,93.332835,3.0,29552,"Sightseeing, Photography",Local Market,,"Hindi, English",Tourism,Couple,Yes,No,no,N,https://example.com/image.jpg
904,Goa Beaches,Goa,Panaji,Historical,Popular tourist destination,Winter,Summer,05 Days,High,250,100,500.0,763,Yes,No,N,YES,no,No,2,7,6,8,,8.0,5,6,Moderate,17,Low,627,yes,Airport,Railway Station,34.903285,96.589045,2.7,38847,"Sightseeing, Photography",Local Market,Apr-Jun,"Hindi, English",Tourism,Luxury Travelers,No,Y,Y,NO,https://example.com/image.jpg
905,Jaipur,Rajasthan,Jaipur,Waterfall,Popular tourist destination,Winter,Summer,5,Medium,5000,30000,200.0,672,YES,No,NO,YES,yes,no,1,7,3,8,3.0,,3,3,NA,10,High,3419,no,Airport,Railway Station,34.283369,72.693692,4.8,24012,"Sightseeing, Photography",Local Market,Apr-Jun,"Hindi, English",Tourism,Solo,NO,N,Y,No,https://example.com/image.jpg
906,Ooty,Tamil Nadu,Ooty,Nature,Popular tourist destination,Winter,Summer,Five Days,Luxury,250,30000,,1772,YES,yes,Y,no,NO,yes,1,4,10,8,,3.0,4,7,Difficult,5,Low,58,YES,Airport,Railway Station,19.899858,74.208542,2.7,25629,"Sightseeing, Photography",Local Market,Apr-Jun,"Hindi, English",Tourism,Friends,No,Y,YES,Y,https://example.com/image.jpg
907,Varanasi Ghats,Uttar Pradesh,Varanasi,Nature,Popular tourist destination,Winter,Summer,Five Days,Medium,12000,30000,1000.0,1003,yes,yes,no,Y,NO,YES,2,1,4,7,4.0,2.0,6,3,NA,28,Low,1502,no,Airport,Railway Station,19.797701,95.86412,4.4,23404,"Sightseeing, Photography",Local Market,Apr-Jun,"Hindi, English",Tourism,Luxury Travelers,YES,Yes,Yes,no,https://example.com/image.jpg
908,Goa Beaches,Goa,Panaji,Nature,Popular tourist destination,Winter,Summer,05 Days,Luxury,12000,30000,,796,Y,yes,No,Yes,Y,NO,1,4,10,5,,6.0,6,8,Moderate,20,Medium,535,YES,Airport,Railway Station,26.391914,79.263341,5.0,8304,"Sightseeing, Photography",Local Market,"Nov, Dec","Hindi, English",Tourism,Luxury Travelers,No,N,no,Yes,https://example.com/image.jpg
909,Munnar,Kerala,Munnar,Beach,Popular tourist destination,Winter,Summer,Five Days,High,999999,1500,1000.0,1294,NO,YES,yes,no,no,N,0,5,7,2,,,4,1,NA,17,Medium,1772,Yes,Airport,Railway Station,21.359831,95.80861,2.5,35994,"Sightseeing, Photography",Local Market,Winter,"Hindi, English",Tourism,Couple,no,No,YES,no,https://example.com/image.jpg
910,Jaipur,Rajasthan,Jaipur,Beach,Popular tourist destination,Winter,Summer,5,Unknown,12000,1500,,732,yes,No,YES,No,N,Y,4,5,9,2,8.0,,8,8,NA,8,Low,1123,NO,,Railway Station,31.638854,76.499629,4.5,46990,"Sightseeing, Photography",Local Market,"Nov, Dec","Hindi, English",Tourism,Friends,Y,N,YES,YES,https://example.com/image.jpg
911,Manali,Himachal Pradesh,Manali,Palace,Popular tourist destination,Winter,Summer,5 Days,Medium,12000,3000,500.0,789,Y,NO,Yes,NO,Y,yes,5,10,1,4,,,8,6,Moderate,21,High,2195,NO,Airport,Railway Station,15.106458,79.322699,4.1,30403,"Sightseeing, Photography",Local Market,Jan-Mar,"Hindi, English",Tourism,Friends,N,Y,NO,no,https://example.com/image.jpg
912,Munnar,Kerala,Munnar,Waterfall,,Winter,Summer,5,Medium,12000,30000,500.0,935,no,no,Yes,NO,Yes,YES,7,6,5,10,6.0,,5,8,NA,17,High,621,NO,Airport,Railway Station,9.652653,77.382308,3.0,36726,"Sightseeing, Photography",Local Market,January to March,"Hindi, English",Tourism,Luxury Travelers,NO,N,yes,No,https://example.com/image.jpg
913,Amritsar,Punjab,Amritsar,Forest,Popular tourist destination,Winter,Summer,5,Low,5000,3000,1000.0,320,NO,no,NO,YES,yes,Yes,4,6,8,8,5.0,,4,3,Difficult,29,Medium,1797,Y,Airport,Railway Station,19.055005,83.622189,2.9,31203,"Sightseeing, Photography",Local Market,,"Hindi, English",Tourism,Backpackers,Y,no,no,YES,https://example.com/image.jpg
914,Munnar,Kerala,Munnar,Desert,Popular tourist destination,Winter,Summer,05 Days,Unknown,12000,3000,1000.0,439,Y,Y,no,no,Y,NO,5,2,9,1,,9.0,8,1,NA,24,Medium,1031,Y,Airport,Railway Station,18.761007,87.512642,3.1,39430,"Sightseeing, Photography",Local Market,January to March,"Hindi, English",Tourism,Other,NO,no,NO,N,https://example.com/image.jpg
915,Amritsar,Punjab,Amritsar,Waterfall,Popular tourist destination,Winter,Summer,05 Days,Low,999999,1500,1000.0,1744,No,no,Yes,NO,N,No,4,5,5,4,6.0,,5,3,NA,16,High,2625,YES,Airport,Railway Station,15.617176,90.7646,4.1,45604,"Sightseeing, Photography",Local Market,January to March,"Hindi, English",Tourism,Other,N,yes,YES,YES,https://example.com/image.jpg
916,Mysuru Palace,Karnataka,Mysuru,Island,Popular tourist destination,Winter,Summer,5 Days,Medium,5000,3000,500.0,1811,NO,No,no,NO,yes,yes,1,4,10,8,2.0,7.0,5,3,NA,23,Medium,345,No,Airport,Railway Station,18.272599,81.1054,3.6,32083,"Sightseeing, Photography",Local Market,Apr-Jun,"Hindi, English",Tourism,Backpackers,No,Yes,NO,N,https://example.com/image.jpg
917,Amritsar,Punjab,Amritsar,Hill Station,Popular tourist destination,Winter,Summer,Five Days,Low,12000,3000,200.0,1038,No,N,N,NO,YES,YES,5,4,2,3,10.0,,3,7,NA,12,Medium,1684,no,Airport,Railway Station,24.283505,83.422468,2.6,31857,"Sightseeing, Photography",Local Market,Winter,"Hindi, English",Tourism,Luxury Travelers,yes,no,YES,YES,https://example.com/image.jpg
918,Ooty,Tamil Nadu,Ooty,Pilgrimage,Popular tourist destination,Winter,Summer,5 Days,High,5000,1500,1000.0,123,No,Yes,YES,Y,YES,Yes,4,4,6,8,7.0,,4,4,Difficult,30,Medium,15,N,Airport,Railway Station,12.396472,90.667211,3.3,40737,"Sightseeing, Photography",Local Market,Apr-Jun,"Hindi, English",Tourism,Luxury Travelers,Y,YES,Y,No,https://example.com/image.jpg
919,Mysuru Palace,Karnataka,Mysuru,Fort,Popular tourist destination,Winter,Summer,05 Days,Luxury,250,3000,1000.0,1685,no,Yes,Y,No,No,no,1,1,1,3,9.0,7.0,2,7,NA,20,Medium,2860,Y,Airport,Railway Station,,74.58702,3.9,18964,"Sightseeing, Photography",Local Market,Apr-Jun,"Hindi, English",Tourism,Other,yes,no,yes,N,https://example.com/image.jpg
920,Goa Beaches,Goa,Panaji,Fort,Popular tourist destination,Winter,Summer,5,Low,5000,3000,1000.0,1209,N,yes,Yes,YES,YES,No,6,2,7,4,2.0,,8,8,Difficult,28,Medium,2260,no,Airport,Railway Station,23.38433,79.005201,4.4,24882,"Sightseeing, Photography",Local Market,January to March,"Hindi, English",Tourism,Backpackers,NO,Y,Yes,Yes,https://example.com/image.jpg
921,Ooty,Tamil Nadu,Ooty,Religious,Popular tourist destination,Winter,Summer,5 Days,Unknown,999999,3000,1000.0,1555,Yes,YES,NO,NO,YES,yes,3,7,4,2,,,8,5,NA,38,High,931,No,Airport,Railway Station,24.024759,91.757644,4.2,31901,"Sightseeing, Photography",Local Market,,"Hindi, English",Tourism,Backpackers,Yes,NO,NO,no,https://example.com/image.jpg
922,Ooty,Tamil Nadu,Ooty,Pilgrimage,Popular tourist destination,Winter,Summer,5 Days,Unknown,12000,3000,,163,Y,Yes,yes,no,YES,YES,2,7,6,1,4.0,,8,4,NA,34,High,817,YES,Airport,Railway Station,12.247398,,4.4,36463,"Sightseeing, Photography",Local Market,"Nov, Dec","Hindi, English",Tourism,Friends,Y,no,Yes,NO,https://example.com/image.jpg
923,Varanasi Ghats,Uttar Pradesh,Varanasi,Palace,Popular tourist destination,Winter,Summer,Five Days,High,999999,1500,,864,NO,NO,Y,YES,No,yes,2,1,9,9,,,9,2,Easy,26,High,3064,N,Airport,Railway Station,10.061811,,3.9,41212,"Sightseeing, Photography",Local Market,"Nov, Dec","Hindi, English",Tourism,Other,no,no,N,NO,https://example.com/image.jpg
924,Manali,Himachal Pradesh,Manali,Lake,Popular tourist destination,Winter,Summer,Five Days,Luxury,250,100,200.0,616,No,YES,Yes,Y,YES,Y,4,3,3,6,,,2,4,Easy,6,High,539,no,Airport,Railway Station,14.33781,89.60784,4.8,4886,"Sightseeing, Photography",Local Market,Jan-Mar,"Hindi, English",Tourism,Luxury Travelers,yes,no,yes,YES,https://example.com/image.jpg
925,Mysuru Palace,Karnataka,Mysuru,Historical,Popular tourist destination,Winter,Summer,05 Days,Luxury,999999,100,1000.0,1914,Yes,N,N,YES,YES,N,3,10,4,2,3.0,,5,8,Moderate,26,High,2678,yes,Airport,Railway Station,29.517212,70.174153,4.3,4058,"Sightseeing, Photography",Local Market,Apr-Jun,"Hindi, English",Tourism,Senior Citizens,No,NO,No,NO,https://example.com/image.jpg
926,Mysuru Palace,Karnataka,Mysuru,Forest,Popular tourist destination,Winter,Summer,Five Days,Unknown,12000,100,,972,NO,Y,no,yes,N,YES,6,9,1,1,,,7,3,Easy,20,Low,1541,no,Airport,Railway Station,32.393865,81.631649,5.0,48584,"Sightseeing, Photography",Local Market,,"Hindi, English",Tourism,Couple,N,no,NO,N,https://example.com/image.jpg
927,Munnar,Kerala,Munnar,National Park,Popular tourist destination,Winter,Summer,5 Days,Luxury,5000,30000,,1167,no,YES,N,N,no,NO,0,2,5,8,10.0,1.0,5,2,Difficult,34,High,321,Yes,Airport,Railway Station,19.157173,75.578255,2.9,11193,"Sightseeing, Photography",Local Market,Apr-Jun,"Hindi, English",Tourism,Family,NO,Yes,No,yes,https://example.com/image.jpg
928,Jaipur,Rajasthan,Jaipur,Island,Popular tourist destination,Winter,Summer,Five Days,Unknown,999999,100,200.0,453,NO,N,Y,Yes,No,NO,7,6,9,10,,4.0,9,10,NA,38,High,1794,YES,Airport,Railway Station,9.150776,91.519475,3.8,37185,"Sightseeing, Photography",Local Market,Apr-Jun,"Hindi, English",Tourism,Couple,no,Y,N,Y,https://example.com/image.jpg
929,Mysuru Palace,Karnataka,Mysuru,National Park,Popular tourist destination,Winter,Summer,5 Days,Luxury,12000,30000,1000.0,1888,NO,NO,Y,YES,yes,no,0,9,2,9,,,10,5,NA,7,Medium,2178,no,Airport,Railway Station,11.184525,94.592392,4.8,22290,"Sightseeing, Photography",Local Market,,"Hindi, English",Tourism,Solo,YES,NO,No,N,https://example.com/image.jpg
930,Amritsar,Punjab,Amritsar,National Park,Popular tourist destination,Winter,Summer,5,Luxury,999999,30000,200.0,234,Yes,N,No,No,NO,yes,0,3,10,3,,7.0,4,6,Moderate,21,Low,613,YES,Airport,Railway Station,33.419203,81.059311,3.1,44044,"Sightseeing, Photography",Local Market,January to March,"Hindi, English",Tourism,Solo,YES,No,no,N,https://example.com/image.jpg
931,Jaipur,Rajasthan,Jaipur,Fort,Popular tourist destination,Winter,Summer,5 Days,Unknown,12000,1500,,1777,Yes,yes,YES,No,Y,NO,1,7,10,6,,,9,6,Easy,32,Medium,901,Yes,Airport,Railway Station,,71.376606,3.4,25401,"Sightseeing, Photography",Local Market,Winter,"Hindi, English",Tourism,Senior Citizens,No,no,no,Yes,https://example.com/image.jpg
932,Munnar,Kerala,Munnar,Palace,Popular tourist destination,Winter,Summer,5 Days,Low,5000,1500,,946,Y,no,NO,No,Y,yes,6,1,10,4,,5.0,9,8,NA,11,Medium,401,YES,Airport,Railway Station,8.876145,91.670242,3.7,33526,"Sightseeing, Photography",Local Market,,"Hindi, English",Tourism,Other,NO,no,N,YES,https://example.com/image.jpg
933,Mysuru Palace,Karnataka,Mysuru,Island,Popular tourist destination,Winter,Summer,Five Days,Medium,250,30000,500.0,239,Yes,YES,No,YES,No,N,6,2,3,2,5.0,,2,4,Easy,20,Low,1920,YES,Airport,Railway Station,15.165229,94.582885,3.8,2575,"Sightseeing, Photography",Local Market,Apr-Jun,"Hindi, English",Tourism,Family,Y,YES,No,yes,https://example.com/image.jpg
934,Ooty,Tamil Nadu,Ooty,Pilgrimage,Popular tourist destination,Winter,Summer,5 Days,Unknown,5000,1500,500.0,1880,N,no,No,Y,no,Yes,0,10,5,4,,,7,2,Difficult,29,Medium,488,Y,Airport,Railway Station,9.045611,85.061923,,2824,"Sightseeing, Photography",Local Market,January to March,"Hindi, English",Tourism,Friends,Y,Yes,Yes,YES,https://example.com/image.jpg
935,Varanasi Ghats,Uttar Pradesh,Varanasi,Religious,Popular tourist destination,Winter,Summer,05 Days,Medium,12000,3000,1000.0,1177,Yes,N,no,YES,YES,Y,0,9,1,5,3.0,7.0,5,8,NA,29,High,1100,yes,,Railway Station,9.116874,85.619148,4.2,37878,"Sightseeing, Photography",Local Market,Winter,"Hindi, English",Tourism,Other,Yes,No,Y,yes,https://example.com/image.jpg
936,Ooty,Tamil Nadu,Ooty,Island,Popular tourist destination,Winter,Summer,Five Days,High,12000,3000,200.0,1136,yes,Yes,Y,YES,Yes,no,7,10,8,10,6.0,7.0,2,6,Moderate,17,Medium,196,YES,Airport,Railway Station,32.56104,91.425502,2.6,21242,"Sightseeing, Photography",Local Market,"Nov, Dec","Hindi, English",Tourism,Senior Citizens,no,Y,Y,NO,https://example.com/image.jpg
937,Jaipur,Rajasthan,Jaipur,Forest,Popular tourist destination,Winter,Summer,5 Days,Medium,5000,100,500.0,746,No,NO,Y,no,YES,N,0,7,3,6,,2.0,8,8,Moderate,36,High,2195,No,Airport,Railway Station,12.377248,68.271802,4.7,23070,"Sightseeing, Photography",Local Market,Jan-Mar,"Hindi, English",Tourism,Senior Citizens,N,NO,NO,yes,https://example.com/image.jpg
938,Amritsar,Punjab,Amritsar,Forest,Popular tourist destination,Winter,Summer,5,Unknown,250,30000,,1330,No,No,no,yes,No,yes,6,7,6,9,,,6,7,Easy,16,Low,1887,YES,Airport,Railway Station,31.466396,71.732828,4.9,2522,"Sightseeing, Photography",Local Market,Winter,"Hindi, English",Tourism,Luxury Travelers,YES,Yes,No,yes,https://example.com/image.jpg
939,Amritsar,Punjab,Amritsar,Beach,,Winter,Summer,5,High,250,100,200.0,567,Yes,NO,no,No,NO,No,0,4,2,2,4.0,,1,6,Difficult,28,High,2438,YES,Airport,Railway Station,12.961382,75.137556,4.3,18825,"Sightseeing, Photography",Local Market,January to March,"Hindi, English",Tourism,Friends,no,yes,Yes,yes,https://example.com/image.jpg
940,Munnar,Kerala,Munnar,Forest,Popular tourist destination,Winter,Summer,5,Medium,12000,100,,928,Yes,Y,YES,no,Yes,Y,2,2,4,4,10.0,6.0,1,10,Difficult,33,Medium,472,NO,,Railway Station,10.909594,85.179649,3.8,32236,"Sightseeing, Photography",Local Market,Apr-Jun,"Hindi, English",Tourism,Family,yes,Yes,no,no,https://example.com/image.jpg
941,Ooty,Tamil Nadu,Ooty,Forest,Popular tourist destination,Winter,Summer,Five Days,Low,12000,3000,200.0,1863,Yes,No,No,no,Yes,YES,5,3,6,9,,4.0,5,2,Difficult,22,High,1081,NO,Airport,Railway Station,16.767522,82.916923,,4722,"Sightseeing, Photography",Local Market,Apr-Jun,"Hindi, English",Tourism,Other,NO,N,N,Y,https://example.com/image.jpg
942,Ooty,Tamil Nadu,Ooty,Palace,Popular tourist destination,Winter,Summer,5,Unknown,5000,1500,1000.0,557,No,Yes,YES,YES,NO,YES,7,1,5,2,2.0,6.0,4,1,NA,20,Medium,45,yes,Airport,Railway Station,11.787064,83.34715,3.3,34769,"Sightseeing, Photography",Local Market,January to March,"Hindi, English",Tourism,Family,yes,no,Yes,No,https://example.com/image.jpg
943,Manali,Himachal Pradesh,Manali,National Park,Popular tourist destination,Winter,Summer,5,Unknown,5000,1500,1000.0,841,No,N,yes,Yes,Yes,N,5,3,10,9,3.0,,8,7,Easy,17,High,2049,Yes,Airport,Railway Station,23.354148,74.140182,3.4,28828,"Sightseeing, Photography",Local Market,"Nov, Dec","Hindi, English",Tourism,Solo,Y,Yes,YES,yes,https://example.com/image.jpg
944,Jaipur,Rajasthan,Jaipur,Beach,Popular tourist destination,Winter,Summer,Five Days,Medium,5000,3000,500.0,761,No,YES,no,Yes,N,No,5,6,9,3,,,1,5,Difficult,34,High,2403,N,Airport,Railway Station,30.67572,75.749725,5.8,42580,"Sightseeing, Photography",Local Market,Winter,"Hindi, English",Tourism,Solo,yes,YES,YES,YES,https://example.com/image.jpg
945,Manali,Himachal Pradesh,Manali,Nature,Popular tourist destination,Winter,Summer,05 Days,Unknown,5000,30000,200.0,353,N,No,no,yes,Yes,Yes,0,2,4,1,,1.0,9,3,Difficult,38,High,2741,N,Airport,Railway Station,19.751047,79.862975,4.8,25846,"Sightseeing, Photography",Local Market,January to March,"Hindi, English",Tourism,Friends,Y,N,NO,Yes,https://example.com/image.jpg
946,Varanasi Ghats,uttar pradesh,Varanasi,Lake,Popular tourist destination,Winter,Summer,05 Days,Unknown,5000,1500,1000.0,608,No,no,Yes,Y,yes,No,7,6,2,9,1.0,5.0,9,4,Easy,20,Medium,1206,yes,Airport,Railway Station,8.915095,80.82872,3.3,39441,"Sightseeing, Photography",Local Market,Apr-Jun,"Hindi, English",Tourism,Senior Citizens,NO,no,yes,YES,https://example.com/image.jpg
947,Goa Beaches,Goa,Panaji,Forest,Popular tourist destination,Winter,Summer,Five Days,Low,12000,3000,200.0,1155,N,YES,N,yes,No,Yes,1,1,5,10,1.0,2.0,6,7,Difficult,16,High,2138,N,Airport,Railway Station,32.965672,88.658013,2.6,26536,"Sightseeing, Photography",Local Market,Jan-Mar,"Hindi, English",Tourism,Luxury Travelers,YES,No,N,Yes,https://example.com/image.jpg
948,Munnar,Kerala,Munnar,Adventure,Popular tourist destination,Winter,Summer,Five Days,High,5000,1500,500.0,743,yes,N,No,YES,N,yes,5,1,5,1,4.0,7.0,1,6,NA,15,Low,1939,Yes,Airport,Railway Station,20.918431,74.497592,2.9,39032,"Sightseeing, Photography",Local Market,"Nov, Dec","Hindi, English",Tourism,Solo,Y,no,Y,yes,https://example.com/image.jpg
949,Goa Beaches,Goa,Panaji,Nature,Popular tourist destination,Winter,Summer,Five Days,Unknown,250,3000,500.0,1046,Yes,Yes,no,No,Y,No,6,1,5,9,,9.0,6,3,Difficult,16,Medium,2432,Yes,Airport,Railway Station,22.513906,72.75964,3.3,12181,"Sightseeing, Photography",Local Market,,"Hindi, English",Tourism,Family,No,NO,N,No,https://example.com/image.jpg
950,Munnar,Kerala,Munnar,Adventure,Popular tourist destination,Winter,Summer,5 Days,Luxury,5000,100,500.0,773,Y,YES,NO,Y,Y,NO,7,4,2,1,9.0,10.0,1,9,Easy,20,Low,2147,no,Airport,Railway Station,,87.043694,3.1,23456,"Sightseeing, Photography",Local Market,January to March,"Hindi, English",Tourism,Luxury Travelers,NO,NO,Yes,No,https://example.com/image.jpg
951,Mysuru Palace,Karnataka,Mysuru,Island,Popular tourist destination,Winter,Summer,Five Days,High,999999,30000,,376,no,N,N,Y,yes,NO,7,1,8,2,10.0,9.0,3,3,Difficult,37,Medium,2967,Yes,Airport,Railway Station,13.780612,79.185062,4.4,10076,"Sightseeing, Photography",Local Market,Jan-Mar,"Hindi, English",Tourism,Solo,Yes,Y,NO,yes,https://example.com/image.jpg
952,Munnar,Kerala,Munnar,Fort,Popular tourist destination,Winter,Summer,5 Days,Low,250,1500,500.0,1121,N,no,No,No,YES,YES,3,9,4,6,,5.0,2,4,NA,5,Medium,2375,Y,Airport,Railway Station,10.953252,70.302486,,36937,"Sightseeing, Photography",Local Market,Winter,"Hindi, English",Tourism,Couple,yes,Yes,yes,N,https://example.com/image.jpg
953,Goa Beaches,Goa,Panaji,Wildlife,Popular tourist destination,Winter,Summer,Five Days,Unknown,5000,1500,,247,yes,Y,Yes,N,YES,Y,7,7,6,7,,4.0,4,8,NA,34,High,2440,NO,Airport,Railway Station,19.21378,69.033786,4.4,47783,"Sightseeing, Photography",Local Market,Apr-Jun,"Hindi, English",Tourism,Senior Citizens,NO,N,yes,no,https://example.com/image.jpg
954,Jaipur,Rajasthan,Jaipur,Desert,Popular tourist destination,Winter,Summer,Five Days,Unknown,12000,100,500.0,572,No,No,Yes,N,no,no,7,6,7,4,,7.0,9,3,Difficult,19,Low,119,yes,Airport,Railway Station,22.026918,81.890512,4.0,15806,"Sightseeing, Photography",Local Market,"Nov, Dec","Hindi, English",Tourism,Couple,YES,yes,YES,N,https://example.com/image.jpg
955,Amritsar,Punjab,Amritsar,Lake,Popular tourist destination,Winter,Summer,5,Luxury,250,30000,200.0,1403,yes,N,NO,yes,NO,N,1,6,2,4,,5.0,8,1,Difficult,37,Low,1094,No,Airport,Railway Station,29.156508,91.046903,5.0,19298,"Sightseeing, Photography",Local Market,,"Hindi, English",Tourism,Friends,NO,N,no,NO,https://example.com/image.jpg
956,Varanasi Ghats,Uttar Pradesh,Varanasi,Pilgrimage,Popular tourist destination,Winter,Summer,5,High,12000,3000,,1159,yes,yes,N,No,No,N,7,9,10,5,,2.0,4,8,Easy,25,High,3305,YES,Airport,Railway Station,32.027396,70.057466,2.6,28739,"Sightseeing, Photography",Local Market,,"Hindi, English",Tourism,Couple,Y,NO,Yes,N,https://example.com/image.jpg
957,Mysuru Palace,Karnataka,Mysuru,Pilgrimage,Popular tourist destination,Winter,Summer,Five Days,Luxury,5000,100,,778,No,No,N,yes,yes,no,1,3,7,10,10.0,1.0,2,1,NA,24,High,1885,NO,Airport,Railway Station,32.756048,,4.5,17127,"Sightseeing, Photography",Local Market,January to March,"Hindi, English",Tourism,Senior Citizens,Y,Y,no,no,https://example.com/image.jpg
958,Amritsar,Punjab,Amritsar,Beach,Popular tourist destination,Winter,Summer,Five Days,Unknown,250,30000,500.0,1680,no,no,Y,Yes,NO,NO,6,4,7,10,,3.0,5,6,Difficult,17,Low,2285,no,Airport,Railway Station,27.767777,95.709171,2.5,9496,"Sightseeing, Photography",Local Market,Apr-Jun,"Hindi, English",Tourism,Family,no,No,YES,N,https://example.com/image.jpg
959,Munnar,Kerala,Munnar,Island,Popular tourist destination,Winter,Summer,05 Days,Low,999999,3000,200.0,1319,No,N,Yes,No,NO,Yes,5,7,9,8,,8.0,1,2,Difficult,13,Low,13,NO,Airport,Railway Station,30.746982,71.274085,,7414,"Sightseeing, Photography",Local Market,January to March,"Hindi, English",Tourism,Other,no,N,Yes,yes,https://example.com/image.jpg
960,Mysuru Palace,Karnataka,Mysuru,Adventure,Popular tourist destination,Winter,Summer,Five Days,High,5000,30000,500.0,1086,No,Yes,YES,YES,No,yes,4,4,9,10,,,3,6,NA,14,High,268,NO,Airport,Railway Station,15.365885,86.714695,3.6,33613,"Sightseeing, Photography",Local Market,Jan-Mar,"Hindi, English",Tourism,Couple,NO,yes,Yes,NO,https://example.com/image.jpg
961,Ooty,Tamil Nadu,Ooty,Hill Station,Popular tourist destination,Winter,Summer,5,Low,12000,1500,,1894,NO,Y,YES,N,N,No,7,1,7,10,,,1,7,Difficult,21,Medium,2472,N,Airport,Railway Station,31.19199,76.050269,3.0,19050,"Sightseeing, Photography",Local Market,,"Hindi, English",Tourism,Other,no,N,YES,YES,https://example.com/image.jpg
962,Varanasi Ghats,Uttar Pradesh,Varanasi,Lake,,Winter,Summer,5 Days,High,12000,3000,200.0,1325,yes,yes,Y,No,YES,yes,1,2,8,8,3.0,3.0,4,9,Moderate,6,Medium,1837,N,Airport,Railway Station,,95.67323,3.8,20822,"Sightseeing, Photography",Local Market,Jan-Mar,"Hindi, English",Tourism,Friends,no,Yes,YES,Yes,https://example.com/image.jpg
963,Mysuru Palace,Karnataka,Mysuru,Nature,,Winter,Summer,5 Days,Luxury,5000,3000,500.0,304,no,no,yes,Y,Yes,Y,7,7,7,8,,3.0,3,2,Difficult,29,High,2159,Yes,Airport,Railway Station,20.818219,75.007733,,40026,"Sightseeing, Photography",Local Market,Jan-Mar,"Hindi, English",Tourism,Other,Y,No,N,yes,https://example.com/image.jpg
964,Manali,Himachal Pradesh,Manali,Beach,Popular tourist destination,Winter,Summer,5,Unknown,999999,1500,500.0,580,NO,no,Y,no,yes,Yes,5,8,5,2,9.0,,8,9,Difficult,15,Medium,1091,Y,Airport,Railway Station,17.978564,92.914185,2.7,39949,"Sightseeing, Photography",Local Market,"Nov, Dec","Hindi, English",Tourism,Solo,No,NO,NO,YES,https://example.com/image.jpg
965,Jaipur,Rajasthan,Jaipur,Desert,Popular tourist destination,Winter,Summer,5 Days,Low,5000,3000,1000.0,1838,N,Y,yes,No,no,YES,5,6,6,5,,,4,10,Difficult,21,High,3108,N,,Railway Station,25.795214,81.171276,2.8,1647,"Sightseeing, Photography",Local Market,Apr-Jun,"Hindi, English",Tourism,Senior Citizens,no,no,YES,NO,https://example.com/image.jpg
966,Manali, Himachal Pradesh ,Manali,Island,Popular tourist destination,Winter,Summer,05 Days,High,5000,100,500.0,246,Y,N,N,no,yes,No,6,1,7,4,,,1,7,Easy,38,Low,1915,N,Airport,Railway Station,29.358539,95.27807,3.0,6255,"Sightseeing, Photography",Local Market,Jan-Mar,"Hindi, English",Tourism,Family,NO,yes,Y,yes,https://example.com/image.jpg
967,Mysuru Palace,Karnataka,Mysuru,Waterfall,Popular tourist destination,Winter,Summer,5 Days,High,5000,100,,147,Yes,NO,Y,no,Yes,YES,5,8,3,6,,,1,9,Easy,9,High,2398,YES,,Railway Station,20.207668,95.627847,4.4,25731,"Sightseeing, Photography",Local Market,Apr-Jun,"Hindi, English",Tourism,Backpackers,N,NO,Y,NO,https://example.com/image.jpg
968,Manali,Himachal Pradesh,Manali,Lake,Popular tourist destination,Winter,Summer,5,Low,250,100,200.0,1813,Y,Yes,Y,No,N,YES,2,7,1,5,2.0,9.0,7,8,Easy,31,High,2982,Y,Airport,Railway Station,,78.285057,4.2,35266,"Sightseeing, Photography",Local Market,Apr-Jun,"Hindi, English",Tourism,Family,YES,Yes,yes,no,https://example.com/image.jpg
969,Varanasi Ghats,Uttar Pradesh,Varanasi,Hill Station,Popular tourist destination,Winter,Summer,Five Days,High,250,3000,500.0,652,NO,yes,YES,Yes,yes,No,3,3,8,10,,,2,6,Moderate,38,Low,2445,yes,Airport,Railway Station,26.488377,80.601814,,39981,"Sightseeing, Photography",Local Market,January to March,"Hindi, English",Tourism,Family,yes,NO,yes,YES,https://example.com/image.jpg
970,Varanasi Ghats,Uttar Pradesh,Varanasi,Religious,Popular tourist destination,Winter,Summer,05 Days,Low,999999,3000,500.0,230,yes,no,Y,yes,Y,Y,3,2,10,6,,,7,6,NA,38,Low,132,Yes,Airport,Railway Station,20.093763,83.432758,5.8,44641,"Sightseeing, Photography",Local Market,Winter,"Hindi, English",Tourism,Friends,yes,Yes,YES,Yes,https://example.com/image.jpg
379,Ooty,Tamil Nadu,Ooty,Wildlife,Popular tourist destination,Winter,Summer,Five Days,Medium,250,100,200.0,745,No,NO,YES,yes,N,YES,0,2,10,2,,,6,3,Difficult,15,High,1779,no,Airport,Railway Station,11.387436,,3.0,49747,"Sightseeing, Photography",Local Market,Apr-Jun,"Hindi, English",Tourism,Backpackers,yes,Yes,no,N,https://example.com/image.jpg
422,Munnar,Kerala,Munnar,Beach,Popular tourist destination,Winter,Summer,Five Days,High,250,30000,500.0,946,no,Yes,No,Y,Yes,YES,3,7,10,3,7.0,,1,10,Difficult,12,Low,2871,NO,Airport,Railway Station,33.21294,80.403864,4.0,17048,"Sightseeing, Photography",Local Market,"Nov, Dec","Hindi, English",Tourism,Friends,yes,No,N,NO,https://example.com/image.jpg
405,Munnar, Kerala ,Munnar,Pilgrimage,Popular tourist destination,Winter,Summer,5,Low,12000,30000,,1697,N,No,NO,yes,No,N,5,9,5,10,,4.0,5,4,Easy,9,High,1387,NO,Airport,Railway Station,9.456888,93.762242,2.9,25730,"Sightseeing, Photography",Local Market,Apr-Jun,"Hindi, English",Tourism,Family,Y,Yes,YES,N,https://example.com/image.jpg
689,Ooty,Tamil Nadu,Ooty,Historical,Popular tourist destination,Winter,Summer,Five Days,Low,999999,100,,426,No,No,YES,yes,Yes,NO,2,6,5,6,,,6,5,Difficult,34,High,497,YES,Airport,Railway Station,21.818195,75.126047,4.4,11145,"Sightseeing, Photography",Local Market,January to March,"Hindi, English",Tourism,Friends,yes,Yes,NO,No,https://example.com/image.jpg
271,Jaipur,rajasthan,Jaipur,Nature,Popular tourist destination,Winter,Summer,5,Low,12000,30000,200.0,526,N,no,Y,YES,Yes,No,3,3,3,7,4.0,6.0,5,1,Easy,35,Medium,2458,NO,Airport,Railway Station,28.696231,76.810499,4.3,20359,"Sightseeing, Photography",Local Market,Jan-Mar,"Hindi, English",Tourism,Backpackers,no,NO,NO,N,https://example.com/image.jpg
500,Jaipur,Rajasthan,Jaipur,Religious,Popular tourist destination,Winter,Summer,Five Days,Low,999999,100,1000.0,557,no,No,NO,NO,No,NO,5,9,2,2,,4.0,5,2,Easy,5,Low,921,YES,Airport,Railway Station,25.901894,91.737435,4.3,10755,"Sightseeing, Photography",Local Market,"Nov, Dec","Hindi, English",Tourism,Friends,N,N,No,yes,https://example.com/image.jpg
714,Jaipur,Rajasthan,Jaipur,Religious,Popular tourist destination,Winter,Summer,5,Low,250,30000,,316,No,NO,yes,NO,no,YES,2,8,5,6,,,5,2,Easy,15,Low,1899,YES,Airport,Railway Station,19.518211,73.911861,2.8,32417,"Sightseeing, Photography",Local Market,"Nov, Dec","Hindi, English",Tourism,Friends,No,no,YES,yes,https://example.com/image.jpg
671,Mysuru Palace,Karnataka,Mysuru,Waterfall,Popular tourist destination,Winter,Summer,5 Days,Low,250,30000,500.0,1104,yes,no,No,NO,NO,No,3,3,2,2,,9.0,9,2,NA,17,Low,3112,Y,Airport,Railway Station,17.948055,88.293341,4.8,47453,"Sightseeing, Photography",Local Market,,"Hindi, English",Tourism,Other,YES,Yes,Yes,no,https://example.com/image.jpg
242,Mysuru Palace,Karnataka,Mysuru,Adventure,Popular tourist destination,Winter,Summer,5,Unknown,12000,1500,,1406,NO,YES,N,no,YES,no,5,2,5,2,,,8,3,Difficult,12,Low,553,N,Airport,Railway Station,14.664885,92.58032,3.1,9876,"Sightseeing, Photography",Local Market,,"Hindi, English",Tourism,Solo,Y,no,N,Yes,https://example.com/image.jpg
218,Ooty,Tamil Nadu,Ooty,Waterfall,Popular tourist destination,Winter,Summer,5 Days,High,250,100,,506,no,N,N,YES,NO,Yes,2,10,3,4,,9.0,7,4,NA,5,Medium,2168,No,,Railway Station,32.72133,80.765911,4.9,41835,"Sightseeing, Photography",Local Market,Winter,"Hindi, English",Tourism,Family,no,yes,N,Yes,https://example.com/image.jpg
411,Mysuru Palace,Karnataka,Mysuru,Religious,Popular tourist destination,Winter,Summer,5 Days,Low,5000,1500,1000.0,1989,Yes,N,YES,no,N,Y,6,5,5,7,9.0,,5,3,NA,21,Medium,2189,No,Airport,Railway Station,17.215134,90.462593,2.7,45855,"Sightseeing, Photography",Local Market,,"Hindi, English",Tourism,Friends,N,Y,Y,no,https://example.com/image.jpg
464,Mysuru Palace,Karnataka,Mysuru,Desert,Popular tourist destination,Winter,Summer,5 Days,Low,12000,30000,,903,No,no,no,Yes,yes,No,0,1,10,4,,3.0,5,2,Difficult,30,High,2144,NO,Airport,Railway Station,33.166405,77.696369,3.1,39354,"Sightseeing, Photography",Local Market,Jan-Mar,"Hindi, English",Tourism,Other,YES,No,YES,No,https://example.com/image.jpg
732,Mysuru Palace,Karnataka,Mysuru,Lake,Popular tourist destination,Winter,Summer,05 Days,Low,999999,30000,,208,No,N,NO,yes,No,no,3,3,1,1,7.0,,9,8,Easy,34,High,2314,No,Airport,Railway Station,12.497551,88.760225,2.7,31826,"Sightseeing, Photography",Local Market,Jan-Mar,"Hindi, English",Tourism,Couple,No,Y,YES,YES,https://example.com/image.jpg
901,Mysuru Palace,Karnataka,Mysuru,Pilgrimage,Popular tourist destination,Winter,Summer,Five Days,High,250,3000,500.0,1156,Yes,No,NO,N,YES,N,2,4,7,6,,,1,5,Moderate,38,High,1786,N,Airport,Railway Station,32.310433,91.991736,3.6,2490,"Sightseeing, Photography",Local Market,January to March,"Hindi, English",Tourism,Couple,yes,NO,no,Yes,https://example.com/image.jpg
860,Mysuru Palace,Karnataka,Mysuru,Lake,Popular tourist destination,Winter,Summer,5,High,250,3000,200.0,1991,N,no,YES,N,Y,NO,5,9,9,8,,,1,7,Easy,7,High,2524,N,Airport,Railway Station,18.108523,90.295917,4.2,32957,"Sightseeing, Photography",Local Market,Apr-Jun,"Hindi, English",Tourism,Family,N,YES,yes,Y,https://example.com/image.jpg
873,Mysuru Palace,Karnataka,Mysuru,Hill Station,Popular tourist destination,Winter,Summer,5,Unknown,250,100,200.0,780,YES,yes,NO,N,yes,no,5,7,6,10,2.0,10.0,2,5,Moderate,20,Medium,1735,yes,Airport,Railway Station,20.136992,69.488992,,15339,"Sightseeing, Photography",Local Market,Winter,"Hindi, English",Tourism,Senior Citizens,YES,yes,Yes,Y,https://example.com/image.jpg
393,Jaipur,Rajasthan,Jaipur,Adventure,Popular tourist destination,Winter,Summer,05 Days,Luxury,250,100,,698,no,YES,No,N,No,No,2,3,2,8,3.0,10.0,4,9,Difficult,13,High,1563,YES,Airport,Railway Station,20.22729,94.306961,,45858,"Sightseeing, Photography",Local Market,Apr-Jun,"Hindi, English",Tourism,Other,no,N,NO,No,https://example.com/image.jpg
447,Amritsar,Punjab,Amritsar,Waterfall,,Winter,Summer,5 Days,High,5000,3000,200.0,1050,NO,No,no,yes,no,NO,1,10,9,8,10.0,9.0,10,3,Difficult,27,Low,1701,yes,Airport,Railway Station,18.041408,84.455358,3.1,42670,"Sightseeing, Photography",Local Market,January to March,"Hindi, English",Tourism,Family,Yes,NO,NO,YES,https://example.com/image.jpg
417,Amritsar,Punjab,Amritsar,Fort,Popular tourist destination,Winter,Summer,5 Days,High,5000,30000,200.0,1161,No,N,no,Yes,YES,Yes,2,4,8,9,,,6,4,NA,36,Medium,1063,Yes,Airport,Railway Station,20.069119,,4.6,4029,"Sightseeing, Photography",Local Market,January to March,"Hindi, English",Tourism,Family,N,YES,No,N,https://example.com/image.jpg
681,Mysuru Palace,Karnataka,Mysuru,Island,Popular tourist destination,Winter,Summer,Five Days,Low,5000,100,200.0,1442,no,YES,Y,Y,N,yes,7,2,9,3,2.0,,2,6,NA,28,Medium,3204,No,Airport,Railway Station,10.456318,72.431105,2.5,43021,"Sightseeing, Photography",Local Market,Winter,"Hindi, English",Tourism,Senior Citizens,YES,YES,Yes,YES,https://example.com/image.jpg
363,Varanasi Ghats,Uttar Pradesh,Varanasi,Fort,Popular tourist destination,Winter,Summer,05 Days,Low,250,1500,200.0,830,no,Yes,N,N,no,Y,2,7,2,1,3.0,,6,5,Easy,38,Low,137,NO,Airport,Railway Station,29.551483,75.899126,3.9,37969,"Sightseeing, Photography",Local Market,Jan-Mar,"Hindi, English",Tourism,Family,No,YES,yes,yes,https://example.com/image.jpg
902,Munnar,Kerala,Munnar,Historical,Popular tourist destination,Winter,Summer,Five Days,Medium,12000,100,,409,No,no,NO,YES,N,NO,2,6,8,5,9.0,,1,7,Difficult,36,High,695,no,Airport,Railway Station,21.853223,72.529357,2.9,42198,"Sightseeing, Photography",Local Market,Winter,"Hindi, English",Tourism,Other,Yes,Yes,NO,Yes,https://example.com/image.jpg
580,Munnar,Kerala,Munnar,Historical,Popular tourist destination,Winter,Summer,5 Days,Medium,5000,3000,1000.0,379,yes,Y,YES,NO,No,Yes,5,10,6,10,5.0,3.0,3,6,Moderate,27,High,3014,Yes,Airport,Railway Station,10.883252,78.805638,4.6,40613,"Sightseeing, Photography",Local Market,January to March,"Hindi, English",Tourism,Senior Citizens,yes,N,yes,NO,https://example.com/image.jpg
867,Manali,Himachal Pradesh,Manali,Adventure,Popular tourist destination,Winter,Summer,5,Luxury,999999,1500,500.0,988,No,yes,No,Yes,YES,Yes,3,2,8,7,9.0,4.0,5,9,NA,29,Medium,1441,yes,Airport,Railway Station,25.886851,75.243034,3.9,47185,"Sightseeing, Photography",Local Market,January to March,"Hindi, English",Tourism,Friends,Yes,N,YES,no,https://example.com/image.jpg
431,Amritsar,Punjab,Amritsar,Beach,Popular tourist destination,Winter,Summer,05 Days,Luxury,250,3000,,959,yes,Y,Y,YES,Y,N,1,5,4,6,,,2,3,Easy,34,Low,745,yes,Airport,Railway Station,20.139938,78.471563,4.7,35758,"Sightseeing, Photography",Local Market,January to March,"Hindi, English",Tourism,Luxury Travelers,YES,YES,Yes,YES,https://example.com/image.jpg
516,Jaipur,Rajasthan,Jaipur,Adventure,Popular tourist destination,Winter,Summer,05 Days,Medium,12000,30000,200.0,568,N,Y,NO,Y,Y,No,7,10,10,6,1.0,,6,9,Difficult,10,Low,2293,no,Airport,Railway Station,13.222466,70.527385,4.4,23447,"Sightseeing, Photography",Local Market,"Nov, Dec","Hindi, English",Tourism,Backpackers,Y,YES,N,No,https://example.com/image.jpg
621,Varanasi Ghats,Uttar Pradesh,Varanasi,Lake,Popular tourist destination,Winter,Summer,Five Days,Luxury,5000,100,,149,Yes,Yes,No,YES,NO,No,3,3,8,5,,,5,10,Difficult,35,High,274,Yes,Airport,Railway Station,33.098567,78.644176,2.7,26033,"Sightseeing, Photography",Local Market,January to March,"Hindi, English",Tourism,Friends,NO,Yes,no,No,https://example.com/image.jpg
447,Amritsar,Punjab,Amritsar,Waterfall,,Winter,Summer,5 Days,High,5000,3000,200.0,1050,NO,No,no,yes,no,NO,1,10,9,8,10.0,9.0,10,3,Difficult,27,Low,1701,yes,Airport,Railway Station,18.041408,84.455358,3.1,42670,"Sightseeing, Photography",Local Market,January to March,"Hindi, English",Tourism,Family,Yes,NO,NO,YES,https://example.com/image.jpg
824,Jaipur, Rajasthan ,Jaipur,Hill Station,Popular tourist destination,Winter,Summer,05 Days,Unknown,5000,30000,200.0,1790,YES,NO,Yes,N,Yes,No,3,2,8,5,9.0,9.0,10,7,Easy,28,Low,3316,NO,,Railway Station,14.484771,76.509561,2.8,44386,"Sightseeing, Photography",Local Market,,"Hindi, English",Tourism,Luxury Travelers,NO,YES,N,Y,https://example.com/image.jpg
440,Amritsar,Punjab,Amritsar,National Park,Popular tourist destination,Winter,Summer,5 Days,Luxury,250,100,500.0,102,N,yes,No,N,Y,N,1,6,5,1,,4.0,1,1,Moderate,37,Low,2469,no,Airport,Railway Station,13.341896,86.478954,3.1,21513,"Sightseeing, Photography",Local Market,,"Hindi, English",Tourism,Luxury Travelers,no,yes,NO,Y,https://example.com/image.jpg
